"","long","lat","group","order","region","subregion"
"1",-109.04532623291,35.9989395141602,68,3160,"arizona","apache"
"2",-109.051063537598,34.9504280090332,68,3161,"arizona","apache"
"3",-109.051063537598,34.5722732543945,68,3162,"arizona","apache"
"4",-109.056785583496,33.7758636474609,68,3163,"arizona","apache"
"5",-109.165649414062,33.7758636474609,68,3164,"arizona","apache"
"6",-109.291702270508,33.7758636474609,68,3165,"arizona","apache"
"7",-109.326080322266,33.7815933227539,68,3166,"arizona","apache"
"8",-109.348991394043,33.770133972168,68,3167,"arizona","apache"
"9",-109.360450744629,33.7529449462891,68,3168,"arizona","apache"
"10",-109.360450744629,33.7300262451172,68,3169,"arizona","apache"
"11",-109.406288146973,33.7185668945312,68,3170,"arizona","apache"
"12",-109.446395874023,33.7128372192383,68,3171,"arizona","apache"
"13",-109.480773925781,33.6784591674805,68,3172,"arizona","apache"
"14",-109.480773925781,33.6555404663086,68,3173,"arizona","apache"
"15",-109.503700256348,33.6498107910156,68,3174,"arizona","apache"
"16",-109.520881652832,33.6440811157227,68,3175,"arizona","apache"
"17",-109.526611328125,33.6326217651367,68,3176,"arizona","apache"
"18",-109.566719055176,33.6268920898438,68,3177,"arizona","apache"
"19",-109.658393859863,33.5982437133789,68,3178,"arizona","apache"
"20",-109.681304931641,33.5524101257324,68,3179,"arizona","apache"
"21",-109.727142333984,33.5352210998535,68,3180,"arizona","apache"
"22",-109.732879638672,33.5065727233887,68,3181,"arizona","apache"
"23",-109.761520385742,33.4893836975098,68,3182,"arizona","apache"
"24",-109.795906066895,33.4893836975098,68,3183,"arizona","apache"
"25",-109.807357788086,33.5008430480957,68,3184,"arizona","apache"
"26",-109.836013793945,33.5008430480957,68,3185,"arizona","apache"
"27",-109.85319519043,33.5409469604492,68,3186,"arizona","apache"
"28",-109.887573242188,33.5524101257324,68,3187,"arizona","apache"
"29",-109.881843566895,33.7071075439453,68,3188,"arizona","apache"
"30",-109.858924865723,33.7128372192383,68,3189,"arizona","apache"
"31",-109.858924865723,34.1310958862305,68,3190,"arizona","apache"
"32",-109.847465515137,34.1368255615234,68,3191,"arizona","apache"
"33",-109.847465515137,34.3144416809082,68,3192,"arizona","apache"
"34",-109.847465515137,34.6467590332031,68,3193,"arizona","apache"
"35",-109.847465515137,35.1395034790039,68,3194,"arizona","apache"
"36",-109.847465515137,35.5176544189453,68,3195,"arizona","apache"
"37",-109.824554443359,35.5233840942383,68,3196,"arizona","apache"
"38",-109.830284118652,35.6437034606934,68,3197,"arizona","apache"
"39",-110.002166748047,35.6494331359863,68,3198,"arizona","apache"
"40",-110.00789642334,36.2911491394043,68,3199,"arizona","apache"
"41",-110.00789642334,36.8125381469727,68,3200,"arizona","apache"
"42",-110.00789642334,37.0016136169434,68,3201,"arizona","apache"
"43",-109.933410644531,36.9958839416504,68,3202,"arizona","apache"
"44",-109.715682983398,36.9958839416504,68,3203,"arizona","apache"
"45",-109.41202545166,36.9958839416504,68,3204,"arizona","apache"
"46",-109.148460388184,36.9958839416504,68,3205,"arizona","apache"
"47",-109.039596557617,36.9958839416504,68,3206,"arizona","apache"
"48",-109.04532623291,35.9989395141602,68,3207,"arizona","apache"
"49",-110.466262817383,31.7418632507324,69,3209,"arizona","cochise"
"50",-110.466262817383,32.4236831665039,69,3210,"arizona","cochise"
"51",-109.188568115234,32.4236831665039,69,3211,"arizona","cochise"
"52",-109.056785583496,32.4236831665039,69,3212,"arizona","cochise"
"53",-109.056785583496,31.3522510528564,69,3213,"arizona","cochise"
"54",-109.234405517578,31.3522510528564,69,3214,"arizona","cochise"
"55",-109.624015808105,31.3465213775635,69,3215,"arizona","cochise"
"56",-109.996437072754,31.3522510528564,69,3216,"arizona","cochise"
"57",-110.351669311523,31.3522510528564,69,3217,"arizona","cochise"
"58",-110.477722167969,31.3522510528564,69,3218,"arizona","cochise"
"59",-110.477722167969,31.4611110687256,69,3219,"arizona","cochise"
"60",-110.477722167969,31.6559181213379,69,3220,"arizona","cochise"
"61",-110.466262817383,31.6559181213379,69,3221,"arizona","cochise"
"62",-110.466262817383,31.7418632507324,69,3222,"arizona","cochise"
"63",-111.319969177246,37.0016136169434,70,3224,"arizona","coconino"
"64",-111.25121307373,36.9958839416504,70,3225,"arizona","coconino"
"65",-111.125160217285,36.9958839416504,70,3226,"arizona","coconino"
"66",-110.844413757324,37.0016136169434,70,3227,"arizona","coconino"
"67",-110.75846862793,36.9958839416504,70,3228,"arizona","coconino"
"68",-110.75846862793,36.8068084716797,70,3229,"arizona","coconino"
"69",-110.752738952637,36.4057388305664,70,3230,"arizona","coconino"
"70",-110.752738952637,35.8671569824219,70,3231,"arizona","coconino"
"71",-110.752738952637,35.3343086242676,70,3232,"arizona","coconino"
"72",-110.752738952637,34.8472938537598,70,3233,"arizona","coconino"
"73",-110.752738952637,34.2628746032715,70,3234,"arizona","coconino"
"74",-110.775665283203,34.2686042785645,70,3235,"arizona","coconino"
"75",-110.775665283203,34.2972526550293,70,3236,"arizona","coconino"
"76",-110.781394958496,34.3144416809082,70,3237,"arizona","coconino"
"77",-110.792846679688,34.3144416809082,70,3238,"arizona","coconino"
"78",-110.79857635498,34.3029823303223,70,3239,"arizona","coconino"
"79",-110.821502685547,34.3087120056152,70,3240,"arizona","coconino"
"80",-110.832954406738,34.3144416809082,70,3241,"arizona","coconino"
"81",-110.844413757324,34.3087120056152,70,3242,"arizona","coconino"
"82",-110.832954406738,34.3029823303223,70,3243,"arizona","coconino"
"83",-110.827224731445,34.2915229797363,70,3244,"arizona","coconino"
"84",-110.832954406738,34.2857933044434,70,3245,"arizona","coconino"
"85",-110.844413757324,34.2686042785645,70,3246,"arizona","coconino"
"86",-110.844413757324,34.2571449279785,70,3247,"arizona","coconino"
"87",-110.873062133789,34.2857933044434,70,3248,"arizona","coconino"
"88",-110.91316986084,34.2972526550293,70,3249,"arizona","coconino"
"89",-110.97046661377,34.3201713562012,70,3250,"arizona","coconino"
"90",-110.981925964355,34.3373603820801,70,3251,"arizona","coconino"
"91",-111.022033691406,34.354549407959,70,3252,"arizona","coconino"
"92",-111.033485412598,34.354549407959,70,3253,"arizona","coconino"
"93",-111.044952392578,34.343090057373,70,3254,"arizona","coconino"
"94",-111.06787109375,34.354549407959,70,3255,"arizona","coconino"
"95",-111.062141418457,34.3774681091309,70,3256,"arizona","coconino"
"96",-111.06787109375,34.3831977844238,70,3257,"arizona","coconino"
"97",-111.085052490234,34.3831977844238,70,3258,"arizona","coconino"
"98",-111.096519470215,34.3889274597168,70,3259,"arizona","coconino"
"99",-111.113700866699,34.3889274597168,70,3260,"arizona","coconino"
"100",-111.125160217285,34.3889274597168,70,3261,"arizona","coconino"
"101",-111.136627197266,34.3889274597168,70,3262,"arizona","coconino"
"102",-111.142356872559,34.3774681091309,70,3263,"arizona","coconino"
"103",-111.153816223145,34.3717384338379,70,3264,"arizona","coconino"
"104",-111.165267944336,34.3831977844238,70,3265,"arizona","coconino"
"105",-111.170997619629,34.3889274597168,70,3266,"arizona","coconino"
"106",-111.182464599609,34.4061164855957,70,3267,"arizona","coconino"
"107",-111.199645996094,34.4061164855957,70,3268,"arizona","coconino"
"108",-111.21110534668,34.4118461608887,70,3269,"arizona","coconino"
"109",-111.239753723145,34.4347648620605,70,3270,"arizona","coconino"
"110",-111.256942749023,34.4404945373535,70,3271,"arizona","coconino"
"111",-111.285591125488,34.4404945373535,70,3272,"arizona","coconino"
"112",-111.297050476074,34.4347648620605,70,3273,"arizona","coconino"
"113",-111.314239501953,34.4233016967773,70,3274,"arizona","coconino"
"114",-111.337158203125,34.4175758361816,70,3275,"arizona","coconino"
"115",-111.360076904297,34.4233016967773,70,3276,"arizona","coconino"
"116",-111.36580657959,34.4347648620605,70,3277,"arizona","coconino"
"117",-111.377265930176,34.4347648620605,70,3278,"arizona","coconino"
"118",-111.388725280762,34.4347648620605,70,3279,"arizona","coconino"
"119",-111.400184631348,34.4233016967773,70,3280,"arizona","coconino"
"120",-111.400184631348,34.4118461608887,70,3281,"arizona","coconino"
"121",-111.394454956055,34.4003829956055,70,3282,"arizona","coconino"
"122",-111.388725280762,34.3889274597168,70,3283,"arizona","coconino"
"123",-111.388725280762,34.3831977844238,70,3284,"arizona","coconino"
"124",-111.400184631348,34.3774681091309,70,3285,"arizona","coconino"
"125",-111.417373657227,34.3831977844238,70,3286,"arizona","coconino"
"126",-111.428833007812,34.3889274597168,70,3287,"arizona","coconino"
"127",-111.434562683105,34.4118461608887,70,3288,"arizona","coconino"
"128",-111.434562683105,34.4233016967773,70,3289,"arizona","coconino"
"129",-111.42310333252,34.4290351867676,70,3290,"arizona","coconino"
"130",-111.411643981934,34.4233016967773,70,3291,"arizona","coconino"
"131",-111.400184631348,34.4290351867676,70,3292,"arizona","coconino"
"132",-111.405914306641,34.4404945373535,70,3293,"arizona","coconino"
"133",-111.417373657227,34.4462203979492,70,3294,"arizona","coconino"
"134",-111.434562683105,34.4404945373535,70,3295,"arizona","coconino"
"135",-111.457481384277,34.4404945373535,70,3296,"arizona","coconino"
"136",-111.457481384277,34.4290351867676,70,3297,"arizona","coconino"
"137",-111.46321105957,34.4175758361816,70,3298,"arizona","coconino"
"138",-111.468940734863,34.4118461608887,70,3299,"arizona","coconino"
"139",-111.474670410156,34.4233016967773,70,3300,"arizona","coconino"
"140",-111.468940734863,34.4347648620605,70,3301,"arizona","coconino"
"141",-111.474670410156,34.4347648620605,70,3302,"arizona","coconino"
"142",-111.491851806641,34.4347648620605,70,3303,"arizona","coconino"
"143",-111.503318786621,34.4290351867676,70,3304,"arizona","coconino"
"144",-111.514778137207,34.4233016967773,70,3305,"arizona","coconino"
"145",-111.531959533691,34.4233016967773,70,3306,"arizona","coconino"
"146",-111.537689208984,34.4290351867676,70,3307,"arizona","coconino"
"147",-111.560615539551,34.4404945373535,70,3308,"arizona","coconino"
"148",-111.560615539551,34.801456451416,70,3309,"arizona","coconino"
"149",-111.778335571289,34.801456451416,70,3310,"arizona","coconino"
"150",-111.789794921875,34.9733467102051,70,3311,"arizona","coconino"
"151",-111.806983947754,34.9790725708008,70,3312,"arizona","coconino"
"152",-111.812713623047,34.9733467102051,70,3313,"arizona","coconino"
"153",-112.339836120605,34.9618835449219,70,3314,"arizona","coconino"
"154",-112.339836120605,35.1509590148926,70,3315,"arizona","coconino"
"155",-112.437232971191,35.1509590148926,70,3316,"arizona","coconino"
"156",-112.437232971191,35.254093170166,70,3317,"arizona","coconino"
"157",-112.465888977051,35.254093170166,70,3318,"arizona","coconino"
"158",-112.488800048828,35.2426338195801,70,3319,"arizona","coconino"
"159",-112.557556152344,35.2369041442871,70,3320,"arizona","coconino"
"160",-112.632049560547,35.3056564331055,70,3321,"arizona","coconino"
"161",-112.695068359375,35.3113899230957,70,3322,"arizona","coconino"
"162",-112.729446411133,35.3056564331055,70,3323,"arizona","coconino"
"163",-112.952903747559,35.3572273254395,70,3324,"arizona","coconino"
"164",-112.987274169922,35.397331237793,70,3325,"arizona","coconino"
"165",-113.164894104004,35.5004653930664,70,3326,"arizona","coconino"
"166",-113.210731506348,35.5061950683594,70,3327,"arizona","coconino"
"167",-113.262298583984,35.5233840942383,70,3328,"arizona","coconino"
"168",-113.325325012207,35.5233840942383,70,3329,"arizona","coconino"
"169",-113.3310546875,35.6666221618652,70,3330,"arizona","coconino"
"170",-113.325325012207,35.8213195800781,70,3331,"arizona","coconino"
"171",-113.302398681641,35.8728866577148,70,3332,"arizona","coconino"
"172",-113.313865661621,35.901538848877,70,3333,"arizona","coconino"
"173",-113.313865661621,35.9588317871094,70,3334,"arizona","coconino"
"174",-113.342506408691,36.0046691894531,70,3335,"arizona","coconino"
"175",-113.348236083984,36.0447769165039,70,3336,"arizona","coconino"
"176",-113.319595336914,36.0791511535645,70,3337,"arizona","coconino"
"177",-113.290946960449,36.0906105041504,70,3338,"arizona","coconino"
"178",-113.250839233398,36.0848846435547,70,3339,"arizona","coconino"
"179",-113.222190856934,36.0848846435547,70,3340,"arizona","coconino"
"180",-113.199272155762,36.1020698547363,70,3341,"arizona","coconino"
"181",-113.182083129883,36.1421775817871,70,3342,"arizona","coconino"
"182",-113.164894104004,36.159366607666,70,3343,"arizona","coconino"
"183",-113.11905670166,36.1708221435547,70,3344,"arizona","coconino"
"184",-113.050300598145,36.1937408447266,70,3345,"arizona","coconino"
"185",-113.02165222168,36.2281227111816,70,3346,"arizona","coconino"
"186",-112.952903747559,36.2223930358887,70,3347,"arizona","coconino"
"187",-112.763824462891,36.2796859741211,70,3348,"arizona","coconino"
"188",-112.746635437012,36.2911491394043,70,3349,"arizona","coconino"
"189",-112.712257385254,36.3083343505859,70,3350,"arizona","coconino"
"190",-112.72371673584,36.3369827270508,70,3351,"arizona","coconino"
"191",-112.695068359375,36.3427124023438,70,3352,"arizona","coconino"
"192",-112.683609008789,36.3255233764648,70,3353,"arizona","coconino"
"193",-112.654960632324,36.3369827270508,70,3354,"arizona","coconino"
"194",-112.603393554688,36.3942794799805,70,3355,"arizona","coconino"
"195",-112.654960632324,36.4171943664551,70,3356,"arizona","coconino"
"196",-112.677879333496,36.4573059082031,70,3357,"arizona","coconino"
"197",-112.672149658203,36.5203285217285,70,3358,"arizona","coconino"
"198",-112.632049560547,36.5547065734863,70,3359,"arizona","coconino"
"199",-112.614852905273,36.5948143005371,70,3360,"arizona","coconino"
"200",-112.632049560547,36.6406517028809,70,3361,"arizona","coconino"
"201",-112.632049560547,36.6864852905273,70,3362,"arizona","coconino"
"202",-112.580474853516,36.8583755493164,70,3363,"arizona","coconino"
"203",-112.557556152344,36.9042129516602,70,3364,"arizona","coconino"
"204",-112.534637451172,36.9500503540039,70,3365,"arizona","coconino"
"205",-112.540374755859,36.9958839416504,70,3366,"arizona","coconino"
"206",-112.414321899414,36.9958839416504,70,3367,"arizona","coconino"
"207",-112.208053588867,36.9958839416504,70,3368,"arizona","coconino"
"208",-111.950225830078,37.0016136169434,70,3369,"arizona","coconino"
"209",-111.686668395996,37.0016136169434,70,3370,"arizona","coconino"
"210",-111.411643981934,37.0016136169434,70,3371,"arizona","coconino"
"211",-111.319969177246,37.0016136169434,70,3372,"arizona","coconino"
"212",-110.752738952637,34.2628746032715,71,3374,"arizona","gila"
"213",-110.752738952637,34.0050468444824,71,3375,"arizona","gila"
"214",-110.00789642334,33.9993171691895,71,3376,"arizona","gila"
"215",-110.013626098633,33.586784362793,71,3377,"arizona","gila"
"216",-110.013626098633,33.4721946716309,71,3378,"arizona","gila"
"217",-110.237083435059,33.4721946716309,71,3379,"arizona","gila"
"218",-110.300102233887,33.437816619873,71,3380,"arizona","gila"
"219",-110.351669311523,33.437816619873,71,3381,"arizona","gila"
"220",-110.368865966797,33.4034385681152,71,3382,"arizona","gila"
"221",-110.40323638916,33.4034385681152,71,3383,"arizona","gila"
"222",-110.449073791504,33.3576011657715,71,3384,"arizona","gila"
"223",-110.454803466797,33.2888450622559,71,3385,"arizona","gila"
"224",-110.437614440918,33.2487411499023,71,3386,"arizona","gila"
"225",-110.40323638916,33.1971740722656,71,3387,"arizona","gila"
"226",-110.420425415039,33.1971740722656,71,3388,"arizona","gila"
"227",-110.46053314209,33.2029037475586,71,3389,"arizona","gila"
"228",-110.483451843262,33.1914443969727,71,3390,"arizona","gila"
"229",-110.506370544434,33.1914443969727,71,3391,"arizona","gila"
"230",-110.552207946777,33.1627998352051,71,3392,"arizona","gila"
"231",-110.586578369141,33.1456069946289,71,3393,"arizona","gila"
"232",-110.620956420898,33.1456069946289,71,3394,"arizona","gila"
"233",-110.661064147949,33.1169624328613,71,3395,"arizona","gila"
"234",-110.678253173828,33.0940437316895,71,3396,"arizona","gila"
"235",-110.712631225586,33.0825843811035,71,3397,"arizona","gila"
"236",-110.729827880859,33.0138282775879,71,3398,"arizona","gila"
"237",-110.764198303223,32.985179901123,71,3399,"arizona","gila"
"238",-110.792846679688,32.985179901123,71,3400,"arizona","gila"
"239",-110.930358886719,33.2430114746094,71,3401,"arizona","gila"
"240",-110.959007263184,33.2773895263672,71,3402,"arizona","gila"
"241",-110.97046661377,33.3289566040039,71,3403,"arizona","gila"
"242",-111.016304016113,33.4320907592773,71,3404,"arizona","gila"
"243",-111.044952392578,33.4607353210449,71,3405,"arizona","gila"
"244",-111.056411743164,33.5008430480957,71,3406,"arizona","gila"
"245",-111.06787109375,33.5123023986816,71,3407,"arizona","gila"
"246",-111.165267944336,33.6784591674805,71,3408,"arizona","gila"
"247",-111.170997619629,33.6784591674805,71,3409,"arizona","gila"
"248",-111.188194274902,33.6669998168945,71,3410,"arizona","gila"
"249",-111.21110534668,33.6498107910156,71,3411,"arizona","gila"
"250",-111.21110534668,33.6326217651367,71,3412,"arizona","gila"
"251",-111.228302001953,33.6154365539551,71,3413,"arizona","gila"
"252",-111.245483398438,33.6211624145508,71,3414,"arizona","gila"
"253",-111.268402099609,33.638355255127,71,3415,"arizona","gila"
"254",-111.30850982666,33.6899185180664,71,3416,"arizona","gila"
"255",-111.337158203125,33.6956481933594,71,3417,"arizona","gila"
"256",-111.331428527832,33.7300262451172,71,3418,"arizona","gila"
"257",-111.348617553711,33.7472152709961,71,3419,"arizona","gila"
"258",-111.388725280762,33.7529449462891,71,3420,"arizona","gila"
"259",-111.377265930176,33.7930526733398,71,3421,"arizona","gila"
"260",-111.388725280762,33.8045082092285,71,3422,"arizona","gila"
"261",-111.371536254883,33.8331565856934,71,3423,"arizona","gila"
"262",-111.394454956055,33.8503456115723,71,3424,"arizona","gila"
"263",-111.394454956055,33.8847236633301,71,3425,"arizona","gila"
"264",-111.405914306641,33.9133720397949,71,3426,"arizona","gila"
"265",-111.446014404297,33.9248313903809,71,3427,"arizona","gila"
"266",-111.451751708984,33.9534797668457,71,3428,"arizona","gila"
"267",-111.434562683105,33.9821281433105,71,3429,"arizona","gila"
"268",-111.434562683105,33.9993171691895,71,3430,"arizona","gila"
"269",-111.440292358398,34.0222358703613,71,3431,"arizona","gila"
"270",-111.468940734863,34.0279655456543,71,3432,"arizona","gila"
"271",-111.474670410156,34.0566101074219,71,3433,"arizona","gila"
"272",-111.46321105957,34.0737991333008,71,3434,"arizona","gila"
"273",-111.468940734863,34.0967178344727,71,3435,"arizona","gila"
"274",-111.486122131348,34.1253662109375,71,3436,"arizona","gila"
"275",-111.46321105957,34.1540107727051,71,3437,"arizona","gila"
"276",-111.709579467773,34.1540107727051,71,3438,"arizona","gila"
"277",-111.686668395996,34.2055816650391,71,3439,"arizona","gila"
"278",-111.698120117188,34.2399559020996,71,3440,"arizona","gila"
"279",-111.669471740723,34.2800636291504,71,3441,"arizona","gila"
"280",-111.680938720703,34.3029823303223,71,3442,"arizona","gila"
"281",-111.680938720703,34.3201713562012,71,3443,"arizona","gila"
"282",-111.646560668945,34.343090057373,71,3444,"arizona","gila"
"283",-111.652282714844,34.3774681091309,71,3445,"arizona","gila"
"284",-111.635101318359,34.4118461608887,71,3446,"arizona","gila"
"285",-111.600723266602,34.4118461608887,71,3447,"arizona","gila"
"286",-111.589263916016,34.4290351867676,71,3448,"arizona","gila"
"287",-111.560615539551,34.4404945373535,71,3449,"arizona","gila"
"288",-111.537689208984,34.4290351867676,71,3450,"arizona","gila"
"289",-111.531959533691,34.4233016967773,71,3451,"arizona","gila"
"290",-111.514778137207,34.4233016967773,71,3452,"arizona","gila"
"291",-111.503318786621,34.4290351867676,71,3453,"arizona","gila"
"292",-111.491851806641,34.4347648620605,71,3454,"arizona","gila"
"293",-111.474670410156,34.4347648620605,71,3455,"arizona","gila"
"294",-111.468940734863,34.4347648620605,71,3456,"arizona","gila"
"295",-111.474670410156,34.4233016967773,71,3457,"arizona","gila"
"296",-111.468940734863,34.4118461608887,71,3458,"arizona","gila"
"297",-111.46321105957,34.4175758361816,71,3459,"arizona","gila"
"298",-111.457481384277,34.4290351867676,71,3460,"arizona","gila"
"299",-111.457481384277,34.4404945373535,71,3461,"arizona","gila"
"300",-111.434562683105,34.4404945373535,71,3462,"arizona","gila"
"301",-111.417373657227,34.4462203979492,71,3463,"arizona","gila"
"302",-111.405914306641,34.4404945373535,71,3464,"arizona","gila"
"303",-111.400184631348,34.4290351867676,71,3465,"arizona","gila"
"304",-111.411643981934,34.4233016967773,71,3466,"arizona","gila"
"305",-111.42310333252,34.4290351867676,71,3467,"arizona","gila"
"306",-111.434562683105,34.4233016967773,71,3468,"arizona","gila"
"307",-111.434562683105,34.4118461608887,71,3469,"arizona","gila"
"308",-111.428833007812,34.3889274597168,71,3470,"arizona","gila"
"309",-111.417373657227,34.3831977844238,71,3471,"arizona","gila"
"310",-111.400184631348,34.3774681091309,71,3472,"arizona","gila"
"311",-111.388725280762,34.3831977844238,71,3473,"arizona","gila"
"312",-111.388725280762,34.3889274597168,71,3474,"arizona","gila"
"313",-111.394454956055,34.4003829956055,71,3475,"arizona","gila"
"314",-111.400184631348,34.4118461608887,71,3476,"arizona","gila"
"315",-111.400184631348,34.4233016967773,71,3477,"arizona","gila"
"316",-111.388725280762,34.4347648620605,71,3478,"arizona","gila"
"317",-111.377265930176,34.4347648620605,71,3479,"arizona","gila"
"318",-111.36580657959,34.4347648620605,71,3480,"arizona","gila"
"319",-111.360076904297,34.4233016967773,71,3481,"arizona","gila"
"320",-111.337158203125,34.4175758361816,71,3482,"arizona","gila"
"321",-111.314239501953,34.4233016967773,71,3483,"arizona","gila"
"322",-111.297050476074,34.4347648620605,71,3484,"arizona","gila"
"323",-111.285591125488,34.4404945373535,71,3485,"arizona","gila"
"324",-111.256942749023,34.4404945373535,71,3486,"arizona","gila"
"325",-111.239753723145,34.4347648620605,71,3487,"arizona","gila"
"326",-111.21110534668,34.4118461608887,71,3488,"arizona","gila"
"327",-111.199645996094,34.4061164855957,71,3489,"arizona","gila"
"328",-111.182464599609,34.4061164855957,71,3490,"arizona","gila"
"329",-111.170997619629,34.3889274597168,71,3491,"arizona","gila"
"330",-111.165267944336,34.3831977844238,71,3492,"arizona","gila"
"331",-111.153816223145,34.3717384338379,71,3493,"arizona","gila"
"332",-111.142356872559,34.3774681091309,71,3494,"arizona","gila"
"333",-111.136627197266,34.3889274597168,71,3495,"arizona","gila"
"334",-111.125160217285,34.3889274597168,71,3496,"arizona","gila"
"335",-111.113700866699,34.3889274597168,71,3497,"arizona","gila"
"336",-111.096519470215,34.3889274597168,71,3498,"arizona","gila"
"337",-111.085052490234,34.3831977844238,71,3499,"arizona","gila"
"338",-111.06787109375,34.3831977844238,71,3500,"arizona","gila"
"339",-111.062141418457,34.3774681091309,71,3501,"arizona","gila"
"340",-111.06787109375,34.354549407959,71,3502,"arizona","gila"
"341",-111.044952392578,34.343090057373,71,3503,"arizona","gila"
"342",-111.033485412598,34.354549407959,71,3504,"arizona","gila"
"343",-111.022033691406,34.354549407959,71,3505,"arizona","gila"
"344",-110.981925964355,34.3373603820801,71,3506,"arizona","gila"
"345",-110.97046661377,34.3201713562012,71,3507,"arizona","gila"
"346",-110.91316986084,34.2972526550293,71,3508,"arizona","gila"
"347",-110.873062133789,34.2857933044434,71,3509,"arizona","gila"
"348",-110.844413757324,34.2571449279785,71,3510,"arizona","gila"
"349",-110.844413757324,34.2686042785645,71,3511,"arizona","gila"
"350",-110.832954406738,34.2857933044434,71,3512,"arizona","gila"
"351",-110.827224731445,34.2915229797363,71,3513,"arizona","gila"
"352",-110.832954406738,34.3029823303223,71,3514,"arizona","gila"
"353",-110.844413757324,34.3087120056152,71,3515,"arizona","gila"
"354",-110.832954406738,34.3144416809082,71,3516,"arizona","gila"
"355",-110.821502685547,34.3087120056152,71,3517,"arizona","gila"
"356",-110.79857635498,34.3029823303223,71,3518,"arizona","gila"
"357",-110.792846679688,34.3144416809082,71,3519,"arizona","gila"
"358",-110.781394958496,34.3144416809082,71,3520,"arizona","gila"
"359",-110.775665283203,34.2972526550293,71,3521,"arizona","gila"
"360",-110.775665283203,34.2686042785645,71,3522,"arizona","gila"
"361",-110.752738952637,34.2628746032715,71,3523,"arizona","gila"
"362",-110.013626098633,33.586784362793,72,3525,"arizona","graham"
"363",-109.973518371582,33.586784362793,72,3526,"arizona","graham"
"364",-109.956329345703,33.5753288269043,72,3527,"arizona","graham"
"365",-109.921951293945,33.586784362793,72,3528,"arizona","graham"
"366",-109.899032592773,33.5581359863281,72,3529,"arizona","graham"
"367",-109.887573242188,33.5524101257324,72,3530,"arizona","graham"
"368",-109.85319519043,33.5409469604492,72,3531,"arizona","graham"
"369",-109.836013793945,33.5008430480957,72,3532,"arizona","graham"
"370",-109.807357788086,33.5008430480957,72,3533,"arizona","graham"
"371",-109.795906066895,33.4893836975098,72,3534,"arizona","graham"
"372",-109.761520385742,33.4893836975098,72,3535,"arizona","graham"
"373",-109.732879638672,33.5065727233887,72,3536,"arizona","graham"
"374",-109.727142333984,33.5352210998535,72,3537,"arizona","graham"
"375",-109.681304931641,33.5524101257324,72,3538,"arizona","graham"
"376",-109.658393859863,33.5982437133789,72,3539,"arizona","graham"
"377",-109.566719055176,33.6268920898438,72,3540,"arizona","graham"
"378",-109.526611328125,33.6326217651367,72,3541,"arizona","graham"
"379",-109.520881652832,33.6440811157227,72,3542,"arizona","graham"
"380",-109.503700256348,33.6498107910156,72,3543,"arizona","graham"
"381",-109.503700256348,33.5008430480957,72,3544,"arizona","graham"
"382",-109.503700256348,33.0940437316895,72,3545,"arizona","graham"
"383",-109.49796295166,33.0711250305176,72,3546,"arizona","graham"
"384",-109.326080322266,32.8362083435059,72,3547,"arizona","graham"
"385",-109.303153991699,32.8247528076172,72,3548,"arizona","graham"
"386",-109.228675842285,32.6929702758789,72,3549,"arizona","graham"
"387",-109.222938537598,32.6414070129395,72,3550,"arizona","graham"
"388",-109.211486816406,32.6242179870605,72,3551,"arizona","graham"
"389",-109.228675842285,32.6070289611816,72,3552,"arizona","graham"
"390",-109.205757141113,32.5783805847168,72,3553,"arizona","graham"
"391",-109.234405517578,32.538272857666,72,3554,"arizona","graham"
"392",-109.228675842285,32.4809799194336,72,3555,"arizona","graham"
"393",-109.194297790527,32.4523277282715,72,3556,"arizona","graham"
"394",-109.188568115234,32.4236831665039,72,3557,"arizona","graham"
"395",-110.466262817383,32.4236831665039,72,3558,"arizona","graham"
"396",-110.466262817383,32.5153541564941,72,3559,"arizona","graham"
"397",-110.46053314209,32.5210838317871,72,3560,"arizona","graham"
"398",-110.466262817383,32.9450721740723,72,3561,"arizona","graham"
"399",-110.454803466797,32.9565353393555,72,3562,"arizona","graham"
"400",-110.46053314209,33.2029037475586,72,3563,"arizona","graham"
"401",-110.420425415039,33.1971740722656,72,3564,"arizona","graham"
"402",-110.40323638916,33.1971740722656,72,3565,"arizona","graham"
"403",-110.437614440918,33.2487411499023,72,3566,"arizona","graham"
"404",-110.454803466797,33.2888450622559,72,3567,"arizona","graham"
"405",-110.449073791504,33.3576011657715,72,3568,"arizona","graham"
"406",-110.40323638916,33.4034385681152,72,3569,"arizona","graham"
"407",-110.368865966797,33.4034385681152,72,3570,"arizona","graham"
"408",-110.351669311523,33.437816619873,72,3571,"arizona","graham"
"409",-110.300102233887,33.437816619873,72,3572,"arizona","graham"
"410",-110.237083435059,33.4721946716309,72,3573,"arizona","graham"
"411",-110.013626098633,33.4721946716309,72,3574,"arizona","graham"
"412",-110.013626098633,33.586784362793,72,3575,"arizona","graham"
"413",-109.056785583496,32.7789154052734,73,3577,"arizona","greenlee"
"414",-109.056785583496,32.4236831665039,73,3578,"arizona","greenlee"
"415",-109.188568115234,32.4236831665039,73,3579,"arizona","greenlee"
"416",-109.194297790527,32.4523277282715,73,3580,"arizona","greenlee"
"417",-109.228675842285,32.4809799194336,73,3581,"arizona","greenlee"
"418",-109.234405517578,32.538272857666,73,3582,"arizona","greenlee"
"419",-109.205757141113,32.5783805847168,73,3583,"arizona","greenlee"
"420",-109.228675842285,32.6070289611816,73,3584,"arizona","greenlee"
"421",-109.211486816406,32.6242179870605,73,3585,"arizona","greenlee"
"422",-109.222938537598,32.6414070129395,73,3586,"arizona","greenlee"
"423",-109.228675842285,32.6929702758789,73,3587,"arizona","greenlee"
"424",-109.303153991699,32.8247528076172,73,3588,"arizona","greenlee"
"425",-109.326080322266,32.8362083435059,73,3589,"arizona","greenlee"
"426",-109.49796295166,33.0711250305176,73,3590,"arizona","greenlee"
"427",-109.503700256348,33.0940437316895,73,3591,"arizona","greenlee"
"428",-109.503700256348,33.5008430480957,73,3592,"arizona","greenlee"
"429",-109.503700256348,33.6498107910156,73,3593,"arizona","greenlee"
"430",-109.480773925781,33.6555404663086,73,3594,"arizona","greenlee"
"431",-109.480773925781,33.6784591674805,73,3595,"arizona","greenlee"
"432",-109.446395874023,33.7128372192383,73,3596,"arizona","greenlee"
"433",-109.406288146973,33.7185668945312,73,3597,"arizona","greenlee"
"434",-109.360450744629,33.7300262451172,73,3598,"arizona","greenlee"
"435",-109.360450744629,33.7529449462891,73,3599,"arizona","greenlee"
"436",-109.348991394043,33.770133972168,73,3600,"arizona","greenlee"
"437",-109.326080322266,33.7815933227539,73,3601,"arizona","greenlee"
"438",-109.291702270508,33.7758636474609,73,3602,"arizona","greenlee"
"439",-109.165649414062,33.7758636474609,73,3603,"arizona","greenlee"
"440",-109.056785583496,33.7758636474609,73,3604,"arizona","greenlee"
"441",-109.051063537598,33.2029037475586,73,3605,"arizona","greenlee"
"442",-109.056785583496,32.7789154052734,73,3606,"arizona","greenlee"
"443",-112.208053588867,32.5096244812012,74,3608,"arizona","maricopa"
"444",-113.336776733398,32.5153541564941,74,3609,"arizona","maricopa"
"445",-113.336776733398,32.6528625488281,74,3610,"arizona","maricopa"
"446",-113.336776733398,32.9450721740723,74,3611,"arizona","maricopa"
"447",-113.336776733398,33.1914443969727,74,3612,"arizona","maricopa"
"448",-113.3310546875,33.3747901916504,74,3613,"arizona","maricopa"
"449",-113.3310546875,33.4951095581055,74,3614,"arizona","maricopa"
"450",-113.325325012207,33.8446159362793,74,3615,"arizona","maricopa"
"451",-113.3310546875,34.0050468444824,74,3616,"arizona","maricopa"
"452",-113.11905670166,34.0050468444824,74,3617,"arizona","maricopa"
"453",-112.740905761719,34.0050468444824,74,3618,"arizona","maricopa"
"454",-112.276809692383,33.8789939880371,74,3619,"arizona","maricopa"
"455",-112.259620666504,33.907642364502,74,3620,"arizona","maricopa"
"456",-112.225242614746,33.9248313903809,74,3621,"arizona","maricopa"
"457",-112.230972290039,33.9592094421387,74,3622,"arizona","maricopa"
"458",-112.190864562988,33.9763984680176,74,3623,"arizona","maricopa"
"459",-112.145027160645,34.039421081543,74,3624,"arizona","maricopa"
"460",-111.87574005127,34.0222358703613,74,3625,"arizona","maricopa"
"461",-111.721038818359,34.0050468444824,74,3626,"arizona","maricopa"
"462",-111.434562683105,33.9993171691895,74,3627,"arizona","maricopa"
"463",-111.434562683105,33.9821281433105,74,3628,"arizona","maricopa"
"464",-111.451751708984,33.9534797668457,74,3629,"arizona","maricopa"
"465",-111.446014404297,33.9248313903809,74,3630,"arizona","maricopa"
"466",-111.405914306641,33.9133720397949,74,3631,"arizona","maricopa"
"467",-111.394454956055,33.8847236633301,74,3632,"arizona","maricopa"
"468",-111.394454956055,33.8503456115723,74,3633,"arizona","maricopa"
"469",-111.371536254883,33.8331565856934,74,3634,"arizona","maricopa"
"470",-111.388725280762,33.8045082092285,74,3635,"arizona","maricopa"
"471",-111.377265930176,33.7930526733398,74,3636,"arizona","maricopa"
"472",-111.388725280762,33.7529449462891,74,3637,"arizona","maricopa"
"473",-111.348617553711,33.7472152709961,74,3638,"arizona","maricopa"
"474",-111.331428527832,33.7300262451172,74,3639,"arizona","maricopa"
"475",-111.337158203125,33.6956481933594,74,3640,"arizona","maricopa"
"476",-111.30850982666,33.6899185180664,74,3641,"arizona","maricopa"
"477",-111.268402099609,33.638355255127,74,3642,"arizona","maricopa"
"478",-111.245483398438,33.6211624145508,74,3643,"arizona","maricopa"
"479",-111.228302001953,33.6154365539551,74,3644,"arizona","maricopa"
"480",-111.21110534668,33.6326217651367,74,3645,"arizona","maricopa"
"481",-111.21110534668,33.6498107910156,74,3646,"arizona","maricopa"
"482",-111.188194274902,33.6669998168945,74,3647,"arizona","maricopa"
"483",-111.170997619629,33.6784591674805,74,3648,"arizona","maricopa"
"484",-111.165267944336,33.6784591674805,74,3649,"arizona","maricopa"
"485",-111.06787109375,33.5123023986816,74,3650,"arizona","maricopa"
"486",-111.056411743164,33.5008430480957,74,3651,"arizona","maricopa"
"487",-111.044952392578,33.4607353210449,74,3652,"arizona","maricopa"
"488",-111.228302001953,33.4607353210449,74,3653,"arizona","maricopa"
"489",-111.572067260742,33.4607353210449,74,3654,"arizona","maricopa"
"490",-111.577796936035,33.3977088928223,74,3655,"arizona","maricopa"
"491",-111.583526611328,33.3862533569336,74,3656,"arizona","maricopa"
"492",-111.583526611328,33.2143630981445,74,3657,"arizona","maricopa"
"493",-112.076271057129,33.2143630981445,74,3658,"arizona","maricopa"
"494",-112.202323913574,33.2888450622559,74,3659,"arizona","maricopa"
"495",-112.202323913574,32.9565353393555,74,3660,"arizona","maricopa"
"496",-112.202323913574,32.6127548217773,74,3661,"arizona","maricopa"
"497",-112.208053588867,32.5096244812012,74,3662,"arizona","maricopa"
"498",-114.637390136719,35.0191802978516,75,3664,"arizona","mohave"
"499",-114.643127441406,35.1051216125488,75,3665,"arizona","mohave"
"500",-114.603019714355,35.1223106384277,75,3666,"arizona","mohave"
"501",-114.574363708496,35.1796112060547,75,3667,"arizona","mohave"
"502",-114.585830688477,35.2369041442871,75,3668,"arizona","mohave"
"503",-114.597282409668,35.2827415466309,75,3669,"arizona","mohave"
"504",-114.608741760254,35.3572273254395,75,3670,"arizona","mohave"
"505",-114.625938415527,35.4087905883789,75,3671,"arizona","mohave"
"506",-114.666046142578,35.4546279907227,75,3672,"arizona","mohave"
"507",-114.660308837891,35.5004653930664,75,3673,"arizona","mohave"
"508",-114.666046142578,35.5405731201172,75,3674,"arizona","mohave"
"509",-114.671775817871,35.6093292236328,75,3675,"arizona","mohave"
"510",-114.683235168457,35.6666221618652,75,3676,"arizona","mohave"
"511",-114.700416564941,35.712459564209,75,3677,"arizona","mohave"
"512",-114.700416564941,35.7926750183105,75,3678,"arizona","mohave"
"513",-114.688957214355,35.8843460083008,75,3679,"arizona","mohave"
"514",-114.711875915527,35.9129943847656,75,3680,"arizona","mohave"
"515",-114.734802246094,35.9588317871094,75,3681,"arizona","mohave"
"516",-114.734802246094,36.0161285400391,75,3682,"arizona","mohave"
"517",-114.757713317871,36.0619659423828,75,3683,"arizona","mohave"
"518",-114.734802246094,36.1078033447266,75,3684,"arizona","mohave"
"519",-114.700416564941,36.1192588806152,75,3685,"arizona","mohave"
"520",-114.643127441406,36.1421775817871,75,3686,"arizona","mohave"
"521",-114.557182312012,36.153636932373,75,3687,"arizona","mohave"
"522",-114.488426208496,36.1364479064941,75,3688,"arizona","mohave"
"523",-114.396751403809,36.1364479064941,75,3689,"arizona","mohave"
"524",-114.327995300293,36.1135292053223,75,3690,"arizona","mohave"
"525",-114.310813903809,36.0447769165039,75,3691,"arizona","mohave"
"526",-114.264976501465,36.0275840759277,75,3692,"arizona","mohave"
"527",-114.201942443848,36.021858215332,75,3693,"arizona","mohave"
"528",-114.13892364502,36.0390472412109,75,3694,"arizona","mohave"
"529",-114.116004943848,36.0963401794434,75,3695,"arizona","mohave"
"530",-114.08162689209,36.1364479064941,75,3696,"arizona","mohave"
"531",-114.052978515625,36.2109336853027,75,3697,"arizona","mohave"
"532",-114.047248840332,36.8411865234375,75,3698,"arizona","mohave"
"533",-114.041519165039,36.9958839416504,75,3699,"arizona","mohave"
"534",-113.823799133301,36.9958839416504,75,3700,"arizona","mohave"
"535",-113.537322998047,37.0016136169434,75,3701,"arizona","mohave"
"536",-113.279487609863,37.0016136169434,75,3702,"arizona","mohave"
"537",-113.004470825195,37.0016136169434,75,3703,"arizona","mohave"
"538",-112.907066345215,36.9958839416504,75,3704,"arizona","mohave"
"539",-112.729446411133,37.0016136169434,75,3705,"arizona","mohave"
"540",-112.540374755859,36.9958839416504,75,3706,"arizona","mohave"
"541",-112.534637451172,36.9500503540039,75,3707,"arizona","mohave"
"542",-112.557556152344,36.9042129516602,75,3708,"arizona","mohave"
"543",-112.580474853516,36.8583755493164,75,3709,"arizona","mohave"
"544",-112.632049560547,36.6864852905273,75,3710,"arizona","mohave"
"545",-112.632049560547,36.6406517028809,75,3711,"arizona","mohave"
"546",-112.614852905273,36.5948143005371,75,3712,"arizona","mohave"
"547",-112.632049560547,36.5547065734863,75,3713,"arizona","mohave"
"548",-112.672149658203,36.5203285217285,75,3714,"arizona","mohave"
"549",-112.677879333496,36.4573059082031,75,3715,"arizona","mohave"
"550",-112.654960632324,36.4171943664551,75,3716,"arizona","mohave"
"551",-112.603393554688,36.3942794799805,75,3717,"arizona","mohave"
"552",-112.654960632324,36.3369827270508,75,3718,"arizona","mohave"
"553",-112.683609008789,36.3255233764648,75,3719,"arizona","mohave"
"554",-112.695068359375,36.3427124023438,75,3720,"arizona","mohave"
"555",-112.72371673584,36.3369827270508,75,3721,"arizona","mohave"
"556",-112.712257385254,36.3083343505859,75,3722,"arizona","mohave"
"557",-112.746635437012,36.2911491394043,75,3723,"arizona","mohave"
"558",-112.763824462891,36.2796859741211,75,3724,"arizona","mohave"
"559",-112.952903747559,36.2223930358887,75,3725,"arizona","mohave"
"560",-113.02165222168,36.2281227111816,75,3726,"arizona","mohave"
"561",-113.050300598145,36.1937408447266,75,3727,"arizona","mohave"
"562",-113.11905670166,36.1708221435547,75,3728,"arizona","mohave"
"563",-113.164894104004,36.159366607666,75,3729,"arizona","mohave"
"564",-113.182083129883,36.1421775817871,75,3730,"arizona","mohave"
"565",-113.199272155762,36.1020698547363,75,3731,"arizona","mohave"
"566",-113.222190856934,36.0848846435547,75,3732,"arizona","mohave"
"567",-113.250839233398,36.0848846435547,75,3733,"arizona","mohave"
"568",-113.290946960449,36.0906105041504,75,3734,"arizona","mohave"
"569",-113.319595336914,36.0791511535645,75,3735,"arizona","mohave"
"570",-113.348236083984,36.0447769165039,75,3736,"arizona","mohave"
"571",-113.342506408691,36.0046691894531,75,3737,"arizona","mohave"
"572",-113.313865661621,35.9588317871094,75,3738,"arizona","mohave"
"573",-113.313865661621,35.901538848877,75,3739,"arizona","mohave"
"574",-113.302398681641,35.8728866577148,75,3740,"arizona","mohave"
"575",-113.325325012207,35.8213195800781,75,3741,"arizona","mohave"
"576",-113.3310546875,35.6666221618652,75,3742,"arizona","mohave"
"577",-113.325325012207,35.5233840942383,75,3743,"arizona","mohave"
"578",-113.325325012207,35.3343086242676,75,3744,"arizona","mohave"
"579",-113.325325012207,34.9275093078613,75,3745,"arizona","mohave"
"580",-113.319595336914,34.6066474914551,75,3746,"arizona","mohave"
"581",-113.325325012207,34.3889274597168,75,3747,"arizona","mohave"
"582",-113.3310546875,34.3259010314941,75,3748,"arizona","mohave"
"583",-113.376892089844,34.3029823303223,75,3749,"arizona","mohave"
"584",-113.428451538086,34.3087120056152,75,3750,"arizona","mohave"
"585",-113.525856018066,34.3087120056152,75,3751,"arizona","mohave"
"586",-113.57169342041,34.2686042785645,75,3752,"arizona","mohave"
"587",-113.577423095703,34.2342300415039,75,3753,"arizona","mohave"
"588",-113.674827575684,34.211311340332,75,3754,"arizona","mohave"
"589",-113.703475952148,34.2399559020996,75,3755,"arizona","mohave"
"590",-113.829528808594,34.2342300415039,75,3756,"arizona","mohave"
"591",-113.869636535645,34.2571449279785,75,3757,"arizona","mohave"
"592",-113.904014587402,34.2514190673828,75,3758,"arizona","mohave"
"593",-114.02433013916,34.2628746032715,75,3759,"arizona","mohave"
"594",-114.087356567383,34.2972526550293,75,3760,"arizona","mohave"
"595",-114.13892364502,34.2972526550293,75,3761,"arizona","mohave"
"596",-114.16756439209,34.3373603820801,75,3762,"arizona","mohave"
"597",-114.287887573242,34.4233016967773,75,3763,"arizona","mohave"
"598",-114.373832702637,34.4691390991211,75,3764,"arizona","mohave"
"599",-114.402488708496,34.5894622802734,75,3765,"arizona","mohave"
"600",-114.41967010498,34.6123809814453,75,3766,"arizona","mohave"
"601",-114.448318481445,34.7097816467285,75,3767,"arizona","mohave"
"602",-114.574363708496,34.807186126709,75,3768,"arizona","mohave"
"603",-114.551452636719,34.8358345031738,75,3769,"arizona","mohave"
"604",-114.545722961426,34.8472938537598,75,3770,"arizona","mohave"
"605",-114.568641662598,34.8644828796387,75,3771,"arizona","mohave"
"606",-114.608741760254,34.8874015808105,75,3772,"arizona","mohave"
"607",-114.63166809082,34.9618835449219,75,3773,"arizona","mohave"
"608",-114.637390136719,35.0191802978516,75,3774,"arizona","mohave"
"609",-110.013626098633,33.586784362793,76,3776,"arizona","navajo"
"610",-110.00789642334,33.9993171691895,76,3777,"arizona","navajo"
"611",-110.752738952637,34.0050468444824,76,3778,"arizona","navajo"
"612",-110.752738952637,34.2628746032715,76,3779,"arizona","navajo"
"613",-110.752738952637,34.8472938537598,76,3780,"arizona","navajo"
"614",-110.752738952637,35.3343086242676,76,3781,"arizona","navajo"
"615",-110.752738952637,35.8671569824219,76,3782,"arizona","navajo"
"616",-110.752738952637,36.4057388305664,76,3783,"arizona","navajo"
"617",-110.75846862793,36.8068084716797,76,3784,"arizona","navajo"
"618",-110.75846862793,36.9958839416504,76,3785,"arizona","navajo"
"619",-110.683990478516,36.9958839416504,76,3786,"arizona","navajo"
"620",-110.546478271484,36.9958839416504,76,3787,"arizona","navajo"
"621",-110.30583190918,37.0016136169434,76,3788,"arizona","navajo"
"622",-110.088104248047,37.0016136169434,76,3789,"arizona","navajo"
"623",-110.00789642334,37.0016136169434,76,3790,"arizona","navajo"
"624",-110.00789642334,36.8125381469727,76,3791,"arizona","navajo"
"625",-110.00789642334,36.2911491394043,76,3792,"arizona","navajo"
"626",-110.002166748047,35.6494331359863,76,3793,"arizona","navajo"
"627",-109.830284118652,35.6437034606934,76,3794,"arizona","navajo"
"628",-109.824554443359,35.5233840942383,76,3795,"arizona","navajo"
"629",-109.847465515137,35.5176544189453,76,3796,"arizona","navajo"
"630",-109.847465515137,35.1395034790039,76,3797,"arizona","navajo"
"631",-109.847465515137,34.6467590332031,76,3798,"arizona","navajo"
"632",-109.847465515137,34.3144416809082,76,3799,"arizona","navajo"
"633",-109.847465515137,34.1368255615234,76,3800,"arizona","navajo"
"634",-109.858924865723,34.1310958862305,76,3801,"arizona","navajo"
"635",-109.858924865723,33.7128372192383,76,3802,"arizona","navajo"
"636",-109.881843566895,33.7071075439453,76,3803,"arizona","navajo"
"637",-109.887573242188,33.5524101257324,76,3804,"arizona","navajo"
"638",-109.899032592773,33.5581359863281,76,3805,"arizona","navajo"
"639",-109.921951293945,33.586784362793,76,3806,"arizona","navajo"
"640",-109.956329345703,33.5753288269043,76,3807,"arizona","navajo"
"641",-109.973518371582,33.586784362793,76,3808,"arizona","navajo"
"642",-110.013626098633,33.586784362793,76,3809,"arizona","navajo"
"643",-113.336776733398,32.5153541564941,77,3811,"arizona","pima"
"644",-112.208053588867,32.5096244812012,77,3812,"arizona","pima"
"645",-112.007522583008,32.5096244812012,77,3813,"arizona","pima"
"646",-111.583526611328,32.5096244812012,77,3814,"arizona","pima"
"647",-111.572067260742,32.5038986206055,77,3815,"arizona","pima"
"648",-111.165267944336,32.5038986206055,77,3816,"arizona","pima"
"649",-111.165267944336,32.5153541564941,77,3817,"arizona","pima"
"650",-110.769927978516,32.5153541564941,77,3818,"arizona","pima"
"651",-110.598045349121,32.5153541564941,77,3819,"arizona","pima"
"652",-110.466262817383,32.5153541564941,77,3820,"arizona","pima"
"653",-110.466262817383,32.4236831665039,77,3821,"arizona","pima"
"654",-110.466262817383,31.7418632507324,77,3822,"arizona","pima"
"655",-110.861602783203,31.7304019927979,77,3823,"arizona","pima"
"656",-110.867332458496,31.7246723175049,77,3824,"arizona","pima"
"657",-111.182464599609,31.7246723175049,77,3825,"arizona","pima"
"658",-111.182464599609,31.5355987548828,77,3826,"arizona","pima"
"659",-111.388725280762,31.5298671722412,77,3827,"arizona","pima"
"660",-111.388725280762,31.4439239501953,77,3828,"arizona","pima"
"661",-111.629364013672,31.5184097290039,77,3829,"arizona","pima"
"662",-112.036163330078,31.6501884460449,77,3830,"arizona","pima"
"663",-112.32837677002,31.7418632507324,77,3831,"arizona","pima"
"664",-112.66641998291,31.8392658233643,77,3832,"arizona","pima"
"665",-112.929977416992,31.9252090454102,77,3833,"arizona","pima"
"666",-113.187812805176,32.0054244995117,77,3834,"arizona","pima"
"667",-113.348236083984,32.0569877624512,77,3835,"arizona","pima"
"668",-113.336776733398,32.5153541564941,77,3836,"arizona","pima"
"669",-110.46053314209,33.2029037475586,78,3838,"arizona","pinal"
"670",-110.454803466797,32.9565353393555,78,3839,"arizona","pinal"
"671",-110.466262817383,32.9450721740723,78,3840,"arizona","pinal"
"672",-110.46053314209,32.5210838317871,78,3841,"arizona","pinal"
"673",-110.466262817383,32.5153541564941,78,3842,"arizona","pinal"
"674",-110.598045349121,32.5153541564941,78,3843,"arizona","pinal"
"675",-110.769927978516,32.5153541564941,78,3844,"arizona","pinal"
"676",-111.165267944336,32.5153541564941,78,3845,"arizona","pinal"
"677",-111.165267944336,32.5038986206055,78,3846,"arizona","pinal"
"678",-111.572067260742,32.5038986206055,78,3847,"arizona","pinal"
"679",-111.583526611328,32.5096244812012,78,3848,"arizona","pinal"
"680",-112.007522583008,32.5096244812012,78,3849,"arizona","pinal"
"681",-112.208053588867,32.5096244812012,78,3850,"arizona","pinal"
"682",-112.202323913574,32.6127548217773,78,3851,"arizona","pinal"
"683",-112.202323913574,32.9565353393555,78,3852,"arizona","pinal"
"684",-112.202323913574,33.2888450622559,78,3853,"arizona","pinal"
"685",-112.076271057129,33.2143630981445,78,3854,"arizona","pinal"
"686",-111.583526611328,33.2143630981445,78,3855,"arizona","pinal"
"687",-111.583526611328,33.3862533569336,78,3856,"arizona","pinal"
"688",-111.577796936035,33.3977088928223,78,3857,"arizona","pinal"
"689",-111.572067260742,33.4607353210449,78,3858,"arizona","pinal"
"690",-111.228302001953,33.4607353210449,78,3859,"arizona","pinal"
"691",-111.044952392578,33.4607353210449,78,3860,"arizona","pinal"
"692",-111.016304016113,33.4320907592773,78,3861,"arizona","pinal"
"693",-110.97046661377,33.3289566040039,78,3862,"arizona","pinal"
"694",-110.959007263184,33.2773895263672,78,3863,"arizona","pinal"
"695",-110.930358886719,33.2430114746094,78,3864,"arizona","pinal"
"696",-110.792846679688,32.985179901123,78,3865,"arizona","pinal"
"697",-110.764198303223,32.985179901123,78,3866,"arizona","pinal"
"698",-110.729827880859,33.0138282775879,78,3867,"arizona","pinal"
"699",-110.712631225586,33.0825843811035,78,3868,"arizona","pinal"
"700",-110.678253173828,33.0940437316895,78,3869,"arizona","pinal"
"701",-110.661064147949,33.1169624328613,78,3870,"arizona","pinal"
"702",-110.620956420898,33.1456069946289,78,3871,"arizona","pinal"
"703",-110.586578369141,33.1456069946289,78,3872,"arizona","pinal"
"704",-110.552207946777,33.1627998352051,78,3873,"arizona","pinal"
"705",-110.506370544434,33.1914443969727,78,3874,"arizona","pinal"
"706",-110.483451843262,33.1914443969727,78,3875,"arizona","pinal"
"707",-110.46053314209,33.2029037475586,78,3876,"arizona","pinal"
"708",-111.388725280762,31.4439239501953,79,3878,"arizona","santa cruz"
"709",-111.388725280762,31.5298671722412,79,3879,"arizona","santa cruz"
"710",-111.182464599609,31.5355987548828,79,3880,"arizona","santa cruz"
"711",-111.182464599609,31.7246723175049,79,3881,"arizona","santa cruz"
"712",-110.867332458496,31.7246723175049,79,3882,"arizona","santa cruz"
"713",-110.861602783203,31.7304019927979,79,3883,"arizona","santa cruz"
"714",-110.466262817383,31.7418632507324,79,3884,"arizona","santa cruz"
"715",-110.466262817383,31.6559181213379,79,3885,"arizona","santa cruz"
"716",-110.477722167969,31.6559181213379,79,3886,"arizona","santa cruz"
"717",-110.477722167969,31.4611110687256,79,3887,"arizona","santa cruz"
"718",-110.477722167969,31.3522510528564,79,3888,"arizona","santa cruz"
"719",-110.632415771484,31.3522510528564,79,3889,"arizona","santa cruz"
"720",-110.987655639648,31.3465213775635,79,3890,"arizona","santa cruz"
"721",-111.119430541992,31.3579788208008,79,3891,"arizona","santa cruz"
"722",-111.297050476074,31.4152774810791,79,3892,"arizona","santa cruz"
"723",-111.388725280762,31.4439239501953,79,3893,"arizona","santa cruz"
"724",-111.560615539551,34.4404945373535,80,3895,"arizona","yavapai"
"725",-111.589263916016,34.4290351867676,80,3896,"arizona","yavapai"
"726",-111.600723266602,34.4118461608887,80,3897,"arizona","yavapai"
"727",-111.635101318359,34.4118461608887,80,3898,"arizona","yavapai"
"728",-111.652282714844,34.3774681091309,80,3899,"arizona","yavapai"
"729",-111.646560668945,34.343090057373,80,3900,"arizona","yavapai"
"730",-111.680938720703,34.3201713562012,80,3901,"arizona","yavapai"
"731",-111.680938720703,34.3029823303223,80,3902,"arizona","yavapai"
"732",-111.669471740723,34.2800636291504,80,3903,"arizona","yavapai"
"733",-111.698120117188,34.2399559020996,80,3904,"arizona","yavapai"
"734",-111.686668395996,34.2055816650391,80,3905,"arizona","yavapai"
"735",-111.709579467773,34.1540107727051,80,3906,"arizona","yavapai"
"736",-111.46321105957,34.1540107727051,80,3907,"arizona","yavapai"
"737",-111.486122131348,34.1253662109375,80,3908,"arizona","yavapai"
"738",-111.468940734863,34.0967178344727,80,3909,"arizona","yavapai"
"739",-111.46321105957,34.0737991333008,80,3910,"arizona","yavapai"
"740",-111.474670410156,34.0566101074219,80,3911,"arizona","yavapai"
"741",-111.468940734863,34.0279655456543,80,3912,"arizona","yavapai"
"742",-111.440292358398,34.0222358703613,80,3913,"arizona","yavapai"
"743",-111.434562683105,33.9993171691895,80,3914,"arizona","yavapai"
"744",-111.721038818359,34.0050468444824,80,3915,"arizona","yavapai"
"745",-111.87574005127,34.0222358703613,80,3916,"arizona","yavapai"
"746",-112.145027160645,34.039421081543,80,3917,"arizona","yavapai"
"747",-112.190864562988,33.9763984680176,80,3918,"arizona","yavapai"
"748",-112.230972290039,33.9592094421387,80,3919,"arizona","yavapai"
"749",-112.225242614746,33.9248313903809,80,3920,"arizona","yavapai"
"750",-112.259620666504,33.907642364502,80,3921,"arizona","yavapai"
"751",-112.276809692383,33.8789939880371,80,3922,"arizona","yavapai"
"752",-112.740905761719,34.0050468444824,80,3923,"arizona","yavapai"
"753",-113.11905670166,34.0050468444824,80,3924,"arizona","yavapai"
"754",-113.3310546875,34.0050468444824,80,3925,"arizona","yavapai"
"755",-113.3310546875,34.3259010314941,80,3926,"arizona","yavapai"
"756",-113.325325012207,34.3889274597168,80,3927,"arizona","yavapai"
"757",-113.319595336914,34.6066474914551,80,3928,"arizona","yavapai"
"758",-113.325325012207,34.9275093078613,80,3929,"arizona","yavapai"
"759",-113.325325012207,35.3343086242676,80,3930,"arizona","yavapai"
"760",-113.325325012207,35.5233840942383,80,3931,"arizona","yavapai"
"761",-113.262298583984,35.5233840942383,80,3932,"arizona","yavapai"
"762",-113.210731506348,35.5061950683594,80,3933,"arizona","yavapai"
"763",-113.164894104004,35.5004653930664,80,3934,"arizona","yavapai"
"764",-112.987274169922,35.397331237793,80,3935,"arizona","yavapai"
"765",-112.952903747559,35.3572273254395,80,3936,"arizona","yavapai"
"766",-112.729446411133,35.3056564331055,80,3937,"arizona","yavapai"
"767",-112.695068359375,35.3113899230957,80,3938,"arizona","yavapai"
"768",-112.632049560547,35.3056564331055,80,3939,"arizona","yavapai"
"769",-112.557556152344,35.2369041442871,80,3940,"arizona","yavapai"
"770",-112.488800048828,35.2426338195801,80,3941,"arizona","yavapai"
"771",-112.465888977051,35.254093170166,80,3942,"arizona","yavapai"
"772",-112.437232971191,35.254093170166,80,3943,"arizona","yavapai"
"773",-112.437232971191,35.1509590148926,80,3944,"arizona","yavapai"
"774",-112.339836120605,35.1509590148926,80,3945,"arizona","yavapai"
"775",-112.339836120605,34.9618835449219,80,3946,"arizona","yavapai"
"776",-111.812713623047,34.9733467102051,80,3947,"arizona","yavapai"
"777",-111.806983947754,34.9790725708008,80,3948,"arizona","yavapai"
"778",-111.789794921875,34.9733467102051,80,3949,"arizona","yavapai"
"779",-111.778335571289,34.801456451416,80,3950,"arizona","yavapai"
"780",-111.560615539551,34.801456451416,80,3951,"arizona","yavapai"
"781",-111.560615539551,34.4404945373535,80,3952,"arizona","yavapai"
"782",-113.3310546875,33.3747901916504,81,3954,"arizona","yuma"
"783",-113.336776733398,33.1914443969727,81,3955,"arizona","yuma"
"784",-113.336776733398,32.9450721740723,81,3956,"arizona","yuma"
"785",-113.336776733398,32.6528625488281,81,3957,"arizona","yuma"
"786",-113.336776733398,32.5153541564941,81,3958,"arizona","yuma"
"787",-113.348236083984,32.0569877624512,81,3959,"arizona","yuma"
"788",-113.468559265137,32.097095489502,81,3960,"arizona","yuma"
"789",-113.743583679199,32.1887702941895,81,3961,"arizona","yuma"
"790",-114.035797119141,32.2747116088867,81,3962,"arizona","yuma"
"791",-114.316543579102,32.3606567382812,81,3963,"arizona","yuma"
"792",-114.700416564941,32.4809799194336,81,3964,"arizona","yuma"
"793",-114.809280395508,32.5153541564941,81,3965,"arizona","yuma"
"794",-114.797813415527,32.5783805847168,81,3966,"arizona","yuma"
"795",-114.769172668457,32.6700553894043,81,3967,"arizona","yuma"
"796",-114.734802246094,32.733081817627,81,3968,"arizona","yuma"
"797",-114.688957214355,32.7445373535156,81,3969,"arizona","yuma"
"798",-114.654586791992,32.7388076782227,81,3970,"arizona","yuma"
"799",-114.59156036377,32.7388076782227,81,3971,"arizona","yuma"
"800",-114.551452636719,32.7617263793945,81,3972,"arizona","yuma"
"801",-114.522804260254,32.8247528076172,81,3973,"arizona","yuma"
"802",-114.47696685791,32.8763198852539,81,3974,"arizona","yuma"
"803",-114.47696685791,32.9336166381836,81,3975,"arizona","yuma"
"804",-114.482696533203,32.996639251709,81,3976,"arizona","yuma"
"805",-114.539993286133,33.0424728393555,81,3977,"arizona","yuma"
"806",-114.270706176758,33.0310173034668,81,3978,"arizona","yuma"
"807",-114.264976501465,33.4607353210449,81,3979,"arizona","yuma"
"808",-113.955574035645,33.4607353210449,81,3980,"arizona","yuma"
"809",-113.955574035645,33.3747901916504,81,3981,"arizona","yuma"
"810",-113.3310546875,33.3747901916504,81,3982,"arizona","yuma"
"811",-113.3310546875,34.0050468444824,3083,90958,"arizona","la paz"
"812",-113.325325012207,33.8446159362793,3083,90959,"arizona","la paz"
"813",-113.3310546875,33.4951095581055,3083,90960,"arizona","la paz"
"814",-113.3310546875,33.3747901916504,3083,90961,"arizona","la paz"
"815",-113.955574035645,33.3747901916504,3083,90962,"arizona","la paz"
"816",-113.955574035645,33.4607353210449,3083,90963,"arizona","la paz"
"817",-114.264976501465,33.4607353210449,3083,90964,"arizona","la paz"
"818",-114.270706176758,33.0310173034668,3083,90965,"arizona","la paz"
"819",-114.539993286133,33.0424728393555,3083,90966,"arizona","la paz"
"820",-114.660308837891,33.0539360046387,3083,90967,"arizona","la paz"
"821",-114.700416564941,33.0825843811035,3083,90968,"arizona","la paz"
"822",-114.711875915527,33.134147644043,3083,90969,"arizona","la paz"
"823",-114.688957214355,33.2659301757812,3083,90970,"arizona","la paz"
"824",-114.740524291992,33.3117637634277,3083,90971,"arizona","la paz"
"825",-114.71760559082,33.3576011657715,3083,90972,"arizona","la paz"
"826",-114.729064941406,33.4034385681152,3083,90973,"arizona","la paz"
"827",-114.688957214355,33.4320907592773,3083,90974,"arizona","la paz"
"828",-114.648849487305,33.455005645752,3083,90975,"arizona","la paz"
"829",-114.637390136719,33.4836540222168,3083,90976,"arizona","la paz"
"830",-114.608741760254,33.5008430480957,3083,90977,"arizona","la paz"
"831",-114.62020111084,33.5294914245605,3083,90978,"arizona","la paz"
"832",-114.568641662598,33.5466804504395,3083,90979,"arizona","la paz"
"833",-114.557182312012,33.5753288269043,3083,90980,"arizona","la paz"
"834",-114.528533935547,33.6326217651367,3083,90981,"arizona","la paz"
"835",-114.539993286133,33.6956481933594,3083,90982,"arizona","la paz"
"836",-114.522804260254,33.7300262451172,3083,90983,"arizona","la paz"
"837",-114.539993286133,33.7815933227539,3083,90984,"arizona","la paz"
"838",-114.539993286133,33.9248313903809,3083,90985,"arizona","la paz"
"839",-114.517074584961,33.9649391174316,3083,90986,"arizona","la paz"
"840",-114.454048156738,33.9993171691895,3083,90987,"arizona","la paz"
"841",-114.471237182617,34.0165023803711,3083,90988,"arizona","la paz"
"842",-114.448318481445,34.039421081543,3083,90989,"arizona","la paz"
"843",-114.41967010498,34.0795288085938,3083,90990,"arizona","la paz"
"844",-114.396751403809,34.1139068603516,3083,90991,"arizona","la paz"
"845",-114.299346923828,34.1540107727051,3083,90992,"arizona","la paz"
"846",-114.230598449707,34.1998481750488,3083,90993,"arizona","la paz"
"847",-114.190490722656,34.2456855773926,3083,90994,"arizona","la paz"
"848",-114.133193969727,34.2628746032715,3083,90995,"arizona","la paz"
"849",-114.13892364502,34.2972526550293,3083,90996,"arizona","la paz"
"850",-114.087356567383,34.2972526550293,3083,90997,"arizona","la paz"
"851",-114.02433013916,34.2628746032715,3083,90998,"arizona","la paz"
"852",-113.904014587402,34.2514190673828,3083,90999,"arizona","la paz"
"853",-113.869636535645,34.2571449279785,3083,91000,"arizona","la paz"
"854",-113.829528808594,34.2342300415039,3083,91001,"arizona","la paz"
"855",-113.703475952148,34.2399559020996,3083,91002,"arizona","la paz"
"856",-113.674827575684,34.211311340332,3083,91003,"arizona","la paz"
"857",-113.577423095703,34.2342300415039,3083,91004,"arizona","la paz"
"858",-113.57169342041,34.2686042785645,3083,91005,"arizona","la paz"
"859",-113.525856018066,34.3087120056152,3083,91006,"arizona","la paz"
"860",-113.428451538086,34.3087120056152,3083,91007,"arizona","la paz"
"861",-113.376892089844,34.3029823303223,3083,91008,"arizona","la paz"
"862",-113.3310546875,34.3259010314941,3083,91009,"arizona","la paz"
"863",-113.3310546875,34.0050468444824,3083,91010,"arizona","la paz"
