From,To,
Varsha,Dr.Hsiao,
Akshay Subramaniam,Dr.Hsiao,
laveesh,Dr.Hsiao,
Dr.Hsiao,laveesh,
laveesh,Dr.Hsiao,
Dr.Hsiao,Sushmita,
Sushmita,Dr.Hsiao,
Dr.Hsiao,Sushmita,
Sushmita,Mohamed,
Dr.Hsiao,Sushmita,
Chirag,Mohamed,
Mohamed,Chirag,
Ashmi,Dr.Hsiao,
Dr.Hsiao,Ashmi,
Ashmi,Mohamed,
Mohamed,Ashmi,
Ashish,Dr.Hsiao,
Dr.Hsiao,Ashish,
Ashish,Dr.Hsiao,
Dr.Hsiao,Ashish,
Shubham,Dr.Hsiao,
Dr.Hsiao,Shubham,
Surya,Dr.Hsiao,
Dr.Hsiao,Surya,
Surya,Dr.Hsiao,
Dr.Hsiao,Surya,
Dr.Hsiao,laveesh,
laveesh,Dr.Hsiao,
Dr.Hsiao,laveesh,
laveesh,Dr.Hsiao,
srikanth,Dr.Hsiao,
Dr.Hsiao,srikanth,
Kirtus,Dr.Hsiao,
Dr.Hsiao,Kirtus,
Kirtus,Dr.Hsiao,
Dr.Hsiao,Kirtus,
Kirtus,Dr.Hsiao,
Dr.Hsiao,Kirtus,
srikanth,Dr.Hsiao,
Rohith,Dr.Hsiao,
Dr.Hsiao,Rohith,
Rohith,Dr.Hsiao,
Dr.Hsiao,Rohith,
Shruti,Dr.Hsiao,
Dr.Hsiao,Shruti,
Shruti,Dr.Hsiao,
Manasa,Dr.Hsiao,
Dr.Hsiao,Anand,
Anand,Dr.Hsiao,
Dr.Hsiao,Manasa,
Manasa,Dr.Hsiao,
Guru,Dr.Hsiao,
Dr.Hsiao,Guru,
saloni shah,Dr.Hsiao,
Naitik Seth,Dr.Hsiao,
Dr.Hsiao,Naitik Seth,
Kshama,Dr.Hsiao,
Dr.Hsiao,Kshama,
Mohamed,Dr.Hsiao,
Dr.Hsiao,Mohamed,
Shruti,Dr.Hsiao,
Dr.Hsiao,Shruti,
Abdul Kalyaniwala,Dr.Hsiao,
Ze,Dr.Hsiao,
Dr.Hsiao,Ze,
Ze,Dr.Hsiao,
Thara,Mohamed,
Mohamed,Dr.Hsiao,
Dr.Hsiao,Mohamed,
Dr.Hsiao,Thara,
Thara,Dr.Hsiao,
Mohamed,Dr.Hsiao,
Dr.Hsiao,Mohamed,
Rangaraj,Dr.Hsiao,
Dr.Hsiao,Rangaraj,
Rangaraj,Dr.Hsiao,
Dr.Hsiao,Rangaraj,
Naitik,Dr.Hsiao,
Dr.Hsiao,Naitik,
Naitik,Dr.Hsiao,
Rohith,Dr.Hsiao,
Dr.Hsiao,Rohith,
Adam,Dr.Hsiao,
Dr.Hsiao,Adam,
Mohamed,Dr.Hsiao,
Dr.Hsiao,Mohamed,
Mohamed,Dr.Hsiao,
Travis,Dr.Hsiao,
Dr.Hsiao,Travis,
Travis,Dr.Hsiao,
Naitik,Dr.Hsiao,
Dr.Hsiao,Naitik,
Naitik,Dr.Hsiao,
Rohith,Mohamed,
Mohamed,Rohith,
Rohith,Mohamed,
Mohamed,Dr.Hsiao,
Dr.Hsiao,Mohamed,
Dr.Hsiao,Rohith,
Rohith,Mohamed,
Rohith,Dr.Hsiao,
Dr.Hsiao,Mohamed,
Dr.Hsiao,Rohith,
Rohith,Dr.Hsiao,
Mohamed,Dr.Hsiao,
Dr.Hsiao,Mohamed,
srikanth,Dr.Hsiao,
Kirtus,Dr.Hsiao,
Dr.Hsiao,Kirtus,
Dr.Hsiao,srikanth,
Rohith,Dr.Hsiao,
Dr.Hsiao,Rohith,
Rohith,Dr.Hsiao,
Dr.Hsiao,Rohith,
Rohith,Dr.Hsiao,
Dr.Hsiao,Rohith,
Shruti,Dr.Hsiao,
Dr.Hsiao,Shruti,
Shruti,Dr.Hsiao,
Dr.Hsiao,Mohamed,
Mohamed,Dr.Hsiao,
Dr.Hsiao,Mohamed,
Naitik,Dr.Hsiao,
Dr.Hsiao,Naitik,
Naitik,Dr.Hsiao,
Naitik,Dr.Hsiao,
Dr.Hsiao,Naitik,
Manan,Mohamed,
Mohamed,Manan,
Manan,Mohamed,
Mohamed,Dr.Hsiao,
Mohamed,Manan,
Aloma,Dr.Hsiao,
Partho,Dr.Hsiao,
Shruti,Mohamed,
Shruti,Dr.Hsiao,
saloni,Dr.Hsiao,
Dr.Hsiao,saloni,
Liu,Dr.Hsiao,
Dr.Hsiao,Mohamed,
Dr.Hsiao,Liu,
Liu,Dr.Hsiao,
Dr.Hsiao,Liu,
Dr.Hsiao,Mohamed,
Dr.Hsiao,Liu,
Liu,Dr.Hsiao,
Dr.Hsiao,Liu,
