{"ALG": {"name": "Algeria",
         "player_count": 1,
         "players": {"Lamine Ouahab": {"matches_played": 1, "wins": 0}}},
 "ARG": {"name": "Argentina",
         "player_count": 22,
         "players": {"Agustin Calleri": {"matches_played": 9, "wins": 3},
                     "Brian Dabul": {"matches_played": 3, "wins": 1},
                     "Carlos Berlocq": {"matches_played": 8, "wins": 2},
                     "David Nalbandian": {"matches_played": 29, "wins": 21},
                     "Diego Hartfield": {"matches_played": 1, "wins": 0},
                     "Diego Junqueira": {"matches_played": 1, "wins": 0},
                     "Eduardo Schwank": {"matches_played": 3, "wins": 1},
                     "Federico Delbonis": {"matches_played": 1, "wins": 0},
                     "Gaston Gaudio": {"matches_played": 9, "wins": 5},
                     "Guido Pella": {"matches_played": 1, "wins": 0},
                     "Guillermo Canas": {"matches_played": 10, "wins": 7},
                     "Guillermo Coria": {"matches_played": 8, "wins": 5},
                     "Horacio Zeballos": {"matches_played": 3, "wins": 0},
                     "Jose Acasuso": {"matches_played": 6, "wins": 0},
                     "Juan Ignacio Chela": {"matches_played": 18, "wins": 10},
                     "Juan Martin Del Potro": {"matches_played": 25,
                                               "wins": 17},
                     "Juan Monaco": {"matches_played": 16, "wins": 6},
                     "Juan-Pablo Brzezicki": {"matches_played": 1, "wins": 0},
                     "Leonardo Mayer": {"matches_played": 6, "wins": 1},
                     "Mariano Zabaleta": {"matches_played": 4, "wins": 1},
                     "Martin Vassallo Arguello": {"matches_played": 4,
                                                  "wins": 0},
                     "Sergio Roitman": {"matches_played": 2, "wins": 0}}},
 "ARM": {"name": "Armenia",
         "player_count": 1,
         "players": {"Sargis Sargsian": {"matches_played": 4, "wins": 2}}},
 "AUS": {"name": "Australia",
         "player_count": 32,
         "players": {"Alun Jones": {"matches_played": 4, "wins": 1},
                     "Benjamin Mitchell": {"matches_played": 2, "wins": 0},
                     "Bernard Tomic": {"matches_played": 15, "wins": 9},
                     "Brydan Klein": {"matches_played": 3, "wins": 1},
                     "Carsten Ball": {"matches_played": 3, "wins": 0},
                     "Chris Guccione": {"matches_played": 8, "wins": 2},
                     "Colin Ebelthite": {"matches_played": 1, "wins": 0},
                     "Greg Jones": {"matches_played": 1, "wins": 0},
                     "James Duckworth": {"matches_played": 5, "wins": 2},
                     "Jason Murray Kubler": {"matches_played": 1, "wins": 0},
                     "John Millman": {"matches_played": 1, "wins": 0},
                     "John-Patrick Smith": {"matches_played": 1, "wins": 0},
                     "Jordan Thompson": {"matches_played": 1, "wins": 0},
                     "Joseph Sirianni": {"matches_played": 1, "wins": 0},
                     "Lleyton Hewitt": {"matches_played": 32, "wins": 21},
                     "Luke Saville": {"matches_played": 1, "wins": 0},
                     "Marc Kimmich": {"matches_played": 2, "wins": 0},
                     "Marinko Matosevic": {"matches_played": 5, "wins": 0},
                     "Mark Philippoussis": {"matches_played": 5, "wins": 3},
                     "Matthew Ebden": {"matches_played": 6, "wins": 2},
                     "Nathan Healey": {"matches_played": 5, "wins": 3},
                     "Nick Kyrgios": {"matches_played": 2, "wins": 1},
                     "Nick Lindahl": {"matches_played": 2, "wins": 0},
                     "Paul Baccanello": {"matches_played": 1, "wins": 0},
                     "Peter Luczak": {"matches_played": 10, "wins": 3},
                     "Robert Smeets": {"matches_played": 3, "wins": 1},
                     "Samuel Groth": {"matches_played": 2, "wins": 0},
                     "Scott Draper": {"matches_played": 1, "wins": 0},
                     "Thanasi Kokkinakis": {"matches_played": 2, "wins": 1},
                     "Todd Larkham": {"matches_played": 1, "wins": 0},
                     "Todd Reid": {"matches_played": 4, "wins": 2},
                     "Wayne Arthurs": {"matches_played": 7, "wins": 3}}},
 "AUT": {"name": "Austria",
         "player_count": 7,
         "players": {"Daniel Koellerer": {"matches_played": 1, "wins": 0},
                     "Dominic Thiem": {"matches_played": 2, "wins": 1},
                     "Jurgen Melzer": {"matches_played": 23, "wins": 13},
                     "Martin Slanar": {"matches_played": 1, "wins": 0},
                     "Oliver Marach": {"matches_played": 2, "wins": 0},
                     "Stefan Koubek": {"matches_played": 10, "wins": 5},
                     "Werner Eschauer": {"matches_played": 1, "wins": 0}}},
 "BEL": {"name": "Belgium",
         "player_count": 9,
         "players": {"Christophe Rochus": {"matches_played": 7, "wins": 1},
                     "David Goffin": {"matches_played": 1, "wins": 0},
                     "Dick Norman": {"matches_played": 2, "wins": 1},
                     "Kristof Vliegen": {"matches_played": 8, "wins": 3},
                     "Maxime Authom": {"matches_played": 1, "wins": 0},
                     "Olivier Rochus": {"matches_played": 14, "wins": 6},
                     "Ruben Bemelmans": {"matches_played": 1, "wins": 0},
                     "Steve Darcis": {"matches_played": 4, "wins": 0},
                     "Xavier Malisse": {"matches_played": 15, "wins": 5}}},
 "BIH": {"name": "Bosnia and Herzegovina",
         "player_count": 2,
         "players": {"Amer Delic": {"matches_played": 9, "wins": 5},
                     "Damir Dzumhur": {"matches_played": 3, "wins": 2}}},
 "BLR": {"name": "Belarus",
         "player_count": 1,
         "players": {"Max Mirnyi": {"matches_played": 7, "wins": 3}}},
 "BRA": {"name": "Brazil",
         "player_count": 7,
         "players": {"Flavio Saretta": {"matches_played": 2, "wins": 0},
                     "Gustavo Kuerten": {"matches_played": 3, "wins": 2},
                     "Joao Souza": {"matches_played": 1, "wins": 0},
                     "Marcos Daniel": {"matches_played": 4, "wins": 0},
                     "Ricardo Hocevar": {"matches_played": 1, "wins": 0},
                     "Ricardo Mello": {"matches_played": 6, "wins": 2},
                     "Thomaz Bellucci": {"matches_played": 10, "wins": 4}}},
 "BUL": {"name": "Bulgaria",
         "player_count": 1,
         "players": {"Grigor Dimitrov": {"matches_played": 10, "wins": 6}}},
 "CAN": {"name": "Canada",
         "player_count": 5,
         "players": {"Frank Dancevic": {"matches_played": 6, "wins": 1},
                     "Jesse Levine": {"matches_played": 5, "wins": 2},
                     "Milos Raonic": {"matches_played": 14, "wins": 10},
                     "Peter Polansky": {"matches_played": 1, "wins": 0},
                     "Vasek Pospisil": {"matches_played": 2, "wins": 2}}},
 "CHI": {"name": "Chile",
         "player_count": 3,
         "players": {"Fernando Gonzalez": {"matches_played": 23, "wins": 16},
                     "Nicolas Massu": {"matches_played": 7, "wins": 1},
                     "Paul Capdeville": {"matches_played": 4, "wins": 2}}},
 "CHN": {"name": "China",
         "player_count": 2,
         "players": {"Di Wu": {"matches_played": 2, "wins": 0},
                     "Ze Zhang": {"matches_played": 1, "wins": 0}}},
 "COL": {"name": "Columbia",
         "player_count": 3,
         "players": {"Alejandro Falla": {"matches_played": 13, "wins": 7},
                     "Alejandro Gonzalez": {"matches_played": 1, "wins": 0},
                     "Santiago Giraldo": {"matches_played": 8, "wins": 3}}},
 "CRC": {"name": "Costa Rica",
         "player_count": 1,
         "players": {"Juan-Antonio Marin": {"matches_played": 1, "wins": 0}}},
 "CRO": {"name": "Croatia",
         "player_count": 7,
         "players": {"Antonio Veic": {"matches_played": 2, "wins": 1},
                     "Ivan Dodig": {"matches_played": 10, "wins": 5},
                     "Ivan Ljubicic": {"matches_played": 20, "wins": 11},
                     "Ivo Karlovic": {"matches_played": 19, "wins": 8},
                     "Marin Cilic": {"matches_played": 24, "wins": 17},
                     "Mario Ancic": {"matches_played": 16, "wins": 11},
                     "Roko Karanusic": {"matches_played": 5, "wins": 1}}},
 "CYP": {"name": "Cyprus",
         "player_count": 1,
         "players": {"Marcos Baghdatis": {"matches_played": 32, "wins": 22}}},
 "CZE": {"name": "Czech Republic",
         "player_count": 16,
         "players": {"Bohdan Ulihrach": {"matches_played": 4, "wins": 2},
                     "Ivo Minar": {"matches_played": 3, "wins": 0},
                     "Jan Hajek": {"matches_played": 6, "wins": 1},
                     "Jan Hernych": {"matches_played": 8, "wins": 4},
                     "Jan Vacek": {"matches_played": 2, "wins": 1},
                     "Jiri Novak": {"matches_played": 3, "wins": 2},
                     "Jiri Vanek": {"matches_played": 3, "wins": 0},
                     "Jiri Vesely": {"matches_played": 1, "wins": 0},
                     "Lukas Dlouhy": {"matches_played": 4, "wins": 1},
                     "Lukas Rosol": {"matches_played": 4, "wins": 1},
                     "Michal Tabara": {"matches_played": 3, "wins": 1},
                     "Pavel Snobel": {"matches_played": 1, "wins": 0},
                     "Radek Stepanek": {"matches_played": 21, "wins": 11},
                     "Robin Vik": {"matches_played": 1, "wins": 0},
                     "Tomas Berdych": {"matches_played": 40, "wins": 29},
                     "Tomas Zib": {"matches_played": 3, "wins": 1}}},
 "DEN": {"name": "Denmark",
         "player_count": 3,
         "players": {"Frederik Nielsen": {"matches_played": 1, "wins": 0},
                     "Kenneth Carlsen": {"matches_played": 3, "wins": 0},
                     "Kristian Pless": {"matches_played": 1, "wins": 0}}},
 "ECU": {"name": "Ecuador",
         "player_count": 1,
         "players": {"Nicolas Lapentti": {"matches_played": 6, "wins": 2}}},
 "ESP": {"name": "Spain",
         "player_count": 33,
         "players": {"Adrian Menendez-Maceiras": {"matches_played": 1,
                                                  "wins": 0},
                     "Albert Costa": {"matches_played": 4, "wins": 2},
                     "Albert Montanes": {"matches_played": 14, "wins": 3},
                     "Albert Portas": {"matches_played": 1, "wins": 0},
                     "Albert Ramos": {"matches_played": 3, "wins": 0},
                     "Alberto Martin": {"matches_played": 5, "wins": 1},
                     "Alex Calatrava": {"matches_played": 1, "wins": 0},
                     "Alex Corretja": {"matches_played": 2, "wins": 1},
                     "Arnau Brugues-Davi": {"matches_played": 1, "wins": 0},
                     "Carlos Moya": {"matches_played": 6, "wins": 0},
                     "Daniel Gimeno-Traver": {"matches_played": 7, "wins": 1},
                     "Daniel Munoz-De La Nava": {"matches_played": 1,
                                                 "wins": 0},
                     "David Ferrer": {"matches_played": 43, "wins": 32},
                     "David Sanchez-Munoz": {"matches_played": 3, "wins": 1},
                     "Feliciano Lopez": {"matches_played": 25, "wins": 15},
                     "Felix Mantilla": {"matches_played": 2, "wins": 0},
                     "Fernando Verdasco": {"matches_played": 29, "wins": 18},
                     "Fernando Vicente": {"matches_played": 1, "wins": 0},
                     "Galo Blanco": {"matches_played": 2, "wins": 1},
                     "Guillermo Garcia-Lopez": {"matches_played": 19,
                                                "wins": 9},
                     "Ivan Navarro": {"matches_played": 1, "wins": 0},
                     "Juan Carlos Ferrero": {"matches_played": 21, "wins": 13},
                     "Marcel Granollers": {"matches_played": 11, "wins": 4},
                     "Nicolas Almagro": {"matches_played": 24, "wins": 15},
                     "Oscar Hernandez": {"matches_played": 7, "wins": 1},
                     "Pablo Andujar": {"matches_played": 7, "wins": 2},
                     "Pablo Carreno-Busta": {"matches_played": 1, "wins": 0},
                     "Pere Riba": {"matches_played": 4, "wins": 2},
                     "Rafael Nadal": {"matches_played": 49, "wins": 41},
                     "Roberto Bautista-Agut": {"matches_played": 7, "wins": 4},
                     "Ruben Ramirez-Hidalgo": {"matches_played": 4, "wins": 0},
                     "Santiago Ventura": {"matches_played": 3, "wins": 1},
                     "Tommy Robredo": {"matches_played": 29, "wins": 19}}},
 "EST": {"name": "Estonia",
         "player_count": 1,
         "players": {"Jurgen Zopp": {"matches_played": 1, "wins": 0}}},
 "FIN": {"name": "Finland",
         "player_count": 1,
         "players": {"Jarkko Nieminen": {"matches_played": 24, "wins": 13}}},
 "FRA": {"name": "France",
         "player_count": 38,
         "players": {"Adrian Mannarino": {"matches_played": 7, "wins": 2},
                     "Antony Dupuis": {"matches_played": 2, "wins": 0},
                     "Arnaud Clement": {"matches_played": 10, "wins": 2},
                     "Benoit Paire": {"matches_played": 7, "wins": 3},
                     "Cyril Saulnier": {"matches_played": 4, "wins": 1},
                     "David Guez": {"matches_played": 2, "wins": 0},
                     "Edouard Roger-Vasselin": {"matches_played": 8, "wins": 4},
                     "Eric Prodon": {"matches_played": 1, "wins": 0},
                     "Fabrice Santoro": {"matches_played": 17, "wins": 10},
                     "Florent Serra": {"matches_played": 13, "wins": 5},
                     "Gael Monfils": {"matches_played": 25, "wins": 16},
                     "Gilles Simon": {"matches_played": 22, "wins": 14},
                     "Gregory Carraz": {"matches_played": 3, "wins": 1},
                     "Guillaume Rufin": {"matches_played": 3, "wins": 1},
                     "Jean-Christophe Faurel": {"matches_played": 2, "wins": 1},
                     "Jeremy Chardy": {"matches_played": 12, "wins": 6},
                     "Jerome Golmard": {"matches_played": 2, "wins": 1},
                     "Jerome Haehnel": {"matches_played": 1, "wins": 0},
                     "Jo-Wilfried Tsonga": {"matches_played": 35, "wins": 27},
                     "Josselin Ouanna": {"matches_played": 1, "wins": 0},
                     "Julien Benneteau": {"matches_played": 16, "wins": 8},
                     "Kenny de Schepper": {"matches_played": 3, "wins": 1},
                     "Lucas Pouille": {"matches_played": 1, "wins": 0},
                     "Marc Gicquel": {"matches_played": 8, "wins": 4},
                     "Mathieu Montcourt": {"matches_played": 1, "wins": 0},
                     "Michael Llodra": {"matches_played": 14, "wins": 4},
                     "Nicolas Devilder": {"matches_played": 2, "wins": 0},
                     "Nicolas Escude": {"matches_played": 3, "wins": 2},
                     "Nicolas Mahut": {"matches_played": 11, "wins": 5},
                     "Olivier Mutis": {"matches_played": 2, "wins": 0},
                     "Olivier Patience": {"matches_played": 6, "wins": 2},
                     "Paul-Henri Mathieu": {"matches_played": 13, "wins": 7},
                     "Richard Gasquet": {"matches_played": 28, "wins": 18},
                     "Sebastien Grosjean": {"matches_played": 19, "wins": 13},
                     "Sebastien de Chaunac": {"matches_played": 3, "wins": 1},
                     "Stephane Robert": {"matches_played": 8, "wins": 4},
                     "Thierry Ascione": {"matches_played": 4, "wins": 1},
                     "Vincent Millot": {"matches_played": 3, "wins": 1}}},
 "GBR": {"name": "United Kingdom",
         "player_count": 6,
         "players": {"Alan Mackin": {"matches_played": 1, "wins": 0},
                     "Andy Murray": {"matches_played": 42, "wins": 33},
                     "Greg Rusedski": {"matches_played": 3, "wins": 1},
                     "James Ward": {"matches_played": 1, "wins": 0},
                     "Jamie Baker": {"matches_played": 2, "wins": 0},
                     "Tim Henman": {"matches_played": 7, "wins": 4}}},
 "GEO": {"name": "Georgia",
         "player_count": 1,
         "players": {"Irakli Labadze": {"matches_played": 2, "wins": 0}}},
 "GER": {"name": "Germany",
         "player_count": 27,
         "players": {"Alexander Popp": {"matches_played": 1, "wins": 0},
                     "Alexander Waske": {"matches_played": 2, "wins": 0},
                     "Andreas Beck": {"matches_played": 3, "wins": 2},
                     "Benjamin Becker": {"matches_played": 10, "wins": 3},
                     "Bjorn Phau": {"matches_played": 9, "wins": 2},
                     "Cedrik-Marcel Stebe": {"matches_played": 2, "wins": 0},
                     "Daniel Brands": {"matches_played": 4, "wins": 1},
                     "Denis Gremelmayr": {"matches_played": 7, "wins": 3},
                     "Dieter Kindlmann": {"matches_played": 3, "wins": 0},
                     "Dustin Brown": {"matches_played": 1, "wins": 0},
                     "Florian Mayer": {"matches_played": 22, "wins": 12},
                     "Jan-Lennard Struff": {"matches_played": 1, "wins": 0},
                     "Julian Reister": {"matches_played": 2, "wins": 0},
                     "Lars Burgsmuller": {"matches_played": 4, "wins": 1},
                     "Matthias Bachinger": {"matches_played": 1, "wins": 0},
                     "Michael Berrer": {"matches_played": 10, "wins": 4},
                     "Mischa Zverev": {"matches_played": 6, "wins": 1},
                     "Nicolas Kiefer": {"matches_played": 9, "wins": 5},
                     "Peter Gojowczyk": {"matches_played": 2, "wins": 0},
                     "Philipp Kohlschreiber": {"matches_played": 26,
                                               "wins": 17},
                     "Philipp Petzschner": {"matches_played": 5, "wins": 1},
                     "Rainer Schuettler": {"matches_played": 11, "wins": 3},
                     "Simon Greul": {"matches_played": 3, "wins": 0},
                     "Simon Stadler": {"matches_played": 1, "wins": 0},
                     "Tobias Kamke": {"matches_played": 6, "wins": 2},
                     "Tomas Behrend": {"matches_played": 2, "wins": 0},
                     "Tommy Haas": {"matches_played": 22, "wins": 14}}},
 "GRE": {"name": "Greece",
         "player_count": 1,
         "players": {"Konstantinos Economidis": {"matches_played": 1,
                                                 "wins": 0}}},
 "IND": {"name": "India",
         "player_count": 1,
         "players": {"Somdev Devvarman": {"matches_played": 4, "wins": 1}}},
 "IRL": {"name": "Ireland",
         "player_count": 1,
         "players": {"Louk Sorensen": {"matches_played": 2, "wins": 1}}},
 "ISR": {"name": "Israel",
         "player_count": 3,
         "players": {"Amir Weintraub": {"matches_played": 2, "wins": 1},
                     "Dudi Sela": {"matches_played": 12, "wins": 4},
                     "Harel Levy": {"matches_played": 2, "wins": 0}}},
 "ITA": {"name": "Italy",
         "player_count": 14,
         "players": {"Alessio di Mauro": {"matches_played": 1, "wins": 0},
                     "Andrea Stoppini": {"matches_played": 1, "wins": 0},
                     "Andreas Seppi": {"matches_played": 16, "wins": 7},
                     "Daniele Bracciali": {"matches_played": 4, "wins": 1},
                     "Davide Sanguinetti": {"matches_played": 4, "wins": 1},
                     "Fabio Fognini": {"matches_played": 11, "wins": 4},
                     "Federico Luzzi": {"matches_played": 3, "wins": 1},
                     "Filippo Volandri": {"matches_played": 10, "wins": 1},
                     "Flavio Cipolla": {"matches_played": 6, "wins": 2},
                     "Marco Crugnola": {"matches_played": 1, "wins": 0},
                     "Matteo Viola": {"matches_played": 1, "wins": 0},
                     "Paolo Lorenzi": {"matches_played": 3, "wins": 0},
                     "Potito Starace": {"matches_played": 7, "wins": 0},
                     "Simone Bolelli": {"matches_played": 6, "wins": 2}}},
 "JPN": {"name": "Japan",
         "player_count": 4,
         "players": {"Go Soeda": {"matches_played": 4, "wins": 1},
                     "Kei Nishikori": {"matches_played": 17, "wins": 12},
                     "Takao Suzuki": {"matches_played": 2, "wins": 1},
                     "Tatsuma Ito": {"matches_played": 4, "wins": 2}}},
 "KAZ": {"name": "Kazakhastan",
         "player_count": 4,
         "players": {"Aleksandr Nedovesov": {"matches_played": 1, "wins": 0},
                     "Andrey Golubev": {"matches_played": 7, "wins": 2},
                     "Evgeny Korolev": {"matches_played": 8, "wins": 4},
                     "Mikhail Kukushkin": {"matches_played": 7, "wins": 3}}},
 "KOR": {"name": "South Korea",
         "player_count": 1,
         "players": {"Hyung-Taik Lee": {"matches_played": 6, "wins": 1}}},
 "LAT": {"name": "Latvia",
         "player_count": 1,
         "players": {"Ernests Gulbis": {"matches_played": 8, "wins": 2}}},
 "LTU": {"name": "Lithuania",
         "player_count": 1,
         "players": {"Richard Berankis": {"matches_played": 7, "wins": 4}}},
 "LUX": {"name": "Luxemborg",
         "player_count": 1,
         "players": {"Gilles Muller": {"matches_played": 11, "wins": 3}}},
 "MAR": {"name": "Morocco",
         "player_count": 2,
         "players": {"Hicham Arazi": {"matches_played": 5, "wins": 4},
                     "Younes El Aynaoui": {"matches_played": 1, "wins": 0}}},
 "MON": {"name": "Montenegro",
         "player_count": 1,
         "players": {"Jean-Rene Lisnard": {"matches_played": 5, "wins": 2}}},
 "NED": {"name": "Netherlands",
         "player_count": 11,
         "players": {"Dennis Van Scheppingen": {"matches_played": 1, "wins": 0},
                     "Igor Sijsling": {"matches_played": 2, "wins": 0},
                     "Jesse Huta Galung": {"matches_played": 1, "wins": 0},
                     "John van Lottum": {"matches_played": 1, "wins": 0},
                     "Martin Verkerk": {"matches_played": 1, "wins": 0},
                     "Melle van Gemerden": {"matches_played": 1, "wins": 0},
                     "Peter Wessels": {"matches_played": 2, "wins": 1},
                     "Raemon Sluiter": {"matches_played": 4, "wins": 1},
                     "Robin Haase": {"matches_played": 9, "wins": 3},
                     "Sjeng Schalken": {"matches_played": 5, "wins": 3},
                     "Thiemo de Bakker": {"matches_played": 2, "wins": 0}}},
 "PER": {"name": "Peru",
         "player_count": 2,
         "players": {"Ivan Miranda": {"matches_played": 1, "wins": 0},
                     "Luis Horna": {"matches_played": 7, "wins": 2}}},
 "PHI": {"name": "Philippines",
         "player_count": 1,
         "players": {"Cecil Mamiit": {"matches_played": 1, "wins": 0}}},
 "POL": {"name": "Poland",
         "player_count": 3,
         "players": {"Jerzy Janowicz": {"matches_played": 6, "wins": 4},
                     "Lukasz Kubot": {"matches_played": 8, "wins": 3},
                     "Michal Przysiezny": {"matches_played": 3, "wins": 1}}},
 "POR": {"name": "Portugal",
         "player_count": 3,
         "players": {"Frederico Gil": {"matches_played": 6, "wins": 3},
                     "Joao Sousa": {"matches_played": 3, "wins": 1},
                     "Rui Machado": {"matches_played": 2, "wins": 0}}},
 "ROU": {"name": "Romania",
         "player_count": 4,
         "players": {"Adrian Ungur": {"matches_played": 1, "wins": 0},
                     "Andrei Pavel": {"matches_played": 10, "wins": 5},
                     "Razvan Sabau": {"matches_played": 1, "wins": 0},
                     "Victor Hanescu": {"matches_played": 15, "wins": 4}}},
 "RSA": {"name": "South Africa",
         "player_count": 4,
         "players": {"Kevin Anderson": {"matches_played": 15, "wins": 8},
                     "Rik de Voest": {"matches_played": 1, "wins": 0},
                     "Wayne Ferreira": {"matches_played": 3, "wins": 2},
                     "Wesley Moodie": {"matches_played": 3, "wins": 1}}},
 "RUS": {"name": "Russia",
         "player_count": 11,
         "players": {"Alex Jr. Bogomolov": {"matches_played": 7, "wins": 2},
                     "Alexander Kudryavtsev": {"matches_played": 1, "wins": 0},
                     "Andrey Kuznetsov": {"matches_played": 2, "wins": 1},
                     "Dmitry Tursunov": {"matches_played": 13, "wins": 5},
                     "Evgeny Donskoy": {"matches_played": 3, "wins": 2},
                     "Igor Andreev": {"matches_played": 16, "wins": 8},
                     "Igor Kunitsyn": {"matches_played": 7, "wins": 2},
                     "Marat Safin": {"matches_played": 22, "wins": 18},
                     "Mikhail Youzhny": {"matches_played": 21, "wins": 11},
                     "Nikolay Davydenko": {"matches_played": 32, "wins": 22},
                     "Teimuraz Gabashvili": {"matches_played": 7, "wins": 2}}},
 "SLO": {"name": "Slovenia",
         "player_count": 4,
         "players": {"Aljaz Bedene": {"matches_played": 2, "wins": 0},
                     "Blaz Kavcic": {"matches_played": 10, "wins": 5},
                     "Blaz Rola": {"matches_played": 2, "wins": 1},
                     "Grega Zemlja": {"matches_played": 3, "wins": 0}}},
 "SRB": {"name": "Serbia",
         "player_count": 6,
         "players": {"Boris Pashanski": {"matches_played": 3, "wins": 1},
                     "Dusan Lajovic": {"matches_played": 2, "wins": 1},
                     "Ilija Bozoljac": {"matches_played": 2, "wins": 1},
                     "Janko Tipsarevic": {"matches_played": 21, "wins": 12},
                     "Novak Djokovic": {"matches_played": 49, "wins": 43},
                     "Viktor Troicki": {"matches_played": 11, "wins": 5}}},
 "SUI": {"name": "Switzerland",
         "player_count": 4,
         "players": {"Marco Chiudinelli": {"matches_played": 3, "wins": 1},
                     "Michael Lammer": {"matches_played": 1, "wins": 0},
                     "Roger Federer": {"matches_played": 70, "wins": 63},
                     "Stanislas Wawrinka": {"matches_played": 30, "wins": 22}}},
 "SVK": {"name": "Slovakia",
         "player_count": 5,
         "players": {"Dominik Hrbaty": {"matches_played": 17, "wins": 12},
                     "Karol Beck": {"matches_played": 7, "wins": 3},
                     "Karol Kucera": {"matches_played": 2, "wins": 1},
                     "Lukas Lacko": {"matches_played": 11, "wins": 4},
                     "Martin Klizan": {"matches_played": 4, "wins": 2}}},
 "SWE": {"name": "Sweden",
         "player_count": 7,
         "players": {"Bjorn Rehnquist": {"matches_played": 2, "wins": 0},
                     "Jacob Adaktusson": {"matches_played": 1, "wins": 0},
                     "Joachim Johansson": {"matches_played": 8, "wins": 5},
                     "Jonas Bjorkman": {"matches_played": 5, "wins": 1},
                     "Robin Soderling": {"matches_played": 11, "wins": 5},
                     "Thomas Enqvist": {"matches_played": 4, "wins": 2},
                     "Thomas Johansson": {"matches_played": 12, "wins": 7}}},
 "THA": {"name": "Thailand",
         "player_count": 2,
         "players": {"Danai Udomchoke": {"matches_played": 5, "wins": 2},
                     "Paradorn Srichaphan": {"matches_played": 8, "wins": 4}}},
 "TPE": {"name": "Taipei",
         "player_count": 2,
         "players": {"Jimmy Wang": {"matches_played": 4, "wins": 1},
                     "Yen-Hsun Lu": {"matches_played": 17, "wins": 7}}},
 "TUR": {"name": "Turkey",
         "player_count": 1,
         "players": {"Marsel Ilhan": {"matches_played": 3, "wins": 1}}},
 "UKR": {"name": "Ukraine",
         "player_count": 4,
         "players": {"Alexandr Dolgopolov": {"matches_played": 11, "wins": 7},
                     "Illya Marchenko": {"matches_played": 5, "wins": 2},
                     "Ivan Sergeyev": {"matches_played": 2, "wins": 1},
                     "Sergiy Stakhovsky": {"matches_played": 9, "wins": 3}}},
 "URU": {"name": "Uruguay",
         "player_count": 1,
         "players": {"Pablo Cuevas": {"matches_played": 2, "wins": 0}}},
 "USA": {"name": "United States of America",
         "player_count": 37,
         "players": {"Alex Kuznetsov": {"matches_played": 3, "wins": 1},
                     "Andre Agassi": {"matches_played": 11, "wins": 9},
                     "Andy Roddick": {"matches_played": 41, "wins": 32},
                     "Bobby Reynolds": {"matches_played": 7, "wins": 2},
                     "Bradley Klahn": {"matches_played": 1, "wins": 0},
                     "Brian Baker": {"matches_played": 2, "wins": 1},
                     "Brian Vahaly": {"matches_played": 1, "wins": 0},
                     "Brian Wilson": {"matches_played": 1, "wins": 0},
                     "Denis Kudla": {"matches_played": 2, "wins": 0},
                     "Donald Young": {"matches_played": 9, "wins": 4},
                     "Glenn Weiner": {"matches_played": 2, "wins": 1},
                     "Jack Sock": {"matches_played": 2, "wins": 1},
                     "James Blake": {"matches_played": 24, "wins": 17},
                     "Jan-Michael Gambill": {"matches_played": 3, "wins": 1},
                     "Jeff Morrison": {"matches_played": 2, "wins": 1},
                     "Jeff Salzenstein": {"matches_played": 1, "wins": 0},
                     "John Isner": {"matches_played": 13, "wins": 7},
                     "Justin Gimelstob": {"matches_played": 2, "wins": 0},
                     "Kevin Kim": {"matches_played": 6, "wins": 3},
                     "Mardy Fish": {"matches_played": 19, "wins": 11},
                     "Michael Russell": {"matches_played": 9, "wins": 2},
                     "Paul Goldstein": {"matches_played": 3, "wins": 1},
                     "Rajeev Ram": {"matches_played": 4, "wins": 1},
                     "Rhyne Williams": {"matches_played": 2, "wins": 0},
                     "Robby Ginepri": {"matches_played": 12, "wins": 6},
                     "Robert Kendrick": {"matches_played": 3, "wins": 0},
                     "Ryan Harrison": {"matches_played": 6, "wins": 1},
                     "Ryan Sweeting": {"matches_played": 4, "wins": 2},
                     "Sam Querrey": {"matches_played": 17, "wins": 9},
                     "Sam Warburg": {"matches_played": 2, "wins": 1},
                     "Steve Johnson": {"matches_played": 2, "wins": 0},
                     "Taylor Dent": {"matches_played": 10, "wins": 5},
                     "Tim Smyczek": {"matches_played": 3, "wins": 1},
                     "Todd Martin": {"matches_played": 3, "wins": 2},
                     "Vince Spadea": {"matches_played": 9, "wins": 3},
                     "Wayne Odesnik": {"matches_played": 5, "wins": 1},
                     "Zack Fleishman": {"matches_played": 3, "wins": 1}}},
 "UZB": {"name": "Uzbekistan",
         "player_count": 2,
         "players": {"Denis Istomin": {"matches_played": 15, "wins": 7},
                     "Vadim Kutsenko": {"matches_played": 1, "wins": 0}}}}