{"ace1": 8, "ace2": 3, "result": "7-6(3) 6-4 6-2", "error1": 28.0, "error2": 41.0, "stage1": "Champion", "stage2": "Finals", "name": "Roger Federer", "children": [{"ace1": 11, "ace2": 6, "result": "6-4 6-1 6-4", "error1": 22.0, "error2": 19.0, "stage1": "Finals", "stage2": "Semi Finals", "name": "Roger Federer", "children": [{"ace1": 20, "ace2": 5, "result": "7-5 6-4 5-7 6-3", "error1": 55.0, "error2": 30.0, "stage1": "Semi Finals", "stage2": "Quarter Finals", "name": "Roger Federer", "children": [{"ace1": 14, "ace2": 5, "result": "4-6 6-3 6-0 6-4", "error1": 41.0, "error2": 29.0, "stage1": "Quarter Finals", "stage2": "Round 4", "name": "Roger Federer", "children": [{"ace1": 5, "ace2": 1, "result": "6-3 6-0 6-1", "error1": 29.0, "error2": 31.0, "stage1": "Round 4", "stage2": "Round 3", "name": "Roger Federer", "children": [{"ace1": 5, "ace2": 8, "result": "6-2 6-3 6-4", "error1": 15.0, "error2": 14.0, "stage1": "Round 3", "stage2": "Round 2", "name": "Roger Federer", "children": [{"ace1": 13, "ace2": 0, "result": "6-3 6-4 6-0", "error1": 25.0, "error2": 22.0, "stage1": "Round 2", "stage2": "Round 1", "name": "Roger Federer", "children": [{"name": "Roger Federer", "stage1": "Round 1", "size": 5940}, {"name": "Alex Jr. Bogomolov", "stage1": "Round 1", "size": 4380}]}, {"ace1": 17, "ace2": 1, "result": "6-4 6-2 6-4", "error1": 26, "error2": 26, "stage1": "Round 2", "stage2": "Round 1", "name": "Jeff Morrison", "children": [{"name": "Jeff Morrison", "stage1": "Round 1", "size": 4600}, {"name": "Dennis Van Scheppingen", "stage1": "Round 1", "size": 1240}]}]}, {"ace1": 7, "ace2": 7, "result": "6-3 6-4 4-6 6-7(6) 6-4", "error1": 45.0, "error2": 53.0, "stage1": "Round 3", "stage2": "Round 2", "name": "Todd Reid", "children": [{"ace1": 6, "ace2": 2, "result": "6-2 6-3 6-2", "error1": 17, "error2": 38, "stage1": "Round 2", "stage2": "Round 1", "name": "Todd Reid", "children": [{"name": "Todd Reid", "stage1": "Round 1", "size": 4460}, {"name": "Vadim Kutsenko", "stage1": "Round 1", "size": 4180}]}, {"ace1": 2, "ace2": 1, "result": "6-2 6-3 6-1", "error1": 19, "error2": 33, "stage1": "Round 2", "stage2": "Round 1", "name": "Sargis Sargsian", "children": [{"name": "Sargis Sargsian", "stage1": "Round 1", "size": 5360}, {"name": "Jonas Bjorkman", "stage1": "Round 1", "size": 2880}]}]}]}, {"ace1": 9, "ace2": 1, "result": "7-6(2) 7-6(5) 6-2", "error1": 37.0, "error2": 36.0, "stage1": "Round 4", "stage2": "Round 3", "name": "Lleyton Hewitt", "children": [{"ace1": 3, "ace2": 5, "result": "1-6 6-1 6-4 6-1", "error1": 34.0, "error2": 44.0, "stage1": "Round 3", "stage2": "Round 2", "name": "Lleyton Hewitt", "children": [{"ace1": 4, "ace2": 3, "result": "6-2 6-4 0-1 ret.", "error1": 22.0, "error2": 23.0, "stage1": "Round 2", "stage2": "Round 1", "name": "Lleyton Hewitt", "children": [{"name": "Lleyton Hewitt", "stage1": "Round 1", "size": 5560}, {"name": "Cecil Mamiit", "stage1": "Round 1", "size": 4340}]}, {"ace1": 7, "ace2": 1, "result": "6-2 6-3 6-4", "error1": 29, "error2": 43, "stage1": "Round 2", "stage2": "Round 1", "name": "Karol Kucera", "children": [{"name": "Karol Kucera", "stage1": "Round 1", "size": 1680}, {"name": "Xavier Malisse", "stage1": "Round 1", "size": 3000}]}]}, {"ace1": 0, "ace2": 5, "result": "6-4 3-6 7-5 6-1", "error1": 40.0, "error2": 73.0, "stage1": "Round 3", "stage2": "Round 2", "name": "Rafael Nadal", "children": [{"ace1": 5, "ace2": 4, "result": "6-1 6-2 6-2", "error1": 25.0, "error2": 34.0, "stage1": "Round 2", "stage2": "Round 1", "name": "Rafael Nadal", "children": [{"name": "Rafael Nadal", "stage1": "Round 1", "size": 5680}, {"name": "Michal Tabara", "stage1": "Round 1", "size": 4980}]}, {"ace1": 17, "ace2": 1, "result": "6-4 6-2 6-4", "error1": 26.0, "error2": 27.0, "stage1": "Round 2", "stage2": "Round 1", "name": "Jeff Morrison", "children": [{"name": "Jeff Morrison", "stage1": "Round 1", "size": 4840}, {"name": "Dennis Van Scheppingen", "stage1": "Round 1", "size": 4780}]}]}]}]}, {"ace1": 8, "ace2": 5, "result": "6-4 6-2 6-1", "error1": 31.0, "error2": 28.0, "stage1": "Quarter Finals", "stage2": "Round 4", "name": "David Nalbandian", "children": [{"ace1": 3, "ace2": 3, "result": "6-2 6-4 7-5", "error1": 24.0, "error2": 32.0, "stage1": "Round 4", "stage2": "Round 3", "name": "David Nalbandian", "children": [{"ace1": 4, "ace2": 1, "result": "6-1 6-0 6-3", "error1": 31.0, "error2": 44.0, "stage1": "Round 3", "stage2": "Round 2", "name": "David Nalbandian", "children": [{"ace1": 8, "ace2": 4, "result": "6-2 6-1 6-4", "error1": 29.0, "error2": 34.0, "stage1": "Round 2", "stage2": "Round 1", "name": "David Nalbandian", "children": [{"name": "David Nalbandian", "stage1": "Round 1", "size": 5900}, {"name": "Ricardo Mello", "stage1": "Round 1", "size": 4140}]}, {"ace1": 6, "ace2": 9, "result": "7-5 6-4 6-3", "error1": 13, "error2": 34, "stage1": "Round 2", "stage2": "Round 1", "name": "Florian Mayer", "children": [{"name": "Florian Mayer", "stage1": "Round 1", "size": 6000}, {"name": "Richard Gasquet", "stage1": "Round 1", "size": 4260}]}]}, {"ace1": 8, "ace2": 1, "result": "2-6 6-3 6-4 6-4", "error1": 60, "error2": 25, "stage1": "Round 3", "stage2": "Round 2", "name": "Wayne Ferreira", "children": [{"ace1": 5, "ace2": 5, "result": "6-4 3-6 7-6(3) 6-1", "error1": 35, "error2": 37, "stage1": "Round 2", "stage2": "Round 1", "name": "Wayne Ferreira", "children": [{"name": "Wayne Ferreira", "stage1": "Round 1", "size": 4400}, {"name": "Victor Hanescu", "stage1": "Round 1", "size": 5400}]}, {"ace1": 3, "ace2": 15, "result": "6-7(1) 7-6(5) 4-6 6-4 6-3", "error1": 30, "error2": 59, "stage1": "Round 2", "stage2": "Round 1", "name": "David Sanchez-Munoz", "children": [{"name": "David Sanchez-Munoz", "stage1": "Round 1", "size": 3620}, {"name": "Wesley Moodie", "stage1": "Round 1", "size": 4560}]}]}]}, {"ace1": 4, "ace2": 9, "result": "6-7(5) 5-7 7-6(3) 7-5 9-7", "error1": 24.0, "error2": 74.0, "stage1": "Round 4", "stage2": "Round 3", "name": "Guillermo Canas", "children": [{"ace1": 13, "ace2": 12, "result": "6-1 4-6 2-6 7-6(2) 6-4", "error1": 29.0, "error2": 67.0, "stage1": "Round 3", "stage2": "Round 2", "name": "Guillermo Canas", "children": [{"ace1": 1, "ace2": 1, "result": "6-2 6-2 6-4", "error1": 27.0, "error2": 56.0, "stage1": "Round 2", "stage2": "Round 1", "name": "Guillermo Canas", "children": [{"name": "Guillermo Canas", "stage1": "Round 1", "size": 6000}, {"name": "Sebastien de Chaunac", "stage1": "Round 1", "size": 4160}]}, {"ace1": 17, "ace2": 5, "result": "6-1 3-6 6-3 7-5", "error1": 53, "error2": 28, "stage1": "Round 2", "stage2": "Round 1", "name": "Agustin Calleri", "children": [{"name": "Agustin Calleri", "stage1": "Round 1", "size": 3260}, {"name": "Christophe Rochus", "stage1": "Round 1", "size": 5100}]}]}, {"ace1": 3, "ace2": 3, "result": "6-2 4-6 6-3 6-0", "error1": 25.0, "error2": 25.0, "stage1": "Round 3", "stage2": "Round 2", "name": "Tim Henman", "children": [{"ace1": 2, "ace2": 3, "result": "6-2 6-4 6-2", "error1": 17.0, "error2": 24.0, "stage1": "Round 2", "stage2": "Round 1", "name": "Tim Henman", "children": [{"name": "Tim Henman", "stage1": "Round 1", "size": 5800}, {"name": "Jean-Rene Lisnard", "stage1": "Round 1", "size": 3020}]}, {"ace1": 17, "ace2": 6, "result": "6-7(3) 3-6 6-2 6-3 6-3", "error1": 67.0, "error2": 58.0, "stage1": "Round 2", "stage2": "Round 1", "name": "Radek Stepanek", "children": [{"name": "Radek Stepanek", "stage1": "Round 1", "size": 4200}, {"name": "Davide Sanguinetti", "stage1": "Round 1", "size": 3920}]}]}]}]}]}, {"ace1": 19, "ace2": 18, "result": "6-1 7-6(6) 7-6(5)", "error1": 52.0, "error2": 55.0, "stage1": "Semi Finals", "stage2": "Quarter Finals", "name": "Juan Carlos Ferrero", "children": [{"ace1": 11, "ace2": 17, "result": "6-4 3-6 6-3 6-2", "error1": 40.0, "error2": 34.0, "stage1": "Quarter Finals", "stage2": "Round 4", "name": "Juan Carlos Ferrero", "children": [{"ace1": 14, "ace2": 19, "result": "6-1 7-6(4) 6-7(5) 6-4", "error1": 17.0, "error2": 52.0, "stage1": "Round 4", "stage2": "Round 3", "name": "Juan Carlos Ferrero", "children": [{"ace1": 2, "ace2": 2, "result": "6-4 7-6(3) 7-5", "error1": 34.0, "error2": 53.0, "stage1": "Round 3", "stage2": "Round 2", "name": "Juan Carlos Ferrero", "children": [{"ace1": 7, "ace2": 0, "result": "6-0 6-1 6-1", "error1": 15.0, "error2": 32.0, "stage1": "Round 2", "stage2": "Round 1", "name": "Juan Carlos Ferrero", "children": [{"name": "Juan Carlos Ferrero", "stage1": "Round 1", "size": 5980}, {"name": "Albert Montanes", "stage1": "Round 1", "size": 3860}]}, {"ace1": 4, "ace2": 10, "result": "6-3 4-6 6-3 6-4", "error1": 37, "error2": 48, "stage1": "Round 2", "stage2": "Round 1", "name": "Filippo Volandri", "children": [{"name": "Filippo Volandri", "stage1": "Round 1", "size": 5280}, {"name": "Nicolas Kiefer", "stage1": "Round 1", "size": 3820}]}]}, {"ace1": 10, "ace2": 2, "result": "7-6(5) 6-3 7-5", "error1": 35.0, "error2": 18.0, "stage1": "Round 3", "stage2": "Round 2", "name": "Joachim Johansson", "children": [{"ace1": 17, "ace2": 12, "result": "6-4 7-6(3) 6-4", "error1": 17.0, "error2": 16.0, "stage1": "Round 2", "stage2": "Round 1", "name": "Joachim Johansson", "children": [{"name": "Joachim Johansson", "stage1": "Round 1", "size": 5020}, {"name": "Alexander Popp", "stage1": "Round 1", "size": 3080}]}, {"ace1": 4, "ace2": 27, "result": "3-6 4-6 7-6(3) 6-4 6-2", "error1": 34, "error2": 83, "stage1": "Round 2", "stage2": "Round 1", "name": "Alberto Martin", "children": [{"name": "Alberto Martin", "stage1": "Round 1", "size": 5440}, {"name": "Feliciano Lopez", "stage1": "Round 1", "size": 4080}]}]}]}, {"ace1": 15, "ace2": 7, "result": "4-6 3-6 7-5 7-6(3) 6-4", "error1": 60.0, "error2": 55.0, "stage1": "Round 4", "stage2": "Round 3", "name": "Andrei Pavel", "children": [{"ace1": 9, "ace2": 19, "result": "6-4 6-4 6-2", "error1": 10.0, "error2": 29.0, "stage1": "Round 3", "stage2": "Round 2", "name": "Andrei Pavel", "children": [{"ace1": 9, "ace2": 16, "result": "6-7(2) 6-3 6-2 7-6(2)", "error1": 11, "error2": 25, "stage1": "Round 2", "stage2": "Round 1", "name": "Andrei Pavel", "children": [{"name": "Andrei Pavel", "stage1": "Round 1", "size": 5740}, {"name": "Max Mirnyi", "stage1": "Round 1", "size": 4720}]}, {"ace1": 34, "ace2": 16, "result": "7-6(3) 4-6 6-3 3-6 6-4", "error1": 30, "error2": 28, "stage1": "Round 2", "stage2": "Round 1", "name": "Glenn Weiner", "children": [{"name": "Glenn Weiner", "stage1": "Round 1", "size": 4800}, {"name": "Jeff Salzenstein", "stage1": "Round 1", "size": 3960}]}]}, {"ace1": 4, "ace2": 3, "result": "6-2 7-6(3) 6-4", "error1": 28, "error2": 56, "stage1": "Round 3", "stage2": "Round 2", "name": "Jiri Novak", "children": [{"ace1": 5, "ace2": 2, "result": "6-3 6-3 7-5", "error1": 19.0, "error2": 32.0, "stage1": "Round 2", "stage2": "Round 1", "name": "Jiri Novak", "children": [{"name": "Jiri Novak", "stage1": "Round 1", "size": 5540}, {"name": "Olivier Rochus", "stage1": "Round 1", "size": 4500}]}, {"ace1": 8, "ace2": 4, "result": "6-2 3-6 6-3 6-4", "error1": 48, "error2": 47, "stage1": "Round 2", "stage2": "Round 1", "name": "Jan Vacek", "children": [{"name": "Jan Vacek", "stage1": "Round 1", "size": 3280}, {"name": "Ruben Ramirez-Hidalgo", "stage1": "Round 1", "size": 3840}]}]}]}]}, {"ace1": 7, "ace2": 8, "result": "6-2 6-2 6-4", "error1": 10.0, "error2": 38.0, "stage1": "Quarter Finals", "stage2": "Round 4", "name": "Hicham Arazi", "children": [{"ace1": 10, "ace2": 12, "result": "2-6 7-6(2) 6-2 6-1", "error1": 40.0, "error2": 56.0, "stage1": "Round 4", "stage2": "Round 3", "name": "Hicham Arazi", "children": [{"ace1": 1, "ace2": 2, "result": "3-6 6-1 6-2 ret.", "error1": 17.0, "error2": 41.0, "stage1": "Round 3", "stage2": "Round 2", "name": "Hicham Arazi", "children": [{"ace1": 5, "ace2": 5, "result": "7-5 2-6 6-0 6-3", "error1": 29.0, "error2": 49.0, "stage1": "Round 2", "stage2": "Round 1", "name": "Hicham Arazi", "children": [{"name": "Hicham Arazi", "stage1": "Round 1", "size": 5700}, {"name": "Olivier Mutis", "stage1": "Round 1", "size": 4620}]}, {"ace1": 10, "ace2": 6, "result": "7-6(7) 6-2 6-4", "error1": 50, "error2": 36, "stage1": "Round 2", "stage2": "Round 1", "name": "Cyril Saulnier", "children": [{"name": "Cyril Saulnier", "stage1": "Round 1", "size": 3980}, {"name": "Guillermo Coria", "stage1": "Round 1", "size": 4120}]}]}, {"ace1": 11, "ace2": 39, "result": "6-7(5) 7-5 4-6 6-4 8-6", "error1": 25.0, "error2": 82.0, "stage1": "Round 3", "stage2": "Round 2", "name": "Albert Costa", "children": [{"ace1": 3, "ace2": 8, "result": "6-4 6-3 6-4", "error1": 14, "error2": 29, "stage1": "Round 2", "stage2": "Round 1", "name": "Albert Costa", "children": [{"name": "Albert Costa", "stage1": "Round 1", "size": 5080}, {"name": "Greg Rusedski", "stage1": "Round 1", "size": 5220}]}, {"ace1": 23, "ace2": 10, "result": "7-6(2) 6-4 6-7(2) 6-7(5) 6-2", "error1": 55, "error2": 25, "stage1": "Round 2", "stage2": "Round 1", "name": "Wayne Arthurs", "children": [{"name": "Wayne Arthurs", "stage1": "Round 1", "size": 3940}, {"name": "Roko Karanusic", "stage1": "Round 1", "size": 5620}]}]}]}, {"ace1": 9, "ace2": 10, "result": "6-4 7-6(2) 6-2", "error1": 29.0, "error2": 43.0, "stage1": "Round 4", "stage2": "Round 3", "name": "Mark Philippoussis", "children": [{"ace1": 17, "ace2": 9, "result": "4-6 6-3 6-4 6-2", "error1": 41.0, "error2": 15.0, "stage1": "Round 3", "stage2": "Round 2", "name": "Mark Philippoussis", "children": [{"ace1": 19, "ace2": 12, "result": "7-6(6) 6-2 7-6(4)", "error1": 27.0, "error2": 26.0, "stage1": "Round 2", "stage2": "Round 1", "name": "Mark Philippoussis", "children": [{"name": "Mark Philippoussis", "stage1": "Round 1", "size": 4860}, {"name": "Thomas Johansson", "stage1": "Round 1", "size": 5380}]}, {"ace1": 17, "ace2": 5, "result": "7-5 4-6 7-5 6-1", "error1": 18.0, "error2": 39.0, "stage1": "Round 2", "stage2": "Round 1", "name": "Fabrice Santoro", "children": [{"name": "Fabrice Santoro", "stage1": "Round 1", "size": 4580}, {"name": "Peter Luczak", "stage1": "Round 1", "size": 4020}]}]}, {"ace1": 8, "ace2": 2, "result": "6-4 1-6 6-3 6-7(4) 7-5", "error1": 82.0, "error2": 60.0, "stage1": "Round 3", "stage2": "Round 2", "name": "Mario Ancic", "children": [{"ace1": 15, "ace2": 8, "result": "6-7(4) 6-4 3-6 6-4 6-3", "error1": 50.0, "error2": 49.0, "stage1": "Round 2", "stage2": "Round 1", "name": "Mario Ancic", "children": [{"name": "Mario Ancic", "stage1": "Round 1", "size": 5860}, {"name": "Raemon Sluiter", "stage1": "Round 1", "size": 3160}]}, {"ace1": 4, "ace2": 25, "result": "6-4 1-6 6-3 6-4", "error1": 20.0, "error2": 51.0, "stage1": "Round 2", "stage2": "Round 1", "name": "Alex Corretja", "children": [{"name": "Alex Corretja", "stage1": "Round 1", "size": 5060}, {"name": "Martin Verkerk", "stage1": "Round 1", "size": 4180}]}]}]}]}]}]}, {"ace1": 33, "ace2": 10, "result": "7-6(6) 7-6(6) 5-7 1-6 6-3", "error1": 48.0, "error2": 33.0, "stage1": "Finals", "stage2": "Semi Finals", "name": "Marat Safin", "children": [{"ace1": 19, "ace2": 18, "result": "2-6 6-3 7-5 6-7(0) 6-4", "error1": 52.0, "error2": 55.0, "stage1": "Semi Finals", "stage2": "Quarter Finals", "name": "Marat Safin", "children": [{"ace1": 20, "ace2": 2, "result": "7-6(3) 6-3 6-7(6) 6-3", "error1": 35.0, "error2": 50.0, "stage1": "Quarter Finals", "stage2": "Round 4", "name": "Marat Safin", "children": [{"ace1": 9, "ace2": 10, "result": "7-5 1-6 4-6 6-0 7-5", "error1": 32.0, "error2": 43.0, "stage1": "Round 4", "stage2": "Round 3", "name": "Marat Safin", "children": [{"ace1": 23, "ace2": 1, "result": "7-6(5) 6-4 4-6 6-4", "error1": 47.0, "error2": 34.0, "stage1": "Round 3", "stage2": "Round 2", "name": "Marat Safin", "children": [{"ace1": 19, "ace2": 1, "result": "6-2 3-6 6-3 6-4", "error1": 55.0, "error2": 31.0, "stage1": "Round 2", "stage2": "Round 1", "name": "Marat Safin", "children": [{"name": "Marat Safin", "stage1": "Round 1", "size": 5240}, {"name": "Brian Vahaly", "stage1": "Round 1", "size": 5820}]}, {"ace1": 4, "ace2": 5, "result": "6-1 6-7(5) 6-2 6-3", "error1": 45.0, "error2": 75.0, "stage1": "Round 2", "stage2": "Round 1", "name": "Jarkko Nieminen", "children": [{"name": "Jarkko Nieminen", "stage1": "Round 1", "size": 2560}, {"name": "Nicolas Massu", "stage1": "Round 1", "size": 4060}]}]}, {"ace1": 11, "ace2": 33, "result": "7-6(4) 7-6(4) 7-6(7)", "error1": 17.0, "error2": 28.0, "stage1": "Round 3", "stage2": "Round 2", "name": "Todd Martin", "children": [{"ace1": 26, "ace2": 26, "result": "4-6 4-6 7-6(5) 7-6(4) 6-3", "error1": 50.0, "error2": 56.0, "stage1": "Round 2", "stage2": "Round 1", "name": "Todd Martin", "children": [{"name": "Todd Martin", "stage1": "Round 1", "size": 4280}, {"name": "Antony Dupuis", "stage1": "Round 1", "size": 6000}]}, {"ace1": 21, "ace2": 12, "result": "7-6(0) 7-6(5) 7-6(4)", "error1": 40.0, "error2": 20.0, "stage1": "Round 2", "stage2": "Round 1", "name": "Ivo Karlovic", "children": [{"name": "Ivo Karlovic", "stage1": "Round 1", "size": 4320}, {"name": "Mardy Fish", "stage1": "Round 1", "size": 1840}]}]}]}, {"ace1": 7, "ace2": 3, "result": "6-1 6-3 6-2", "error1": 18.0, "error2": 21.0, "stage1": "Round 4", "stage2": "Round 3", "name": "James Blake", "children": [{"ace1": 11, "ace2": 10, "result": "6-3 7-6(4) 2-6 6-1", "error1": 41.0, "error2": 29.0, "stage1": "Round 3", "stage2": "Round 2", "name": "James Blake", "children": [{"ace1": 8, "ace2": 2, "result": "6-1 6-4 6-4", "error1": 41.0, "error2": 21.0, "stage1": "Round 2", "stage2": "Round 1", "name": "James Blake", "children": [{"name": "James Blake", "stage1": "Round 1", "size": 5840}, {"name": "Ivan Miranda", "stage1": "Round 1", "size": 920}]}, {"ace1": 3, "ace2": 1, "result": "6-1 6-3 6-1", "error1": 20.0, "error2": 47.0, "stage1": "Round 2", "stage2": "Round 1", "name": "Nicolas Lapentti", "children": [{"name": "Nicolas Lapentti", "stage1": "Round 1", "size": 5260}, {"name": "Oscar Hernandez", "stage1": "Round 1", "size": 3520}]}]}, {"ace1": 8, "ace2": 4, "result": "7-6(2) 6-7(7) 6-3 6-2", "error1": 57.0, "error2": 57.0, "stage1": "Round 3", "stage2": "Round 2", "name": "Olivier Patience", "children": [{"ace1": 7, "ace2": 6, "result": "4-6 4-6 7-6(4) 6-1 6-2", "error1": 41.0, "error2": 74.0, "stage1": "Round 2", "stage2": "Round 1", "name": "Olivier Patience", "children": [{"name": "Olivier Patience", "stage1": "Round 1", "size": 5300}, {"name": "Igor Andreev", "stage1": "Round 1", "size": 4440}]}, {"ace1": 10, "ace2": 8, "result": "6-7(6) 4-6 6-4 6-1 6-2", "error1": 51.0, "error2": 61.0, "stage1": "Round 2", "stage2": "Round 1", "name": "Nikolay Davydenko", "children": [{"name": "Nikolay Davydenko", "stage1": "Round 1", "size": 3900}, {"name": "Arnaud Clement", "stage1": "Round 1", "size": 3800}]}]}]}]}, {"ace1": 14, "ace2": 1, "result": "6-1 6-2 6-3", "error1": 19.0, "error2": 31.0, "stage1": "Quarter Finals", "stage2": "Round 4", "name": "Andy Roddick", "children": [{"ace1": 4, "ace2": 2, "result": "6-2 6-0 6-2", "error1": 11.0, "error2": 26.0, "stage1": "Round 4", "stage2": "Round 3", "name": "Andy Roddick", "children": [{"ace1": 20, "ace2": 2, "result": "6-2 6-2 6-3", "error1": 16.0, "error2": 30.0, "stage1": "Round 3", "stage2": "Round 2", "name": "Andy Roddick", "children": [{"ace1": 20, "ace2": 10, "result": "6-2 7-5 7-6(4)", "error1": 28.0, "error2": 42.0, "stage1": "Round 2", "stage2": "Round 1", "name": "Andy Roddick", "children": [{"name": "Andy Roddick", "stage1": "Round 1", "size": 5720}, {"name": "Fernando Gonzalez", "stage1": "Round 1", "size": 3560}]}, {"ace1": 3, "ace2": 10, "result": "6-4 3-6 6-2 6-1", "error1": 40.0, "error2": 29.0, "stage1": "Round 2", "stage2": "Round 1", "name": "Bohdan Ulihrach", "children": [{"name": "Bohdan Ulihrach", "stage1": "Round 1", "size": 5040}, {"name": "Lars Burgsmuller", "stage1": "Round 1", "size": 2800}]}]}, {"ace1": 16, "ace2": 3, "result": "3-6 6-4 4-6 7-6(4) 7-5", "error1": 77.0, "error2": 18.0, "stage1": "Round 3", "stage2": "Round 2", "name": "Taylor Dent", "children": [{"ace1": 3, "ace2": 0, "result": "6-2 6-1 2-1 ret.", "error1": 19.0, "error2": 21.0, "stage1": "Round 2", "stage2": "Round 1", "name": "Taylor Dent", "children": [{"name": "Taylor Dent", "stage1": "Round 1", "size": 5520}, {"name": "Fernando Verdasco", "stage1": "Round 1", "size": 1660}]}, {"ace1": 2, "ace2": 2, "result": "6-4 6-3 3-6 6-3", "error1": 16.0, "error2": 58.0, "stage1": "Round 2", "stage2": "Round 1", "name": "Juan Ignacio Chela", "children": [{"name": "Juan Ignacio Chela", "stage1": "Round 1", "size": 4680}, {"name": "Irakli Labadze", "stage1": "Round 1", "size": 460}]}]}]}, {"ace1": 1, "ace2": 3, "result": "7-6(1) 6-4 6-1", "error1": 26.0, "error2": 64.0, "stage1": "Round 4", "stage2": "Round 3", "name": "Sjeng Schalken", "children": [{"ace1": 2, "ace2": 0, "result": "6-3 6-2 5-7 6-1", "error1": 29.0, "error2": 78.0, "stage1": "Round 3", "stage2": "Round 2", "name": "Sjeng Schalken", "children": [{"ace1": 3, "ace2": 6, "result": "7-5 6-3 6-1", "error1": 22.0, "error2": 48.0, "stage1": "Round 2", "stage2": "Round 1", "name": "Sjeng Schalken", "children": [{"name": "Sjeng Schalken", "stage1": "Round 1", "size": 5920}, {"name": "Kenneth Carlsen", "stage1": "Round 1", "size": 5000}]}, {"ace1": 4, "ace2": 4, "result": "7-6(4) 6-1 6-3", "error1": 27.0, "error2": 45.0, "stage1": "Round 2", "stage2": "Round 1", "name": "David Ferrer", "children": [{"name": "David Ferrer", "stage1": "Round 1", "size": 5120}, {"name": "Gilles Muller", "stage1": "Round 1", "size": 4740}]}]}, {"ace1": 11, "ace2": 3, "result": "6-3 6-4 6-3", "error1": 29.0, "error2": 30.0, "stage1": "Round 3", "stage2": "Round 2", "name": "Jurgen Melzer", "children": [{"ace1": 4, "ace2": 2, "result": "6-1 6-2 6-2", "error1": 18.0, "error2": 45.0, "stage1": "Round 2", "stage2": "Round 1", "name": "Jurgen Melzer", "children": [{"name": "Jurgen Melzer", "stage1": "Round 1", "size": 4540}, {"name": "Tomas Behrend", "stage1": "Round 1", "size": 3760}]}, {"ace1": 2, "ace2": 3, "result": "4-1 ret.", "error1": 5.0, "error2": 16.0, "stage1": "Round 2", "stage2": "Round 1", "name": "Galo Blanco", "children": [{"name": "Galo Blanco", "stage1": "Round 1", "size": 4540}, {"name": "Younes El Aynaoui", "stage1": "Round 1", "size": 3760}]}]}]}]}]}, {"ace1": 4, "ace2": 4, "result": "6-2 2-0 ret.", "error1": 8.0, "error2": 22.0, "stage1": "Semi Finals", "stage2": "Quarter Finals", "name": "Andre Agassi", "children": [{"ace1": 5, "ace2": 7, "result": "7-6(3) 6-3 6-4", "error1": 28.0, "error2": 44.0, "stage1": "Quarter Finals", "stage2": "Round 4", "name": "Andre Agassi", "children": [{"ace1": 9, "ace2": 5, "result": "6-0 6-3 6-3", "error1": 21.0, "error2": 46.0, "stage1": "Round 4", "stage2": "Round 3", "name": "Andre Agassi", "children": [{"ace1": 7, "ace2": 12, "result": "6-0 6-2 6-4", "error1": 10.0, "error2": 35.0, "stage1": "Round 3", "stage2": "Round 2", "name": "Andre Agassi", "children": [{"ace1": 8, "ace2": 2, "result": "6-1 6-3 6-4", "error1": 8.0, "error2": 2.0, "stage1": "Round 2", "stage2": "Round 1", "name": "Andre Agassi", "children": [{"name": "Andre Agassi", "stage1": "Round 1", "size": 5960}, {"name": "Todd Larkham", "stage1": "Round 1", "size": 3480}]}, {"ace1": 18, "ace2": 10, "result": "6-4 6-2 5-7 6-3", "error1": 44.0, "error2": 51.0, "stage1": "Round 2", "stage2": "Round 1", "name": "Tomas Berdych", "children": [{"name": "Tomas Berdych", "stage1": "Round 1", "size": 4240}, {"name": "Nicolas Mahut", "stage1": "Round 1", "size": 4960}]}]}, {"ace1": 8, "ace2": 17, "result": "7-5 4-6 6-3 6-4", "error1": 65.0, "error2": 57.0, "stage1": "Round 3", "stage2": "Round 2", "name": "Thomas Enqvist", "children": [{"ace1": 10, "ace2": 10, "result": "4-6 6-4 6-4 7-6(6)", "error1": 69.0, "error2": 39.0, "stage1": "Round 2", "stage2": "Round 1", "name": "Thomas Enqvist", "children": [{"name": "Thomas Enqvist", "stage1": "Round 1", "size": 5340}, {"name": "Vince Spadea", "stage1": "Round 1", "size": 3740}]}, {"ace1": 7, "ace2": 3, "result": "6-4 6-0 2-6 6-4", "error1": 50.0, "error2": 44.0, "stage1": "Round 2", "stage2": "Round 1", "name": "Karol Beck", "children": [{"name": "Karol Beck", "stage1": "Round 1", "size": 4160}, {"name": "Stefan Koubek", "stage1": "Round 1", "size": 4820}]}]}]}, {"ace1": 6, "ace2": 7, "result": "6-3 7-5 6-4", "error1": 22.0, "error2": 20.0, "stage1": "Round 4", "stage2": "Round 3", "name": "Paradorn Srichaphan", "children": [{"ace1": 4, "ace2": 3, "result": "6-3 ret.", "error1": 8.0, "error2": 8.0, "stage1": "Round 3", "stage2": "Round 2", "name": "Paradorn Srichaphan", "children": [{"ace1": 11, "ace2": 7, "result": "7-5 6-4 6-0", "error1": 20.0, "error2": 36.0, "stage1": "Round 2", "stage2": "Round 1", "name": "Paradorn Srichaphan", "children": [{"name": "Paradorn Srichaphan", "stage1": "Round 1", "size": 5500}, {"name": "Jose Acasuso", "stage1": "Round 1", "size": 4420}]}, {"ace1": 8, "ace2": 6, "result": "7-6(3) 6-4 6-1", "error1": 26.0, "error2": 40.0, "stage1": "Round 2", "stage2": "Round 1", "name": "Jerome Golmard", "children": [{"name": "Jerome Golmard", "stage1": "Round 1", "size": 4000}, {"name": "Albert Portas", "stage1": "Round 1", "size": 100}]}]}, {"ace1": 8, "ace2": 17, "result": "7-5 6-7(5) 6-4 6-3", "error1": 31.0, "error2": 76.0, "stage1": "Round 3", "stage2": "Round 2", "name": "Gustavo Kuerten", "children": [{"ace1": 19, "ace2": 5, "result": "5-7 6-0 6-1 2-6 8-6", "error1": 52.0, "error2": 64.0, "stage1": "Round 2", "stage2": "Round 1", "name": "Gustavo Kuerten", "children": [{"name": "Gustavo Kuerten", "stage1": "Round 1", "size": 4640}, {"name": "John van Lottum", "stage1": "Round 1", "size": 5640}]}, {"ace1": 5, "ace2": 7, "result": "7-6(2) 6-4 5-7 6-2", "error1": 38.0, "error2": 50.0, "stage1": "Round 2", "stage2": "Round 1", "name": "Ivan Ljubicic", "children": [{"name": "Ivan Ljubicic", "stage1": "Round 1", "size": 5180}, {"name": "Dmitry Tursunov", "stage1": "Round 1", "size": 4480}]}]}]}]}, {"ace1": 4, "ace2": 3, "result": "6-4 3-6 6-4 6-1", "error1": 28.0, "error2": 50.0, "stage1": "Quarter Finals", "stage2": "Round 4", "name": "Sebastien Grosjean", "children": [{"ace1": 10, "ace2": 1, "result": "2-6 6-4 6-1 6-3", "error1": 42.0, "error2": 39.0, "stage1": "Round 4", "stage2": "Round 3", "name": "Sebastien Grosjean", "children": [{"ace1": 8, "ace2": 8, "result": "6-4 6-3 6-2", "error1": 17.0, "error2": 27.0, "stage1": "Round 3", "stage2": "Round 2", "name": "Sebastien Grosjean", "children": [{"ace1": 3, "ace2": 3, "result": "6-1 6-4 7-5", "error1": 28.0, "error2": 40.0, "stage1": "Round 2", "stage2": "Round 1", "name": "Sebastien Grosjean", "children": [{"name": "Sebastien Grosjean", "stage1": "Round 1", "size": 5480}, {"name": "Mikhail Youzhny", "stage1": "Round 1", "size": 4520}]}, {"ace1": 18, "ace2": 2, "result": "6-2 6-3 ret.", "error1": 9.0, "error2": 13.0, "stage1": "Round 2", "stage2": "Round 1", "name": "Jan-Michael Gambill", "children": [{"name": "Jan-Michael Gambill", "stage1": "Round 1", "size": 2600}, {"name": "Gregory Carraz", "stage1": "Round 1", "size": 4460}]}]}, {"ace1": 3, "ace2": 1, "result": "6-1 7-5 6-0", "error1": 24.0, "error2": 27.0, "stage1": "Round 3", "stage2": "Round 2", "name": "Dominik Hrbaty", "children": [{"ace1": 4, "ace2": 7, "result": "6-3 6-3 6-3", "error1": 34.0, "error2": 55.0, "stage1": "Round 2", "stage2": "Round 1", "name": "Dominik Hrbaty", "children": [{"name": "Dominik Hrbaty", "stage1": "Round 1", "size": 5140}, {"name": "Flavio Saretta", "stage1": "Round 1", "size": 4100}]}, {"ace1": 3, "ace2": 6, "result": "6-3 6-2 7-6(6)", "error1": 32.0, "error2": 52.0, "stage1": "Round 2", "stage2": "Round 1", "name": "Gaston Gaudio", "children": [{"name": "Gaston Gaudio", "stage1": "Round 1", "size": 5760}, {"name": "Tommy Robredo", "stage1": "Round 1", "size": 4300}]}]}]}, {"ace1": 10, "ace2":7, "result": "6-2 6-3 6-4", "error1": 29.0, "error2": 31.0, "stage1": "Round 4", "stage2": "Round 3", "name": "Robby Ginepri", "children": [{"ace1": 11, "ace2": 11, "result": "6-4 6-3 6-3", "error1": 9.0, "error2": 21.0, "stage1": "Round 3", "stage2": "Round 2", "name": "Robby Ginepri", "children": [{"ace1": 16, "ace2": 12, "result": "7-5 6-3 6-3", "error1": 24.0, "error2": 36.0, "stage1": "Round 2", "stage2": "Round 1", "name": "Robby Ginepri", "children": [{"name": "Robby Ginepri", "stage1": "Round 1", "size": 5460}, {"name": "Luis Horna", "stage1": "Round 1", "size": 3340}]}, {"ace1": 11, "ace2": 5, "result": "6-3 7-6(3) 6-2", "error1": 33.0, "error2": 20.0, "stage1": "Round 2", "stage2": "Round 1", "name": "Chris Guccione", "children": [{"name": "Chris Guccione", "stage1": "Round 1", "size": 4360}, {"name": "Alun Jones", "stage1": "Round 1", "size": 3380}]}]}, {"ace1": 17, "ace2": 9, "result": "6-3 7-6(4) 6-4", "error1": 21.0, "error2": 27.0, "stage1": "Round 3", "stage2": "Round 2", "name": "Nicolas Escude", "children": [{"ace1": 15, "ace2": 2, "result": "6-3 7-6(5) 6-2", "error1": 27.0, "error2": 36.0, "stage1": "Round 2", "stage2": "Round 1", "name": "Nicolas Escude", "children": [{"name": "Nicolas Escude", "stage1": "Round 1", "size": 5880}, {"name": "Hyung-Taik Lee", "stage1": "Round 1", "size": 2920}]}, {"ace1": 10, "ace2": 12, "result": "4-6 4-6 7-5 6-3 6-4", "error1": 72.0, "error2": 45.0, "stage1": "Round 2", "stage2": "Round 1", "name": "Robin Soderling", "children": [{"name": "Robin Soderling", "stage1": "Round 1", "size": 4920}, {"name": "Rainer Schuettler", "stage1": "Round 1", "size": 4040}]}]}]}]}]}]}]}