{"ace1": 18, "ace2": 7, "result": "1-6 6-3 6-4 6-4", "error1": 36.0, "error2": 22.0, "stage1": "Champion", "stage2": "Finals", "name": "Marat Safin", "children": [{"ace1": 16, "ace2": 22, "result": "5-7 6-4 5-7 7-6(6) 9-7", "error1": 60.0, "error2": 59.0, "stage1": "Finals", "stage2": "Semi Finals", "name": "Marat Safin", "children": [{"ace1": 14, "ace2": 2, "result": "6-2 6-4 6-2", "error1": 21.0, "error2": 29.0, "stage1": "Semi Finals", "stage2": "Quarter Finals", "name": "Marat Safin", "children": [{"ace1": 29, "ace2": 1, "result": "4-6 7-6(1) 7-6(5) 7-6(2)", "error1": 66.0, "error2": 37.0, "stage1": "Quarter Finals", "stage2": "Round 4", "name": "Marat Safin", "children": [{"ace1": 11, "ace2": 6, "result": "6-4 3-6 6-3 6-4", "error1": 44.0, "error2": 44.0, "stage1": "Round 4", "stage2": "Round 3", "name": "Marat Safin", "children": [{"ace1": 10, "ace2": 4, "result": "6-4 6-1 6-3", "error1": 25.0, "error2": 16.0, "stage1": "Round 3", "stage2": "Round 2", "name": "Marat Safin", "children": [{"ace1": 1, "ace2": 1, "result": "6-0 6-2 6-1", "error1": 20.0, "error2": 30.0, "stage1": "Round 2", "stage2": "Round 1", "name": "Marat Safin", "children": [{"name": "Marat Safin", "stage1": "Round 1", "size": 5940}, {"name": "Novak Djokovic", "stage1": "Round 1", "size": 4380}]}, {"ace1": 4, "ace2": 26, "result": "6-3 6-7(6) 7-5 6-2", "error1": 10, "error2": 41, "stage1": "Round 2", "stage2": "Round 1", "name": "Bohdan Ulihrach", "children": [{"name": "Bohdan Ulihrach", "stage1": "Round 1", "size": 4600}, {"name": "Ivo Karlovic", "stage1": "Round 1", "size": 1240}]}]}, {"ace1": 12, "ace2": 1, "result": "7-5 6-2 6-1", "error1": 24.0, "error2": 25.0, "stage1": "Round 3", "stage2": "Round 2", "name": "Mario Ancic", "children": [{"ace1": 10, "ace2": 0, "result": "6-3 6-2 6-1", "error1": 19, "error2": 32, "stage1": "Round 2", "stage2": "Round 1", "name": "Mario Ancic", "children": [{"name": "Mario Ancic", "stage1": "Round 1", "size": 4460}, {"name": "Oscar Hernandez", "stage1": "Round 1", "size": 4180}]}, {"ace1": 7, "ace2": 2, "result": "6-3 7-6(4) 6-3", "error1": 30.0, "error2": 46.0, "stage1": "Round 2", "stage2": "Round 1", "name": "Bjorn Phau", "children": [{"name": "Bjorn Phau", "stage1": "Round 1", "size": 5360}, {"name": "Albert Costa", "stage1": "Round 1", "size": 2880}]}]}]}, {"ace1": 4, "ace2": 12, "result": "6-7(6) 6-1 6-4 6-2", "error1": 29.0, "error2": 51.0, "stage1": "Round 4", "stage2": "Round 3", "name": "Olivier Rochus", "children": [{"ace1": 0, "ace2": 3, "result": "6-1 6-3 6-3", "error1": 28.0, "error2": 50.0, "stage1": "Round 3", "stage2": "Round 2", "name": "Olivier Rochus", "children": [{"ace1": 1, "ace2": 16, "result": "7-5 2-6 3-6 6-2 6-3", "error1": 38.0, "error2": 64.0, "stage1": "Round 2", "stage2": "Round 1", "name": "Olivier Rochus", "children": [{"name": "Olivier Rochus", "stage1": "Round 1", "size": 5560}, {"name": "Nicolas Kiefer", "stage1": "Round 1", "size": 4340}]}, {"ace1": 15, "ace2": 3, "result": "1-6 6-3 6-4 7-6(6)", "error1": 39, "error2": 28, "stage1": "Round 2", "stage2": "Round 1", "name": "Gael Monfils", "children": [{"name": "Gael Monfils", "stage1": "Round 1", "size": 1680}, {"name": "Robby Ginepri", "stage1": "Round 1", "size": 3000}]}]}, {"ace1": 14, "ace2": 13, "result": "5-7 2-6 6-2 7-6(5) 6-3", "error1": 49.0, "error2": 62.0, "stage1": "Round 3", "stage2": "Round 2", "name": "Karol Beck", "children": [{"ace1": 9, "ace2": 3, "result": "6-2 6-2 6-1", "error1": 33.0, "error2": 38.0, "stage1": "Round 2", "stage2": "Round 1", "name": "Karol Beck", "children": [{"name": "Karol Beck", "stage1": "Round 1", "size": 5680}, {"name": "Todd Reid", "stage1": "Round 1", "size": 4980}]}, {"ace1": 10, "ace2": 10, "result": "6-3 6-2 6-3", "error1": 27.0, "error2": 35.0, "stage1": "Round 2", "stage2": "Round 1", "name": "Tommy Haas", "children": [{"name": "Tommy Haas", "stage1": "Round 1", "size": 4840}, {"name": "Xavier Malisse", "stage1": "Round 1", "size": 4780}]}]}]}]}, {"ace1": 6, "ace2": 12, "result": "7-5 6-3 6-1", "error1": 29.0, "error2": 41.0, "stage1": "Quarter Finals", "stage2": "Round 4", "name": "Dominik Hrbaty", "children": [{"ace1": 15, "ace2": 8, "result": "7-6(5) 6-7(8) 6-7(3) 6-1 6-3", "error1": 88.0, "error2": 75.0, "stage1": "Round 4", "stage2": "Round 3", "name": "Dominik Hrbaty", "children": [{"ace1": 12, "ace2": 13, "result": "6-2 7-6(1) 3-6 7-5", "error1": 56.0, "error2": 45.0, "stage1": "Round 3", "stage2": "Round 2", "name": "Dominik Hrbaty", "children": [{"ace1": 7, "ace2": 3, "result": "6-4 6-2 1-0 ret.", "error1": 23.0, "error2": 27.0, "stage1": "Round 2", "stage2": "Round 1", "name": "Dominik Hrbaty", "children": [{"name": "Dominik Hrbaty", "stage1": "Round 1", "size": 5900}, {"name": "Robin Soderling", "stage1": "Round 1", "size": 4140}]}, {"ace1": 10, "ace2": 12, "result": "7-6(4) 7-6(6) 3-6 6-1", "error1": 57.0, "error2": 62.0, "stage1": "Round 2", "stage2": "Round 1", "name": "Janko Tipsarevic", "children": [{"name": "Janko Tipsarevic", "stage1": "Round 1", "size": 6000}, {"name": "Daniele Bracciali", "stage1": "Round 1", "size": 4260}]}]}, {"ace1": 8, "ace2": 17, "result": "2-6 6-4 7-5 7-6(4)", "error1": 49.0, "error2": 71.0, "stage1": "Round 3", "stage2": "Round 2", "name": "Gaston Gaudio", "children": [{"ace1": 2, "ace2": 10, "result": "7-6(3) 6-4 6-3", "error1": 26, "error2": 39, "stage1": "Round 2", "stage2": "Round 1", "name": "Gaston Gaudio", "children": [{"name": "Gaston Gaudio", "stage1": "Round 1", "size": 4400}, {"name": "Justin Gimelstob", "stage1": "Round 1", "size": 5400}]}, {"ace1": 19, "ace2": 6, "result": "2-6 6-0 6-4 4-6 9-7", "error1": 81.0, "error2": 46.0, "stage1": "Round 2", "stage2": "Round 1", "name": "Mardy Fish", "children": [{"name": "Mardy Fish", "stage1": "Round 1", "size": 3620}, {"name": "Juan Monaco", "stage1": "Round 1", "size": 4560}]}]}]}, {"ace1": 17, "ace2": 14, "result": "3-6 6-2 6-7(4) 6-2 6-2", "error1": 53.0, "error2": 67.0, "stage1": "Round 4", "stage2": "Round 3", "name": "Thomas Johansson", "children": [{"ace1": 17, "ace2": 15, "result": "6-4 5-7 6-3 2-6 7-5", "error1": 44.0, "error2": 51.0, "stage1": "Round 3", "stage2": "Round 2", "name": "Thomas Johansson", "children": [{"ace1": 24, "ace2": 8, "result": "7-6(5) 4-6 6-3 4-6 6-0", "error1": 61.0, "error2": 61.0, "stage1": "Round 2", "stage2": "Round 1", "name": "Thomas Johansson", "children": [{"name": "Thomas Johansson", "stage1": "Round 1", "size": 6000}, {"name": "Peter Luczak", "stage1": "Round 1", "size": 4160}]}, {"ace1": 15, "ace2": 16, "result": "6-4 5-7 6-4 4-6 6-4", "error1": 48.0, "error2": 44.0, "stage1": "Round 2", "stage2": "Round 1", "name": "Agustin Calleri", "children": [{"name": "Agustin Calleri", "stage1": "Round 1", "size": 3260}, {"name": "Max Mirnyi", "stage1": "Round 1", "size": 5100}]}]}, {"ace1": 5, "ace2": 3, "result": "6-2 6-4 6-2", "error1": 22.0, "error2": 42.0, "stage1": "Round 3", "stage2": "Round 2", "name": "Kevin Kim", "children": [{"ace1": 13, "ace2": 8, "result": "3-6 6-4 6-3 3-6 6-1", "error1": 43.0, "error2": 50.0, "stage1": "Round 2", "stage2": "Round 1", "name": "Kevin Kim", "children": [{"name": "Kevin Kim", "stage1": "Round 1", "size": 5800}, {"name": "Hyung-Taik Lee", "stage1": "Round 1", "size": 3020}]}, {"ace1": 13, "ace2": 6, "result": "7-5 6-3 3-6 6-3", "error1": 46.0, "error2": 49.0, "stage1": "Round 2", "stage2": "Round 1", "name": "Guillermo Garcia-Lopez", "children": [{"name": "Guillermo Garcia-Lopez", "stage1": "Round 1", "size": 4200}, {"name": "Carlos Moya", "stage1": "Round 1", "size": 3920}]}]}]}]}]}, {"ace1": 22, "ace2": 1, "result": "6-3 6-4 6-4", "error1": 60.0, "error2": 59.0, "stage1": "Semi Finals", "stage2": "Quarter Finals", "name": "Roger Federer", "children": [{"ace1": 9, "ace2": 4, "result": "6-2 6-2 7-6(4)", "error1": 23.0, "error2": 25.0, "stage1": "Quarter Finals", "stage2": "Round 4", "name": "Roger Federer", "children": [{"ace1": 2, "ace2": 1, "result": "6-3 5-2 ret.", "error1": 19.0, "error2": 15.0, "stage1": "Round 4", "stage2": "Round 3", "name": "Roger Federer", "children": [{"ace1": 7, "ace2": 7, "result": "6-3 6-4 6-4", "error1": 10.0, "error2": 11.0, "stage1": "Round 3", "stage2": "Round 2", "name": "Roger Federer", "children": [{"ace1": 4, "ace2": 1, "result": "6-1 6-1 6-2", "error1": 23.0, "error2": 20.0, "stage1": "Round 2", "stage2": "Round 1", "name": "Roger Federer", "children": [{"name": "Roger Federer", "stage1": "Round 1", "size": 6920}, {"name": "Fabrice Santoro", "stage1": "Round 1", "size": 2570}]}, {"ace1": 10, "ace2": 10, "result": "6-4 6-3 6-3", "error1": 13, "error2": 14, "stage1": "Round 2", "stage2": "Round 1", "name": "Takao Suzuki", "children": [{"name": "Takao Suzuki", "stage1": "Round 1", "size": 4160}, {"name": "Jan-Michael Gambill", "stage1": "Round 1", "size": 2490}]}]}, {"ace1": 5, "ace2": 5, "result": "6-3 6-4 6-2", "error1": 17.0, "error2": 42.0, "stage1": "Round 3", "stage2": "Round 2", "name": "Jarkko Nieminen", "children": [{"ace1": 3, "ace2": 5, "result": "3-6 6-4 6-3 6-2", "error1": 33.0, "error2": 41.0, "stage1": "Round 2", "stage2": "Round 1", "name": "Jarkko Nieminen", "children": [{"name": "Jarkko Nieminen", "stage1": "Round 1", "size": 4250}, {"name": "Davide Sanguinetti", "stage1": "Round 1", "size": 2460}]}, {"ace1": 9, "ace2": 7, "result": "1-6 6-2 7-5 6-4", "error1": 57.0, "error2": 41.0, "stage1": "Round 2", "stage2": "Round 1", "name": "Paradorn Srichaphan", "children": [{"name": "Paradorn Srichaphan", "stage1": "Round 1", "size": 4180}, {"name": "Potito Starace", "stage1": "Round 1", "size": 3230}]}]}]}, {"ace1": 4, "ace2": 3, "result": "7-6(2) 6-4 6-1", "error1": 14.0, "error2": 37.0, "stage1": "Round 4", "stage2": "Round 3", "name": "Marcos Baghdatis", "children": [{"ace1": 13, "ace2": 20, "result": "7-6(1) 6-4 6-7(2) 6-2", "error1": 33.0, "error2": 46.0, "stage1": "Round 3", "stage2": "Round 2", "name": "Marcos Baghdatis", "children": [{"ace1": 12, "ace2": 6, "result": "6-1 3-6 6-1 3-6 6-3", "error1": 40, "error2": 44, "stage1": "Round 2", "stage2": "Round 1", "name": "Marcos Baghdatis", "children": [{"name": "Marcos Baghdatis", "stage1": "Round 1", "size": 7490}, {"name": "Federico Luzzi", "stage1": "Round 1", "size": 4580}]}, {"ace1": 14, "ace2": 6, "result": "6-4 6-3 6-3", "error1": 19, "error2": 27, "stage1": "Round 2", "stage2": "Round 1", "name": "Ivan Ljubicic", "children": [{"name": "Ivan Ljubicic", "stage1": "Round 1", "size": 4760}, {"name": "Luis Horna", "stage1": "Round 1", "size": 3150}]}]}, {"ace1": 16, "ace2": 3, "result": "6-4 2-6 6-2 6-4", "error1": 53, "error2": 30, "stage1": "Round 3", "stage2": "Round 2", "name": "Tommy Robredo", "children": [{"ace1": 5, "ace2": 5, "result": "5-7 6-2 6-4 6-2", "error1": 39.0, "error2": 36.0, "stage1": "Round 2", "stage2": "Round 1", "name": "Tommy Robredo", "children": [{"name": "Tommy Robredo", "stage1": "Round 1", "size": 6250}, {"name": "Scott Draper", "stage1": "Round 1", "size": 4370}]}, {"ace1": 4, "ace2": 5, "result": "7-6(5) 6-2 6-4", "error1": 33.0, "error2": 65.0, "stage1": "Round 2", "stage2": "Round 1", "name": "Tomas Zib", "children": [{"name": "Tomas Zib", "stage1": "Round 1", "size": 3020}, {"name": "Jimmy Wang", "stage1": "Round 1", "size": 2010}]}]}]}]}, {"ace1": 16, "ace2": 51, "result": "6-7(4) 7-6(5) 7-6(3) 6-4", "error1": 13.0, "error2": 66.0, "stage1": "Quarter Finals", "stage2": "Round 4", "name": "Andre Agassi", "children": [{"ace1": 3, "ace2": 2, "result": "7-5 7-6(3) 6-1", "error1": 6.0, "error2": 39.0, "stage1": "Round 4", "stage2": "Round 3", "name": "Andre Agassi", "children": [{"ace1": 7, "ace2": 6, "result": "6-3 6-1 6-0", "error1": 18.0, "error2": 37.0, "stage1": "Round 3", "stage2": "Round 2", "name": "Andre Agassi", "children": [{"ace1": 8, "ace2": 6, "result": "6-4 6-3 6-0", "error1": 26.0, "error2": 33.0, "stage1": "Round 2", "stage2": "Round 1", "name": "Andre Agassi", "children": [{"name": "Andre Agassi", "stage1": "Round 1", "size": 8200}, {"name": "Dieter Kindlmann", "stage1": "Round 1", "size": 3120}]}, {"ace1": 6, "ace2": 2, "result": "7-6(3) 6-3 6-2", "error1": 36.0, "error2": 50.0, "stage1": "Round 2", "stage2": "Round 1", "name": "Rainer Schuettler", "children": [{"name": "Rainer Schuettler", "stage1": "Round 1", "size": 3100}, {"name": "Olivier Patience", "stage1": "Round 1", "size": 2920}]}]}, {"ace1": 6, "ace2": 2, "result": "6-4 6-1 6-4", "error1": 26.0, "error2": 39.0, "stage1": "Round 3", "stage2": "Round 2", "name": "Taylor Dent", "children": [{"ace1": 8, "ace2": 3, "result": "7-5 6-2 6-4", "error1": 32.0, "error2": 19.0, "stage1": "Round 2", "stage2": "Round 1", "name": "Taylor Dent", "children": [{"name": "Taylor Dent", "stage1": "Round 1", "size": 5920}, {"name": "Florent Serra", "stage1": "Round 1", "size": 5010}]}, {"ace1": 14, "ace2": 7, "result": "3-6 6-2 6-3 6-3", "error1": 42.0, "error2": 49.0, "stage1": "Round 2", "stage2": "Round 1", "name": "Michal Tabara", "children": [{"name": "Michal Tabara", "stage1": "Round 1", "size": 3120}, {"name": "Thomas Enqvist", "stage1": "Round 1", "size": 4220}]}]}]}, {"ace1": 38, "ace2": 34, "result": "6-3 3-6 5-7 7-6(2) 13-11", "error1": 67.0, "error2": 32.0, "stage1": "Round 4", "stage2": "Round 3", "name": "Joachim Johansson", "children": [{"ace1": 21, "ace2": 5, "result": "6-3 7-5 6-4", "error1": 40.0, "error2": 16.0, "stage1": "Round 3", "stage2": "Round 2", "name": "Joachim Johansson", "children": [{"ace1": 17, "ace2": 7, "result": "7-6(6) 6-2 6-3", "error1": 38.0, "error2": 23.0, "stage1": "Round 2", "stage2": "Round 1", "name": "Joachim Johansson", "children": [{"name": "Joachim Johansson", "stage1": "Round 1", "size": 6360}, {"name": "Sjeng Schalken", "stage1": "Round 1", "size": 5380}]}, {"ace1": 9, "ace2": 5, "result": "6-3 6-4 6-4", "error1": 17.0, "error2": 28.0, "stage1": "Round 2", "stage2": "Round 1", "name": "Peter Wessels", "children": [{"name": "Peter Wessels", "stage1": "Round 1", "size": 4000}, {"name": "Yen-Hsun Lu", "stage1": "Round 1", "size": 3920}]}]}, {"ace1": 17, "ace2": 5, "result": "4-6 6-3 6-4 7-6(3)", "error1": 45.0, "error2": 34.0, "stage1": "Round 3", "stage2": "Round 2", "name": "Feliciano Lopez", "children": [{"ace1": 11, "ace2": 14, "result": "7-5 7-5 6-2", "error1": 13.0, "error2": 31.0, "stage1": "Round 2", "stage2": "Round 1", "name": "Feliciano Lopez", "children": [{"name": "Feliciano Lopez", "stage1": "Round 1", "size": 5260}, {"name": "Paul Baccanello", "stage1": "Round 1", "size": 3349}]}, {"ace1": 9, "ace2": 7, "result": "7-6(5) 4-6 1-6 6-4 6-2", "error1": 69.0, "error2": 47.0, "stage1": "Round 2", "stage2": "Round 1", "name": "Sargis Sargsian", "children": [{"name": "Sargis Sargsian", "stage1": "Round 1", "size": 5270}, {"name": "David Sanchez-Munoz", "stage1": "Round 1", "size": 4124}]}]}]}]}]}]}, {"ace1": 14, "ace2": 31, "result": "3-6 7-6(3) 7-6(4) 6-1", "error1": 21.0, "error2": 50.0, "stage1": "Finals", "stage2": "Semi Finals", "name": "Lleyton Hewitt", "children": [{"ace1": 16, "ace2": 4, "result": "6-3 6-2 1-6 3-6 10-8", "error1": 49.0, "error2": 59.0, "stage1": "Semi Finals", "stage2": "Quarter Finals", "name": "Lleyton Hewitt", "children": [{"ace1": 18, "ace2": 5, "result": "7-5 3-6 1-6 7-6(3) 6-2", "error1": 61.0, "error2": 49.0, "stage1": "Quarter Finals", "stage2": "Round 4", "name": "Lleyton Hewitt", "children": [{"ace1": 9, "ace2": 1, "result": "6-2 4-6 6-1 6-4", "error1": 37.0, "error2": 36.0, "stage1": "Round 4", "stage2": "Round 3", "name": "Lleyton Hewitt", "children": [{"ace1": 7, "ace2": 9, "result": "4-6 7-6(8) 6-0 6-3", "error1": 30.0, "error2": 50.0, "stage1": "Round 3", "stage2": "Round 2", "name": "Lleyton Hewitt", "children": [{"ace1": 12, "ace2": 2, "result": "6-3 6-4 6-1", "error1": 23.0, "error2": 32.0, "stage1": "Round 2", "stage2": "Round 1", "name": "Lleyton Hewitt", "children": [{"name": "Lleyton Hewitt", "stage1": "Round 1", "size": 7100}, {"name": "Arnaud Clement", "stage1": "Round 1", "size": 3620}]}, {"ace1": 5, "ace2": 2, "result": "6-1 6-2 6-0", "error1": 17.0, "error2": 27.0, "stage1": "Round 2", "stage2": "Round 1", "name": "James Blake", "children": [{"name": "James Blake", "stage1": "Round 1", "size": 2560}, {"name": "Florian Mayer", "stage1": "Round 1", "size": 4060}]}]}, {"ace1": 5, "ace2": 8, "result": "7-6(7) 6-2 7-6(3)", "error1": 21.0, "error2": 44.0, "stage1": "Round 3", "stage2": "Round 2", "name": "Juan Ignacio Chela", "children": [{"ace1": 3, "ace2": 15, "result": "6-4 7-6(4) 7-6(1)", "error1": 4.0, "error2": 42.0, "stage1": "Round 2", "stage2": "Round 1", "name": "Juan Ignacio Chela", "children": [{"name": "Juan Ignacio Chela", "stage1": "Round 1", "size": 4460}, {"name": "Wayne Arthurs", "stage1": "Round 1", "size": 6000}]}, {"ace1": 30, "ace2": 9, "result": "6-4 5-7 7-5 7-6(5)", "error1": 53.0, "error2": 44.0, "stage1": "Round 2", "stage2": "Round 1", "name": "Gregory Carraz", "children": [{"name": "Gregory Carraz", "stage1": "Round 1", "size": 4320}, {"name": "Paul-Henri Mathieu", "stage1": "Round 1", "size": 1460}]}]}]}, {"ace1": 2, "ace2": 3, "result": "6-1 6-1 6-3", "error1": 18.0, "error2": 46.0, "stage1": "Round 4", "stage2": "Round 3", "name": "Rafael Nadal", "children": [{"ace1": 0, "ace2": 9, "result": "6-1 4-6 4-6 7-5 6-3", "error1": 33.0, "error2": 57.0, "stage1": "Round 3", "stage2": "Round 2", "name": "Rafael Nadal", "children": [{"ace1": 1, "ace2": 2, "result": "6-0 6-4 6-2", "error1": 16.0, "error2": 34.0, "stage1": "Round 2", "stage2": "Round 1", "name": "Rafael Nadal", "children": [{"name": "Rafael Nadal", "stage1": "Round 1", "size": 6940}, {"name": "Julien Benneteau", "stage1": "Round 1", "size": 1620}]}, {"ace1": 1, "ace2": 4, "result": "6-2 6-2 7-5", "error1": 25.0, "error2": 27.0, "stage1": "Round 2", "stage2": "Round 1", "name": "Mikhail Youzhny", "children": [{"name": "Mikhail Youzhny", "stage1": "Round 1", "size": 5260}, {"name": "Jerome Haehnel", "stage1": "Round 1", "size": 3520}]}]}, {"ace1": 10, "ace2": 5, "result": "7-6(6) 6-2 6-2", "error1": 25.0, "error2": 34.0, "stage1": "Round 3", "stage2": "Round 2", "name": "Bobby Reynolds", "children": [{"ace1": 21, "ace2": 16, "result": "5-7 6-4 7-6(7) 7-6(5)", "error1": 50.0, "error2": 62.0, "stage1": "Round 2", "stage2": "Round 1", "name": "Bobby Reynolds", "children": [{"name": "Bobby Reynolds", "stage1": "Round 1", "size": 5380}, {"name": "Nicolas Almagro", "stage1": "Round 1", "size": 4660}]}, {"ace1": 9, "ace2": 6, "result": "6-4 6-4 6-0", "error1": 22.0, "error2": 34.0, "stage1": "Round 2", "stage2": "Round 1", "name": "Andrei Pavel", "children": [{"name": "Andrei Pavel", "stage1": "Round 1", "size": 4100}, {"name": "Olivier Mutis", "stage1": "Round 1", "size": 3300}]}]}]}]}, {"ace1": 1, "ace2": 4, "result": "5-7 7-5 6-3 6-0", "error1": 55.0, "error2": 39.0, "stage1": "Quarter Finals", "stage2": "Round 4", "name": "David Nalbandian", "children": [{"ace1": 10, "ace2": 7, "result": "6-7(3) 7-5 6-2 6-3", "error1": 37.0, "error2": 65.0, "stage1": "Round 4", "stage2": "Round 3", "name": "David Nalbandian", "children": [{"ace1": 3, "ace2": 10, "result": "6-0 6-3 2-6 6-2", "error1": 27.0, "error2": 53.0, "stage1": "Round 3", "stage2": "Round 2", "name": "David Nalbandian", "children": [{"ace1": 3, "ace2": 4, "result": "7-6(1) 4-6 4-6 6-3 6-4", "error1": 53.0, "error2": 61.0, "stage1": "Round 2", "stage2": "Round 1", "name": "David Nalbandian", "children": [{"name": "David Nalbandian", "stage1": "Round 1", "size": 6120}, {"name": "David Ferrer", "stage1": "Round 1", "size": 2960}]}, {"ace1": 8, "ace2": 6, "result": "3-6 6-3 6-4 4-6 6-4", "error1": 55.0, "error2": 33.0, "stage1": "Round 2", "stage2": "Round 1", "name": "Santiago Ventura", "children": [{"name": "Santiago Ventura", "stage1": "Round 1", "size": 5120}, {"name": "Alex Calatrava", "stage1": "Round 1", "size": 2990}]}]}, {"ace1": 3, "ace2": 10, "result": "7-5 6-2 6-3", "error1": 16.0, "error2": 30.0, "stage1": "Round 3", "stage2": "Round 2", "name": "Fernando Gonzalez", "children": [{"ace1": 9, "ace2": 13, "result": "3-6 3-6 6-3 6-3 7-5", "error1": 52.0, "error2": 41.0, "stage1": "Round 2", "stage2": "Round 1", "name": "Fernando Gonzalez", "children": [{"name": "Fernando Gonzalez", "stage1": "Round 1", "size": 5190}, {"name": "Jose Acasuso", "stage1": "Round 1", "size": 1950}]}, {"ace1": 7, "ace2": 4, "result": "7-6(2) 6-1 6-2", "error1": 22.0, "error2": 31.0, "stage1": "Round 2", "stage2": "Round 1", "name": "Igor Andreev", "children": [{"name": "Igor Andreev", "stage1": "Round 1", "size": 4680}, {"name": "Lars Burgsmuller", "stage1": "Round 1", "size": 460}]}]}]}, {"ace1": 5, "ace2": 2, "result": "6-3 6-2 6-1", "error1": 23.0, "error2": 32.0, "stage1": "Round 4", "stage2": "Round 3", "name": "Guillermo Coria", "children": [{"ace1": 4, "ace2": 8, "result": "6-4 6-7(3) 6-3 7-6(3)", "error1": 40.0, "error2": 62.0, "stage1": "Round 3", "stage2": "Round 2", "name": "Guillermo Coria", "children": [{"ace1": 2, "ace2": 4, "result": "6-2 6-4 6-0", "error1": 15.0, "error2": 44.0, "stage1": "Round 2", "stage2": "Round 1", "name": "Guillermo Coria", "children": [{"name": "Guillermo Coria", "stage1": "Round 1", "size": 5460}, {"name": "Kenneth Carlsen", "stage1": "Round 1", "size": 4850}]}, {"ace1": 5, "ace2": 2, "result": "6-3 6-3 7-6(5)", "error1": 14.0, "error2": 45.0, "stage1": "Round 2", "stage2": "Round 1", "name": "Ricardo Mello", "children": [{"name": "Ricardo Mello", "stage1": "Round 1", "size": 5120}, {"name": "Alberto Martin", "stage1": "Round 1", "size": 4740}]}]}, {"ace1": 2, "ace2": 2, "result": "6-1 6-2 6-0", "error1": 19.0, "error2": 44.0, "stage1": "Round 3", "stage2": "Round 2", "name": "Juan Carlos Ferrero", "children": [{"ace1": 1, "ace2": 4, "result": "2-6 6-3 6-4 6-4", "error1": 41.0, "error2": 49.0, "stage1": "Round 2", "stage2": "Round 1", "name": "Juan Carlos Ferrero", "children": [{"name": "Juan Carlos Ferrero", "stage1": "Round 1", "size": 4540}, {"name": "Melle van Gemerden", "stage1": "Round 1", "size": 3760}]}, {"ace1": 8, "ace2": 9, "result": "6-4 6-2 6-7(5) 6-3", "error1": 49.0, "error2": 23.0, "stage1": "Round 2", "stage2": "Round 1", "name": "Mariano Zabaleta", "children": [{"name": "Mariano Zabaleta", "stage1": "Round 1", "size": 4540}, {"name": "Marc Kimmich", "stage1": "Round 1", "size": 3760}]}]}]}]}]}, {"ace1": 17, "ace2": 5, "result": "6-3 7-5 4-1 ret.", "error1": 23.0, "error2": 32.0, "stage1": "Semi Finals", "stage2": "Quarter Finals", "name": "Andy Roddick", "children": [{"ace1": 15, "ace2": 5, "result": "6-3 7-6(6) 6-1", "error1": 25.0, "error2": 26.0, "stage1": "Quarter Finals", "stage2": "Round 4", "name": "Andy Roddick", "children": [{"ace1": 22, "ace2": 2, "result": "6-2 6-2 7-5", "error1": 12.0, "error2": 33.0, "stage1": "Round 4", "stage2": "Round 3", "name": "Andy Roddick", "children": [{"ace1": 11, "ace2": 12, "result": "6-0 3-6 6-2 6-3", "error1": 8.0, "error2": 20.0, "stage1": "Round 3", "stage2": "Round 2", "name": "Andy Roddick", "children": [{"ace1": 11, "ace2": 5, "result": "7-5 6-2 6-1", "error1": 19.0, "error2": 38.0, "stage1": "Round 2", "stage2": "Round 1", "name": "Andy Roddick", "children": [{"name": "Andy Roddick", "stage1": "Round 1", "size": 7160}, {"name": "Irakli Labadze", "stage1": "Round 1", "size": 2680}]}, {"ace1": 14, "ace2": 1, "result": "2-6 6-4 6-0 7-6(7)", "error1": 35.0, "error2": 36.0, "stage1": "Round 2", "stage2": "Round 1", "name": "Greg Rusedski", "children": [{"name": "Greg Rusedski", "stage1": "Round 1", "size": 4240}, {"name": "Jonas Bjorkman", "stage1": "Round 1", "size": 4960}]}]}, {"ace1": 3, "ace2": 6, "result": "6-3 6-2 7-6(3)", "error1": 14.0, "error2": 20.0, "stage1": "Round 3", "stage2": "Round 2", "name": "Jurgen Melzer", "children": [{"ace1": 0, "ace2": 2, "result": "3-3 ret.", "error1": 9.0, "error2": 9.0, "stage1": "Round 2", "stage2": "Round 1", "name": "Jurgen Melzer", "children": [{"name": "Jurgen Melzer", "stage1": "Round 1", "size": 5110}, {"name": "Raemon Sluiter", "stage1": "Round 1", "size": 2740}]}, {"ace1": 13, "ace2": 4, "result": "4-6 4-6 6-1 5-0 ret.", "error1": 44.0, "error2": 50.0, "stage1": "Round 2", "stage2": "Round 1", "name": "Nathan Healey", "children": [{"name": "Nathan Healey", "stage1": "Round 1", "size": 4560}, {"name": "Flavio Saretta", "stage1": "Round 1", "size": 43920}]}]}]}, {"ace1": 1, "ace2": 2, "result": "7-5 6-3 6-2", "error1": 29.0, "error2": 36.0, "stage1": "Round 4", "stage2": "Round 3", "name": "Philipp Kohlschreiber", "children": [{"ace1": 5, "ace2": 0, "result": "6-0 2-0 ret.", "error1": 8.0, "error2": 7.0, "stage1": "Round 3", "stage2": "Round 2", "name": "Philipp Kohlschreiber", "children": [{"ace1": 1, "ace2": 4, "result": "7-6(2) 6-2 6-1", "error1": 29.0, "error2": 43.0, "stage1": "Round 2", "stage2": "Round 1", "name": "Philipp Kohlschreiber", "children": [{"name": "Philipp Kohlschreiber", "stage1": "Round 1", "size": 4920}, {"name": "Kenneth Carlsen", "stage1": "Round 1", "size": 3170}]}, {"ace1": 9, "ace2": 11, "result": "6-7(7) 7-6(2) 6-3 6-2", "error1": 45.0, "error2": 62.0, "stage1": "Round 2", "stage2": "Round 1", "name": "Nicolas Massu", "children": [{"name": "Nicolas Massu", "stage1": "Round 1", "size": 4820}, {"name": "Antony Dupuis", "stage1": "Round 1", "size": 800}]}]}, {"ace1": 1, "ace2": 11, "result": "1-6 4-6 6-3 6-4 6-3", "error1": 52.0, "error2": 52.0, "stage1": "Round 3", "stage2": "Round 2", "name": "Jean-Rene Lisnard", "children": [{"ace1": 8, "ace2": 8, "result": "5-7 5-7 6-1 6-4 7-5", "error1": 59.0, "error2": 70.0, "stage1": "Round 2", "stage2": "Round 1", "name": "Jean-Rene Lisnard", "children": [{"name": "Jean-Rene Lisnard", "stage1": "Round 1", "size": 4640}, {"name": "Oliver Marach", "stage1": "Round 1", "size": 5640}]}, {"ace1": 3, "ace2": 4, "result": "6-3 6-4 6-3", "error1": 18.0, "error2": 29.0, "stage1": "Round 2", "stage2": "Round 1", "name": "Sebastien Grosjean", "children": [{"name": "Sebastien Grosjean", "stage1": "Round 1", "size": 5180}, {"name": "Michael Llodra", "stage1": "Round 1", "size": 4480}]}]}]}]}, {"ace1": 6, "ace2": 1, "result": "6-3 6-4 6-3", "error1": 40.0, "error2": 25.0, "stage1": "Quarter Finals", "stage2": "Round 4", "name": "Nikolay Davydenko", "children": [{"ace1": 1, "ace2": 2, "result": "6-4 6-2 6-2", "error1": 16.0, "error2": 32.0, "stage1": "Round 4", "stage2": "Round 3", "name": "Nikolay Davydenko", "children": [{"ace1": 14, "ace2": 0, "result": "6-4 6-4 6-2", "error1": 45.0, "error2": 27.0, "stage1": "Round 3", "stage2": "Round 2", "name": "Nikolay Davydenko", "children": [{"ace1": 3, "ace2": 3, "result": "6-2 7-5 6-2", "error1": 29.0, "error2": 24.0, "stage1": "Round 2", "stage2": "Round 1", "name": "Nikolay Davydenko", "children": [{"name": "Nikolay Davydenko", "stage1": "Round 1", "size": 5480}, {"name": "Roko Karanusic", "stage1": "Round 1", "size": 4520}]}, {"ace1": 7, "ace2": 8, "result": "6-2 6-3 6-3", "error1": 22.0, "error2": 41.0, "stage1": "Round 2", "stage2": "Round 1", "name": "Christophe Rochus", "children": [{"name": "Christophe Rochus", "stage1": "Round 1", "size": 3120}, {"name": "Albert Montanes", "stage1": "Round 1", "size": 4190}]}]}, {"ace1": 10, "ace2": 8, "result": "7-5 6-1 6-4", "error1": 19.0, "error2": 19.0, "stage1": "Round 3", "stage2": "Round 2", "name": "Tim Henman", "children": [{"ace1": 4, "ace2": 2, "result": "6-1 6-2 4-6 6-3", "error1": 37.0, "error2": 35.0, "stage1": "Round 2", "stage2": "Round 1", "name": "Tim Henman", "children": [{"name": "Tim Henman", "stage1": "Round 1", "size": 5450}, {"name": "Cyril Saulnier", "stage1": "Round 1", "size": 4950}]}, {"ace1": 6, "ace2": 1, "result": "6-3 6-4 7-6(1)", "error1": 20.0, "error2": 37.0, "stage1": "Round 2", "stage2": "Round 1", "name": "Victor Hanescu", "children": [{"name": "Victor Hanescu", "stage1": "Round 1", "size": 5760}, {"name": "Filippo Volandri", "stage1": "Round 1", "size": 4300}]}]}]}, {"ace1": 3, "ace2":1, "result": "6-1 6-2 6-2", "error1": 10.0, "error2": 48.0, "stage1": "Round 4", "stage2": "Round 3", "name": "Guillermo Canas", "children": [{"ace1": 9, "ace2": 2, "result": "3-6 7-5 6-3 6-0", "error1": 29.0, "error2": 64.0, "stage1": "Round 3", "stage2": "Round 2", "name": "Guillermo Canas", "children": [{"ace1": 7, "ace2": 16, "result": "6-4 6-2 7-6(4)", "error1": 12.0, "error2": 32.0, "stage1": "Round 2", "stage2": "Round 1", "name": "Guillermo Canas", "children": [{"name": "Guillermo Canas", "stage1": "Round 1", "size": 5460}, {"name": "Chris Guccione", "stage1": "Round 1", "size": 3340}]}, {"ace1": 5, "ace2": 6, "result": "6-3 6-0 6-4", "error1": 15.0, "error2": 35.0, "stage1": "Round 2", "stage2": "Round 1", "name": "Fernando Verdasco", "children": [{"name": "Fernando Verdasco", "stage1": "Round 1", "size": 4360}, {"name": "Gilles Muller", "stage1": "Round 1", "size": 3380}]}]}, {"ace1": 11, "ace2": 0, "result": "7-6(5) 6-1 1-6 6-7(2) 6-0", "error1": 53.0, "error2": 49.0, "stage1": "Round 3", "stage2": "Round 2", "name": "Radek Stepanek", "children": [{"ace1": 10, "ace2": 3, "result": "6-3 5-7 4-6 7-5 6-3", "error1": 60.0, "error2": 37.0, "stage1": "Round 2", "stage2": "Round 1", "name": "Radek Stepanek", "children": [{"name": "Radek Stepanek", "stage1": "Round 1", "size": 5880}, {"name": "Vince Spadea", "stage1": "Round 1", "size": 2920}]}, {"ace1": 5, "ace2": 2, "result": "6-4 6-7(5) 6-1 6-0", "error1": 32.0, "error2": 29.0, "stage1": "Round 2", "stage2": "Round 1", "name": "Jan Hernych", "children": [{"name": "Jan Hernych", "stage1": "Round 1", "size": 4490}, {"name": "Felix Mantilla", "stage1": "Round 1", "size": 3490}]}]}]}]}]}]}]}