{"ace1": 11, "ace2": 6, "result": "5-7 7-5 6-0 6-2", "error1": 48.0, "error2": 48.0, "stage1": "Champion", "stage2": "Finals", "name": "Roger Federer", "children": [{"ace1": 7, "ace2": 14, "result": "6-3 5-7 6-0 6-2", "error1": 33.0, "error2": 53.0, "stage1": "Finals", "stage2": "Semi Finals", "name": "Roger Federer", "children": [{"ace1": 6, "ace2": 1, "result": "6-4 3-6 7-6(7) 7-6(5)", "error1": 52.0, "error2": 48.0, "stage1": "Semi Finals", "stage2": "Quarter Finals", "name": "Roger Federer", "children": [{"ace1": 10, "ace2": 5, "result": "6-4 6-0 3-6 4-6 6-2", "error1": 58.0, "error2": 36.0, "stage1": "Quarter Finals", "stage2": "Round 4", "name": "Roger Federer", "children": [{"ace1": 6, "ace2": 5, "result": "6-3 6-4 6-3", "error1": 10.0, "error2": 25.0, "stage1": "Round 4", "stage2": "Round 3", "name": "Roger Federer", "children": [{"ace1": 9, "ace2": 2, "result": "6-1 6-4 6-0", "error1": 18.0, "error2": 21.0, "stage1": "Round 3", "stage2": "Round 2", "name": "Roger Federer", "children": [{"ace1": 2, "ace2": 8, "result": "6-2 6-3 6-2", "error1": 19.0, "error2": 39.0, "stage1": "Round 2", "stage2": "Round 1", "name": "Roger Federer", "children": [{"name": "Roger Federer", "stage1": "Round 1", "size": 5940}, {"name": "Denis Istomin", "stage1": "Round 1", "size": 4380}]}, {"ace1": 10, "ace2": 2, "result": "6-4 6-1 4-6 6-4", "error1": 44, "error2": 47, "stage1": "Round 2", "stage2": "Round 1", "name": "Florian Mayer", "children": [{"name": "Florian Mayer", "stage1": "Round 1", "size": 4600}, {"name": "Hyung-Taik Lee", "stage1": "Round 1", "size": 1240}]}]}, {"ace1": 7, "ace2": 6, "result": "7-5 6-3 4-6 7-6(8)", "error1": 36.0, "error2": 24.0, "stage1": "Round 3", "stage2": "Round 2", "name": "Max Mirnyi", "children": [{"ace1": 11, "ace2": 4, "result": "6-3 3-6 6-1 6-7(4) 6-0", "error1": 23.0, "error2": 17.0, "stage1": "Round 2", "stage2": "Round 1", "name": "Max Mirnyi", "children": [{"name": "Max Mirnyi", "stage1": "Round 1", "size": 4460}, {"name": "Thierry Ascione", "stage1": "Round 1", "size": 4180}]}, {"ace1": 5, "ace2": 5, "result": "7-6(5) 6-3 6-2", "error1": 39.0, "error2": 63.0, "stage1": "Round 2", "stage2": "Round 1", "name": "Davide Sanguinetti", "children": [{"name": "Davide Sanguinetti", "stage1": "Round 1", "size": 5360}, {"name": "Jacob Adaktusson", "stage1": "Round 1", "size": 2880}]}]}]}, {"ace1": 18, "ace2": 21, "result": "4-6 6-3 6-4 6-4", "error1": 30.0, "error2": 30.0, "stage1": "Round 4", "stage2": "Round 3", "name": "Tommy Haas", "children": [{"ace1": 2, "ace2": 3, "result": "6-0 6-1 6-2", "error1": 20.0, "error2": 27.0, "stage1": "Round 3", "stage2": "Round 2", "name": "Tommy Haas", "children": [{"ace1": 7, "ace2": 4, "result": "6-2 7-5 6-2", "error1": 33.0, "error2": 35.0, "stage1": "Round 2", "stage2": "Round 1", "name": "Tommy Haas", "children": [{"name": "Tommy Haas", "stage1": "Round 1", "size": 5560}, {"name": "Richard Gasquet", "stage1": "Round 1", "size": 4340}]}, {"ace1": 2, "ace2": 6, "result": "6-2 1-6 6-3 6-2", "error1": 21.0, "error2": 68.0, "stage1": "Round 2", "stage2": "Round 1", "name": "Paul Goldstein", "children": [{"name": "Paul Goldstein", "stage1": "Round 1", "size": 1680}, {"name": "Novak Djokovic", "stage1": "Round 1", "size": 3000}]}]}, {"ace1": 22, "ace2": 9, "result": "6-7(4) 6-4 6-1 6-7(1) 6-1", "error1": 44.0, "error2": 46.0, "stage1": "Round 3", "stage2": "Round 2", "name": "Peter Luczak", "children": [{"ace1": 15, "ace2": 12, "result": "7-6(4) 7-6(5) 6-4", "error1": 23.0, "error2": 36.0, "stage1": "Round 2", "stage2": "Round 1", "name": "Peter Luczak", "children": [{"name": "Peter Luczak", "stage1": "Round 1", "size": 5680}, {"name": "Ivo Minar", "stage1": "Round 1", "size": 4980}]}, {"ace1": 2, "ace2": 9, "result": "6-4 6-2 6-2", "error1": 7.0, "error2": 30.0, "stage1": "Round 2", "stage2": "Round 1", "name": "Olivier Rochus", "children": [{"name": "Olivier Rochus", "stage1": "Round 1", "size": 4840}, {"name": "Michael Llodra", "stage1": "Round 1", "size": 4780}]}]}]}]}, {"ace1": 6, "ace2": 7, "result": "4-6 4-6 6-4 6-2 6-3", "error1": 60.0, "error2": 77.0, "stage1": "Quarter Finals", "stage2": "Round 4", "name": "Nikolay Davydenko", "children": [{"ace1": 4, "ace2": 17, "result": "6-2 5-7 6-4 7-5", "error1": 38.0, "error2": 61.0, "stage1": "Round 4", "stage2": "Round 3", "name": "Nikolay Davydenko", "children": [{"ace1": 3, "ace2": 0, "result": "4-6 6-0 6-3 6-2", "error1": 38.0, "error2": 52.0, "stage1": "Round 3", "stage2": "Round 2", "name": "Nikolay Davydenko", "children": [{"ace1": 5, "ace2": 31, "result": "7-5 4-6 3-6 7-5 6-3", "error1": 29.0, "error2": 62.0, "stage1": "Round 2", "stage2": "Round 1", "name": "Nikolay Davydenko", "children": [{"name": "Nikolay Davydenko", "stage1": "Round 1", "size": 5900}, {"name": "Ivo Karlovic", "stage1": "Round 1", "size": 4140}]}, {"ace1": 8, "ace2": 2, "result": "6-4 6-4 6-0", "error1": 27, "error2": 40, "stage1": "Round 2", "stage2": "Round 1", "name": "Kevin Kim", "children": [{"name": "Kevin Kim", "stage1": "Round 1", "size": 6000}, {"name": "Harel Levy", "stage1": "Round 1", "size": 4260}]}]}, {"ace1": 10, "ace2": 13, "result": "6-4 6-7(4) 6-3 6-4", "error1": 31.0, "error2": 47.0, "stage1": "Round 3", "stage2": "Round 2", "name": "Nathan Healey", "children": [{"ace1": 3, "ace2": 1, "result": "6-2 6-3 ret.", "error1": 11.0, "error2": 29.0, "stage1": "Round 2", "stage2": "Round 1", "name": "Nathan Healey", "children": [{"name": "Nathan Healey", "stage1": "Round 1", "size": 4400}, {"name": "Filippo Volandri", "stage1": "Round 1", "size": 5400}]}, {"ace1": 14, "ace2": 6, "result": "7-5 6-7(3) 6-3 3-6 6-3", "error1": 67.0, "error2": 34.0, "stage1": "Round 2", "stage2": "Round 1", "name": "Amer Delic", "children": [{"name": "Amer Delic", "stage1": "Round 1", "size": 3620}, {"name": "Potito Starace", "stage1": "Round 1", "size": 4560}]}]}]}, {"ace1": 12, "ace2": 12, "result": "1-6 6-4 6-3 2-6 6-4", "error1": 63.0, "error2": 72.0, "stage1": "Round 4", "stage2": "Round 3", "name": "Dominik Hrbaty", "children": [{"ace1": 11, "ace2": 20, "result": "6-2 7-5 5-7 4-6 10-8", "error1": 43.0, "error2": 78.0, "stage1": "Round 3", "stage2": "Round 2", "name": "Dominik Hrbaty", "children": [{"ace1": 7, "ace2": 12, "result": "3-6 4-6 6-2 6-1 6-3", "error1": 48.0, "error2": 66.0, "stage1": "Round 2", "stage2": "Round 1", "name": "Dominik Hrbaty", "children": [{"name": "Dominik Hrbaty", "stage1": "Round 1", "size": 6000}, {"name": "Oliver Marach", "stage1": "Round 1", "size": 4160}]}, {"ace1": 18, "ace2": 6, "result": "6-4 7-6(6) 5-7 0-6 6-3", "error1": 90.0, "error2": 52.0, "stage1": "Round 2", "stage2": "Round 1", "name": "Dick Norman", "children": [{"name": "Dick Norman", "stage1": "Round 1", "size": 3260}, {"name": "Zack Fleishman", "stage1": "Round 1", "size": 5100}]}]}, {"ace1": 9, "ace2": 11, "result": "3-6 6-3 7-6(4) 2-6 6-2", "error1": 48.0, "error2": 49.0, "stage1": "Round 3", "stage2": "Round 2", "name": "Igor Andreev", "children": [{"ace1": 3, "ace2": 7, "result": "7-5 6-4 6-3", "error1": 31.0, "error2": 36.0, "stage1": "Round 2", "stage2": "Round 1", "name": "Igor Andreev", "children": [{"name": "Igor Andreev", "stage1": "Round 1", "size": 5800}, {"name": "Nicolas Almagro", "stage1": "Round 1", "size": 3020}]}, {"ace1": 7, "ace2": 5, "result": "6-4 2-6 6-2 6-4", "error1": 53.0, "error2": 55.0, "stage1": "Round 2", "stage2": "Round 1", "name": "Raemon Sluiter", "children": [{"name": "Raemon Sluiter", "stage1": "Round 1", "size": 4200}, {"name": "Pavel Snobel", "stage1": "Round 1", "size": 3920}]}]}]}]}]}, {"ace1": 4, "ace2": 12, "result": "6-3 0-6 6-4 6-7(1) 8-6", "error1": 67.0, "error2": 55.0, "stage1": "Semi Finals", "stage2": "Quarter Finals", "name": "Nicolas Kiefer", "children": [{"ace1": 5, "ace2": 2, "result": "7-6(4) 6-3 6-3", "error1": 33.0, "error2": 22.0, "stage1": "Quarter Finals", "stage2": "Round 4", "name": "Nicolas Kiefer", "children": [{"ace1": 13, "ace2": 5, "result": "6-3 6-2 5-7 6-2", "error1": 34.0, "error2": 43.0, "stage1": "Round 4", "stage2": "Round 3", "name": "Nicolas Kiefer", "children": [{"ace1": 15, "ace2": 4, "result": "4-6 6-1 6-4 6-1", "error1": 34.0, "error2": 52.0, "stage1": "Round 3", "stage2": "Round 2", "name": "Nicolas Kiefer", "children": [{"ace1": 11, "ace2": 6, "result": "6-7(5) 4-6 7-6(5) 6-1 6-2", "error1": 48.0, "error2": 73.0, "stage1": "Round 2", "stage2": "Round 1", "name": "Nicolas Kiefer", "children": [{"name": "Nicolas Kiefer", "stage1": "Round 1", "size": 5980}, {"name": "Paradorn Srichaphan", "stage1": "Round 1", "size": 3860}]}, {"ace1": 6, "ace2": 29, "result": "6-3 6-4 4-6 7-6(2)", "error1": 20.0, "error2": 33.0, "stage1": "Round 2", "stage2": "Round 1", "name": "Boris Pashanski", "children": [{"name": "Boris Pashanski", "stage1": "Round 1", "size": 5280}, {"name": "Wayne Arthurs", "stage1": "Round 1", "size": 3820}]}]}, {"ace1": 14, "ace2": 16, "result": "6-3 3-6 5-7 6-3 6-2", "error1": 27.0, "error2": 55.0, "stage1": "Round 3", "stage2": "Round 2", "name": "Juan Carlos Ferrero", "children": [{"ace1": 8, "ace2": 3, "result": "7-5 6-0 6-2", "error1": 24.0, "error2": 28.0, "stage1": "Round 2", "stage2": "Round 1", "name": "Juan Carlos Ferrero", "children": [{"name": "Juan Carlos Ferrero", "stage1": "Round 1", "size": 5020}, {"name": "Tomas Zib", "stage1": "Round 1", "size": 3080}]}, {"ace1": 9, "ace2": 9, "result": "1-6 6-4 4-6 6-2 6-4", "error1": 38.0, "error2": 68.0, "stage1": "Round 2", "stage2": "Round 1", "name": "Janko Tipsarevic", "children": [{"name": "Janko Tipsarevic", "stage1": "Round 1", "size": 5440}, {"name": "Andreas Seppi", "stage1": "Round 1", "size": 4080}]}]}]}, {"ace1": 4, "ace2": 5, "result": "6-1 6-4 6-4", "error1": 16.0, "error2": 44.0, "stage1": "Round 4", "stage2": "Round 3", "name": "Juan Ignacio Chela", "children": [{"ace1": 6, "ace2": 8, "result": "6-4 6-4 6-7(8) 6-2", "error1": 34.0, "error2": 62.0, "stage1": "Round 3", "stage2": "Round 2", "name": "Juan Ignacio Chela", "children": [{"ace1": 1, "ace2": 7, "result": "6-1 6-3 6-3", "error1": 22, "error2": 43, "stage1": "Round 2", "stage2": "Round 1", "name": "Juan Ignacio Chela", "children": [{"name": "Juan Ignacio Chela", "stage1": "Round 1", "size": 5740}, {"name": "Andy Murray", "stage1": "Round 1", "size": 4720}]}, {"ace1": 11, "ace2": 8, "result": "6-4 2-6 5-7 7-6(4) 6-3", "error1": 61.0, "error2": 66.0, "stage1": "Round 2", "stage2": "Round 1", "name": "Lleyton Hewitt", "children": [{"name": "Lleyton Hewitt", "stage1": "Round 1", "size": 4800}, {"name": "Robin Vik", "stage1": "Round 1", "size": 3960}]}]}, {"ace1": 10, "ace2": 9, "result": "3-6 6-2 7-6(4) 7-5", "error1": 51.0, "error2": 69.0, "stage1": "Round 3", "stage2": "Round 2", "name": "Kristof Vliegen", "children": [{"ace1": 17, "ace2": 1, "result": "6-3 6-1 6-4", "error1": 26.0, "error2": 26.0, "stage1": "Round 2", "stage2": "Round 1", "name": "Kristof Vliegen", "children": [{"name": "Kristof Vliegen", "stage1": "Round 1", "size": 5540}, {"name": "Christophe Rochus", "stage1": "Round 1", "size": 4500}]}, {"ace1": 3, "ace2": 7, "result": "7-6(5) 6-4 6-4", "error1": 30.0, "error2": 43.0, "stage1": "Round 2", "stage2": "Round 1", "name": "Fernando Verdasco", "children": [{"name": "Fernando Verdasco", "stage1": "Round 1", "size": 3280}, {"name": "Kenneth Carlsen", "stage1": "Round 1", "size": 3840}]}]}]}]}, {"ace1": 12, "ace2": 3, "result": "7-5 6-2 6-2", "error1": 23.0, "error2": 49.0, "stage1": "Quarter Finals", "stage2": "Round 4", "name": "Sebastien Grosjean", "children": [{"ace1": 7, "ace2": 0, "result": "6-2 6-2 3-6 6-4", "error1": 48.0, "error2": 48.0, "stage1": "Round 4", "stage2": "Round 3", "name": "Sebastien Grosjean", "children": [{"ace1": 3, "ace2": 2, "result": "6-4 6-3 6-3", "error1": 26.0, "error2": 37.0, "stage1": "Round 3", "stage2": "Round 2", "name": "Sebastien Grosjean", "children": [{"ace1": 6, "ace2": 3, "result": "6-4 6-2 6-3", "error1": 3.0, "error2": 36.0, "stage1": "Round 2", "stage2": "Round 1", "name": "Sebastien Grosjean", "children": [{"name": "Sebastien Grosjean", "stage1": "Round 1", "size": 5700}, {"name": "Mark Philippoussis", "stage1": "Round 1", "size": 4620}]}, {"ace1": 2, "ace2": 1, "result": "4-6 6-2 6-4 6-3", "error1": 49.0, "error2": 57.0, "stage1": "Round 2", "stage2": "Round 1", "name": "Juan Monaco", "children": [{"name": "Juan Monaco", "stage1": "Round 1", "size": 3980}, {"name": "Jean-Rene Lisnard", "stage1": "Round 1", "size": 4120}]}]}, {"ace1": 1, "ace2": 5, "result": "7-6(10) 6-4 6-3", "error1": 33.0, "error2": 49.0, "stage1": "Round 3", "stage2": "Round 2", "name": "Guillermo Coria", "children": [{"ace1": 2, "ace2": 9, "result": "6-4 1-6 4-6 6-2 6-1", "error1": 50.0, "error2": 51.0, "stage1": "Round 2", "stage2": "Round 1", "name": "Guillermo Coria", "children": [{"name": "Guillermo Coria", "stage1": "Round 1", "size": 5080}, {"name": "Victor Hanescu", "stage1": "Round 1", "size": 5220}]}, {"ace1": 8, "ace2": 0, "result": "6-1 6-4 7-5", "error1": 32.0, "error2": 20.0, "stage1": "Round 2", "stage2": "Round 1", "name": "Federico Luzzi", "children": [{"name": "Federico Luzzi", "stage1": "Round 1", "size": 3940}, {"name": "Juan-Antonio Marin", "stage1": "Round 1", "size": 5620}]}]}]}, {"ace1": 18, "ace2": 9, "result": "7-6(2) 7-6(7) 6-1", "error1": 26.0, "error2": 45.0, "stage1": "Round 4", "stage2": "Round 3", "name": "Paul-Henri Mathieu", "children": [{"ace1": 13, "ace2": 1, "result": "6-0 7-6(5) 6-2", "error1": 32.0, "error2": 53.0, "stage1": "Round 3", "stage2": "Round 2", "name": "Paul-Henri Mathieu", "children": [{"ace1": 11, "ace2": 5, "result": "6-3 7-6(4) 6-3", "error1": 37.0, "error2": 57.0, "stage1": "Round 2", "stage2": "Round 1", "name": "Paul-Henri Mathieu", "children": [{"name": "Paul-Henri Mathieu", "stage1": "Round 1", "size": 4860}, {"name": "Arnaud Clement", "stage1": "Round 1", "size": 5380}]}, {"ace1": 7, "ace2": 10, "result": "4-6 7-6(6) 6-3 6-7(3) 7-5", "error1": 55.0, "error2": 85.0, "stage1": "Round 2", "stage2": "Round 1", "name": "Alex Jr. Bogomolov", "children": [{"name": "Alex Jr. Bogomolov", "stage1": "Round 1", "size": 4580}, {"name": "Fernando Gonzalez", "stage1": "Round 1", "size": 4020}]}]}, {"ace1": 8, "ace2": 2, "result": "6-3 6-2 6-1", "error1": 18.0, "error2": 35.0, "stage1": "Round 3", "stage2": "Round 2", "name": "Luis Horna", "children": [{"ace1": 1, "ace2": 6, "result": "6-4 7-5 6-1", "error1": 24.0, "error2": 42.0, "stage1": "Round 2", "stage2": "Round 1", "name": "Luis Horna", "children": [{"name": "Luis Horna", "stage1": "Round 1", "size": 5860}, {"name": "Gael Monfils", "stage1": "Round 1", "size": 3160}]}, {"ace1": 2, "ace2": 6, "result": "6-4 7-6(3) 2-6 7-6(4)", "error1": 69.0, "error2": 50.0, "stage1": "Round 2", "stage2": "Round 1", "name": "Bjorn Phau", "children": [{"name": "Bjorn Phau", "stage1": "Round 1", "size": 5060}, {"name": "Carlos Berlocq", "stage1": "Round 1", "size": 4180}]}]}]}]}]}]}, {"ace1": 15, "ace2": 5, "result": "3-6 5-7 6-3 6-4 6-4", "error1": 41.0, "error2": 56.0, "stage1": "Finals", "stage2": "Semi Finals", "name": "Marcos Baghdatis", "children": [{"ace1": 8, "ace2": 14, "result": "6-4 6-2 4-6 3-6 6-3", "error1": 26.0, "error2": 57.0, "stage1": "Semi Finals", "stage2": "Quarter Finals", "name": "Marcos Baghdatis", "children": [{"ace1": 16, "ace2": 15, "result": "6-4 1-6 6-3 6-4", "error1": 26.0, "error2": 31.0, "stage1": "Quarter Finals", "stage2": "Round 4", "name": "Marcos Baghdatis", "children": [{"ace1": 5, "ace2": 0, "result": "6-2 6-1 6-2", "error1": 17.0, "error2": 28.0, "stage1": "Round 4", "stage2": "Round 3", "name": "Marcos Baghdatis", "children": [{"ace1": 6, "ace2": 11, "result": "6-4 6-3 3-6 0-6 7-5", "error1": 46.0, "error2": 60.0, "stage1": "Round 3", "stage2": "Round 2", "name": "Marcos Baghdatis", "children": [{"ace1": 4, "ace2": 8, "result": "7-6(6) 7-5 6-0", "error1": 28.0, "error2": 31.0, "stage1": "Round 2", "stage2": "Round 1", "name": "Marcos Baghdatis", "children": [{"name": "Marcos Baghdatis", "stage1": "Round 1", "size": 5240}, {"name": "Justin Gimelstob", "stage1": "Round 1", "size": 5820}]}, {"ace1": 1, "ace2": 3, "result": "6-1 6-2 6-2", "error1": 21.0, "error2": 32.0, "stage1": "Round 2", "stage2": "Round 1", "name": "Radek Stepanek", "children": [{"name": "Radek Stepanek", "stage1": "Round 1", "size": 2560}, {"name": "Bjorn Rehnquist", "stage1": "Round 1", "size": 4060}]}]}, {"ace1": 8, "ace2": 7, "result": "2-6 5-7 6-4 6-3 6-3", "error1": 58.0, "error2": 62.0, "stage1": "Round 3", "stage2": "Round 2", "name": "Denis Gremelmayr", "children": [{"ace1": 8, "ace2": 4, "result": "3-6 6-2 6-0 6-1", "error1": 19.0, "error2": 53.0, "stage1": "Round 2", "stage2": "Round 1", "name": "Denis Gremelmayr", "children": [{"name": "Denis Gremelmayr", "stage1": "Round 1", "size": 4280}, {"name": "Jonas Bjorkman", "stage1": "Round 1", "size": 6000}]}, {"ace1": 1, "ace2": 3, "result": "6-1 6-4 6-2", "error1": 18.0, "error2": 29.0, "stage1": "Round 2", "stage2": "Round 1", "name": "Robby Ginepri", "children": [{"name": "Robby Ginepri", "stage1": "Round 1", "size": 4320}, {"name": "Jurgen Melzer", "stage1": "Round 1", "size": 1840}]}]}]}, {"ace1": 17, "ace2": 5, "result": "6-1 6-2 6-2", "error1": 16.0, "error2": 35.0, "stage1": "Round 4", "stage2": "Round 3", "name": "Andy Roddick", "children": [{"ace1": 11, "ace2": 11, "result": "7-5 6-3 6-2", "error1": 9.0, "error2": 25.0, "stage1": "Round 3", "stage2": "Round 2", "name": "Andy Roddick", "children": [{"ace1": 7, "ace2": 2, "result": "6-4 6-2 6-2", "error1": 23.0, "error2": 26.0, "stage1": "Round 2", "stage2": "Round 1", "name": "Andy Roddick", "children": [{"name": "Andy Roddick", "stage1": "Round 1", "size": 5840}, {"name": "Michael Lammer", "stage1": "Round 1", "size": 920}]}, {"ace1": 21, "ace2": 6, "result": "3-6 7-6(5) 6-4 6-2", "error1": 40.0, "error2": 33.0, "stage1": "Round 2", "stage2": "Round 1", "name": "Wesley Moodie", "children": [{"name": "Wesley Moodie", "stage1": "Round 1", "size": 5260}, {"name": "Oscar Hernandez", "stage1": "Round 1", "size": 3520}]}]}, {"ace1": 8, "ace2": 4, "result": "6-4 7-6(3) 6-1", "error1": 27.0, "error2": 55.0, "stage1": "Round 3", "stage2": "Round 2", "name": "Julien Benneteau", "children": [{"ace1": 4, "ace2": 2, "result": "6-2 6-1 3-0 ret.", "error1": 14.0, "error2": 25.0, "stage1": "Round 2", "stage2": "Round 1", "name": "Julien Benneteau", "children": [{"name": "Julien Benneteau", "stage1": "Round 1", "size": 5300}, {"name": "Marcos Daniel", "stage1": "Round 1", "size": 4440}]}, {"ace1": 9, "ace2": 13, "result": "7-6(4) 6-3 7-6(4)", "error1": 12.0, "error2": 26.0, "stage1": "Round 2", "stage2": "Round 1", "name": "Guillermo Garcia-Lopez", "children": [{"name": "Guillermo Garcia-Lopez", "stage1": "Round 1", "size": 3900}, {"name": "Taylor Dent", "stage1": "Round 1", "size": 3800}]}]}]}]}, {"ace1": 12, "ace2": 12, "result": "6-2 6-4 6-4", "error1": 16.0, "error2": 27.0, "stage1": "Quarter Finals", "stage2": "Round 4", "name": "Ivan Ljubicic", "children": [{"ace1": 10, "ace2": 12, "result": "7-5 7-6(5) 6-0", "error1": 23.0, "error2": 41.0, "stage1": "Round 4", "stage2": "Round 3", "name": "Ivan Ljubicic", "children": [{"ace1": 3, "ace2": 3, "result": "7-5 6-2 6-1", "error1": 22.0, "error2": 29.0, "stage1": "Round 3", "stage2": "Round 2", "name": "Ivan Ljubicic", "children": [{"ace1": 13, "ace2": 23, "result": "7-6(5) 6-4 7-6(3)", "error1": 9.0, "error2": 17.0, "stage1": "Round 2", "stage2": "Round 1", "name": "Ivan Ljubicic", "children": [{"name": "Ivan Ljubicic", "stage1": "Round 1", "size": 5720}, {"name": "Chris Guccione", "stage1": "Round 1", "size": 3560}]}, {"ace1": 12, "ace2": 8, "result": "7-5 6-2 6-4", "error1": 23.0, "error2": 37.0, "stage1": "Round 2", "stage2": "Round 1", "name": "Philipp Kohlschreiber", "children": [{"name": "Philipp Kohlschreiber", "stage1": "Round 1", "size": 5040}, {"name": "Lukas Dlouhy", "stage1": "Round 1", "size": 2800}]}]}, {"ace1": 17, "ace2": 10, "result": "6-2 6-4 6-7(6) 6-4", "error1": 39.0, "error2": 43.0, "stage1": "Round 3", "stage2": "Round 2", "name": "Feliciano Lopez", "children": [{"ace1": 13, "ace2": 4, "result": "6-2 7-5 6-3", "error1": 38.0, "error2": 49.0, "stage1": "Round 2", "stage2": "Round 1", "name": "Feliciano Lopez", "children": [{"name": "Feliciano Lopez", "stage1": "Round 1", "size": 5520}, {"name": "Tomas Behrend", "stage1": "Round 1", "size": 1660}]}, {"ace1": 0, "ace2": 0, "result": "Missing Data", "error1": 0.0, "error2": 0.0, "stage1": "Round 2", "stage2": "Round 1", "name": "Gilles Muller", "children": [{"name": "Gilles Muller", "stage1": "Round 1", "size": 4680}, {"name": "", "stage1": "Round 1", "size": 460}]}]}]}, {"ace1": 9, "ace2": 4, "result": "6-3 6-2 6-1", "error1": 27.0, "error2": 34.0, "stage1": "Round 4", "stage2": "Round 3", "name": "Thomas Johansson", "children": [{"ace1": 12, "ace2": 16, "result": "6-3 3-6 7-5 4-6 6-3", "error1": 57.0, "error2": 66.0, "stage1": "Round 3", "stage2": "Round 2", "name": "Thomas Johansson", "children": [{"ace1": 13, "ace2": 10, "result": "6-1 7-6(3) 6-4", "error1": 23.0, "error2": 53.0, "stage1": "Round 2", "stage2": "Round 1", "name": "Thomas Johansson", "children": [{"name": "Thomas Johansson", "stage1": "Round 1", "size": 5920}, {"name": "Cyril Saulnier", "stage1": "Round 1", "size": 5000}]}, {"ace1": 7, "ace2": 3, "result": "7-5 5-7 6-4 6-2", "error1": 37.0, "error2": 67.0, "stage1": "Round 2", "stage2": "Round 1", "name": "Xavier Malisse", "children": [{"name": "Xavier Malisse", "stage1": "Round 1", "size": 5120}, {"name": "Mikhail Youzhny", "stage1": "Round 1", "size": 4740}]}]}, {"ace1": 6, "ace2": 3, "result": "6-3 6-2 4-6 6-2", "error1": 38.0, "error2": 56.0, "stage1": "Round 3", "stage2": "Round 2", "name": "Gilles Simon", "children": [{"ace1": 8, "ace2": 7, "result": "7-6(6) 6-2 3-6 4-6 6-3", "error1": 65.0, "error2": 73.0, "stage1": "Round 2", "stage2": "Round 1", "name": "Gilles Simon", "children": [{"name": "Gilles Simon", "stage1": "Round 1", "size": 4540}, {"name": "Nicolas Massu", "stage1": "Round 1", "size": 3760}]}, {"ace1": 24, "ace2": 10, "result": "7-5 6-3 6-7(2) 6-1", "error1": 58.0, "error2": 47.0, "stage1": "Round 2", "stage2": "Round 1", "name": "Tomas Berdych", "children": [{"name": "Tomas Berdych", "stage1": "Round 1", "size": 4540}, {"name": "Bobby Reynolds", "stage1": "Round 1", "size": 3760}]}]}]}]}]}, {"ace1": 2, "ace2": 4, "result": "7-5 6-0 6-0", "error1": 17.0, "error2": 15.0, "stage1": "Semi Finals", "stage2": "Quarter Finals", "name": "David Nalbandian", "children": [{"ace1": 3, "ace2": 9, "result": "6-3 6-0 2-6 6-2", "error1": 28.0, "error2": 37.0, "stage1": "Quarter Finals", "stage2": "Round 4", "name": "David Nalbandian", "children": [{"ace1": 6, "ace2": 3, "result": "2-6 6-3 6-2 7-5", "error1": 52.0, "error2": 39.0, "stage1": "Round 4", "stage2": "Round 3", "name": "David Nalbandian", "children": [{"ace1": 2, "ace2": 10, "result": "6-4 3-6 6-4 6-2", "error1": 46.0, "error2": 52.0, "stage1": "Round 3", "stage2": "Round 2", "name": "David Nalbandian", "children": [{"ace1": 5, "ace2": 10, "result": "6-2 6-2 1-6 6-7(4) 6-1", "error1": 61.0, "error2": 54.0, "stage1": "Round 2", "stage2": "Round 1", "name": "David Nalbandian", "children": [{"name": "David Nalbandian", "stage1": "Round 1", "size": 5960}, {"name": "Danai Udomchoke", "stage1": "Round 1", "size": 3480}]}, {"ace1": 10, "ace2": 6, "result": "4-6 6-2 6-3 6-0", "error1": 40.0, "error2": 37.0, "stage1": "Round 2", "stage2": "Round 1", "name": "Stanislas Wawrinka", "children": [{"name": "Stanislas Wawrinka", "stage1": "Round 1", "size": 4240}, {"name": "Albert Montanes", "stage1": "Round 1", "size": 4960}]}]}, {"ace1": 4, "ace2": 4, "result": "6-2 7-6(3) 6-2", "error1": 23.0, "error2": 53.0, "stage1": "Round 3", "stage2": "Round 2", "name": "Jarkko Nieminen", "children": [{"ace1": 2, "ace2": 4, "result": "6-2 6-3 6-1", "error1": 23.0, "error2": 30.0, "stage1": "Round 2", "stage2": "Round 1", "name": "Jarkko Nieminen", "children": [{"name": "Jarkko Nieminen", "stage1": "Round 1", "size": 5340}, {"name": "Marc Kimmich", "stage1": "Round 1", "size": 3740}]}, {"ace1": 4, "ace2": 3, "result": "6-2 7-5 4-1 ret.", "error1": 18.0, "error2": 52.0, "stage1": "Round 2", "stage2": "Round 1", "name": "Jimmy Wang", "children": [{"name": "Jimmy Wang", "stage1": "Round 1", "size": 4160}, {"name": "Mariano Zabaleta", "stage1": "Round 1", "size": 4820}]}]}]}, {"ace1": 9, "ace2": 6, "result": "6-3 6-4 6-4", "error1": 14.0, "error2": 46.0, "stage1": "Round 4", "stage2": "Round 3", "name": "Tommy Robredo", "children": [{"ace1": 5, "ace2": 8, "result": "7-6(4) 3-6 7-6(5) 6-3", "error1": 55.0, "error2": 65.0, "stage1": "Round 3", "stage2": "Round 2", "name": "Tommy Robredo", "children": [{"ace1": 10, "ace2": 8, "result": "6-4 7-6(6) 6-3", "error1": 17.0, "error2": 44.0, "stage1": "Round 2", "stage2": "Round 1", "name": "Tommy Robredo", "children": [{"name": "Tommy Robredo", "stage1": "Round 1", "size": 5500}, {"name": "Jiri Vanek", "stage1": "Round 1", "size": 4420}]}, {"ace1": 7, "ace2": 5, "result": "5-7 6-3 6-4 7-5", "error1": 41.0, "error2": 31.0, "stage1": "Round 2", "stage2": "Round 1", "name": "Dmitry Tursunov", "children": [{"name": "Dmitry Tursunov", "stage1": "Round 1", "size": 4000}, {"name": "Tim Henman", "stage1": "Round 1", "size": 100}]}]}, {"ace1": 5, "ace2": 9, "result": "2-6 6-1 6-4 6-3", "error1": 33.0, "error2": 27.0, "stage1": "Round 3", "stage2": "Round 2", "name": "James Blake", "children": [{"ace1": 11, "ace2": 11, "result": "6-2 6-3 4-6 7-6(4)", "error1": 40.0, "error2": 42.0, "stage1": "Round 2", "stage2": "Round 1", "name": "James Blake", "children": [{"name": "James Blake", "stage1": "Round 1", "size": 4640}, {"name": "Jose Acasuso", "stage1": "Round 1", "size": 5640}]}, {"ace1": 7, "ace2": 17, "result": "7-6(5) 6-3 7-6(2)", "error1": 17.0, "error2": 32.0, "stage1": "Round 2", "stage2": "Round 1", "name": "Jean-Christophe Faurel", "children": [{"name": "Jean-Christophe Faurel", "stage1": "Round 1", "size": 5180}, {"name": "Alexander Waske", "stage1": "Round 1", "size": 4480}]}]}]}]}, {"ace1": 6, "ace2": 0, "result": "6-4 7-5 7-5", "error1": 14.0, "error2": 41.0, "stage1": "Quarter Finals", "stage2": "Round 4", "name": "Fabrice Santoro", "children": [{"ace1": 9, "ace2": 1, "result": "6-3 6-2 5-7 1-6 6-4", "error1": 19.0, "error2": 37.0, "stage1": "Round 4", "stage2": "Round 3", "name": "Fabrice Santoro", "children": [{"ace1": 8, "ace2": 4, "result": "6-4 6-1 6-4", "error1": 18.0, "error2": 30.0, "stage1": "Round 3", "stage2": "Round 2", "name": "Fabrice Santoro", "children": [{"ace1": 1, "ace2": 0, "result": "3-6 6-0 6-2 6-3", "error1": 15.0, "error2": 45.0, "stage1": "Round 2", "stage2": "Round 1", "name": "Fabrice Santoro", "children": [{"name": "Fabrice Santoro", "stage1": "Round 1", "size": 5480}, {"name": "Vince Spadea", "stage1": "Round 1", "size": 4520}]}, {"ace1": 0, "ace2": 8, "result": "6-4 7-6(5) 4-6 3-6 6-4", "error1": 55.0, "error2": 66.0, "stage1": "Round 2", "stage2": "Round 1", "name": "Andrei Pavel", "children": [{"name": "Andrei Pavel", "stage1": "Round 1", "size": 2600}, {"name": "Carlos Moya", "stage1": "Round 1", "size": 4460}]}]}, {"ace1": 1, "ace2": 3, "result": "6-3 6-2 6-3", "error1": 17.0, "error2": 31.0, "stage1": "Round 3", "stage2": "Round 2", "name": "Gaston Gaudio", "children": [{"ace1": 6, "ace2": 1, "result": "6-2 5-0 ret.", "error1": 11.0, "error2": 21.0, "stage1": "Round 2", "stage2": "Round 1", "name": "Gaston Gaudio", "children": [{"name": "Gaston Gaudio", "stage1": "Round 1", "size": 5140}, {"name": "Razvan Sabau", "stage1": "Round 1", "size": 4100}]}, {"ace1": 3, "ace2": 2, "result": "3-6 6-3 7-6(2) 6-3", "error1": 43.0, "error2": 33.0, "stage1": "Round 2", "stage2": "Round 1", "name": "Lars Burgsmuller", "children": [{"name": "Lars Burgsmuller", "stage1": "Round 1", "size": 5760}, {"name": "Rainer Schuettler", "stage1": "Round 1", "size": 4300}]}]}]}, {"ace1": 0, "ace2":3, "result": "6-3 6-3 6-3", "error1": 16.0, "error2": 35.0, "stage1": "Round 4", "stage2": "Round 3", "name": "David Ferrer", "children": [{"ace1": 5, "ace2": 6, "result": "6-4 6-4 6-7(5) 6-2", "error1": 39.0, "error2": 84.0, "stage1": "Round 3", "stage2": "Round 2", "name": "David Ferrer", "children": [{"ace1": 3, "ace2": 2, "result": "4-6 6-3 6-1 6-4", "error1": 37.0, "error2": 69.0, "stage1": "Round 2", "stage2": "Round 1", "name": "David Ferrer", "children": [{"name": "David Ferrer", "stage1": "Round 1", "size": 5460}, {"name": "Florent Serra", "stage1": "Round 1", "size": 3340}]}, {"ace1": 11, "ace2": 2, "result": "6-1 7-6(4) 6-2", "error1": 34.0, "error2": 40.0, "stage1": "Round 2", "stage2": "Round 1", "name": "Daniele Bracciali", "children": [{"name": "Daniele Bracciali", "stage1": "Round 1", "size": 4360}, {"name": "Yen-Hsun Lu", "stage1": "Round 1", "size": 3380}]}]}, {"ace1": 10, "ace2": 1, "result": "6-1 6-4 6-4", "error1": 22.0, "error2": 11.0, "stage1": "Round 3", "stage2": "Round 2", "name": "Mario Ancic", "children": [{"ace1": 9, "ace2": 6, "result": "6-4 4-6 6-3 6-4", "error1": 36.0, "error2": 39.0, "stage1": "Round 2", "stage2": "Round 1", "name": "Mario Ancic", "children": [{"name": "Mario Ancic", "stage1": "Round 1", "size": 5880}, {"name": "Agustin Calleri", "stage1": "Round 1", "size": 2920}]}, {"ace1": 5, "ace2": 4, "result": "2-6 6-3 7-6(5) 6-2", "error1": 65.0, "error2": 25.0, "stage1": "Round 2", "stage2": "Round 1", "name": "Jan Hernych", "children": [{"name": "Jan Hernych", "stage1": "Round 1", "size": 4920}, {"name": "Fernando Vicente", "stage1": "Round 1", "size": 4040}]}]}]}]}]}]}]}