{"ace1": 5, "ace2": 6, "result": "7-6(2) 6-4 6-4", "error1": 19.0, "error2": 28.0, "stage1": "Champion", "stage2": "Finals", "name": "Roger Federer", "children": [{"ace1": 10, "ace2": 4, "result": "6-4 6-0 6-2", "error1": 12.0, "error2": 18.0, "stage1": "Finals", "stage2": "Semi Finals", "name": "Roger Federer", "children": [{"ace1": 5, "ace2": 4, "result": "6-3 7-6(2) 7-5", "error1": 31.0, "error2": 28.0, "stage1": "Semi Finals", "stage2": "Quarter Finals", "name": "Roger Federer", "children": [{"ace1": 12, "ace2": 7, "result": "6-2 7-5 6-3", "error1": 26.0, "error2": 33.0, "stage1": "Quarter Finals", "stage2": "Round 4", "name": "Roger Federer", "children": [{"ace1": 7, "ace2": 7, "result": "6-3 6-3 7-6(5)", "error1": 33.0, "error2": 27.0, "stage1": "Round 4", "stage2": "Round 3", "name": "Roger Federer", "children": [{"ace1": 7, "ace2": 2, "result": "6-2 6-3 6-2", "error1": 19.0, "error2": 27.0, "stage1": "Round 3", "stage2": "Round 2", "name": "Roger Federer", "children": [{"ace1": 7, "ace2": 3, "result": "7-5 6-0 6-4", "error1": 29.0, "error2": 32.0, "stage1": "Round 2", "stage2": "Round 1", "name": "Roger Federer", "children": [{"name": "Roger Federer", "stage1": "Round 1", "size": 5940}, {"name": "Bjorn Phau", "stage1": "Round 1", "size": 4380}]}, {"ace1": 3, "ace2": 4, "result": "5-7 4-6 6-0 6-1 6-2", "error1": 40.0, "error2": 42.0, "stage1": "Round 2", "stage2": "Round 1", "name": "Jonas Bjorkman", "children": [{"name": "Jonas Bjorkman", "stage1": "Round 1", "size": 4600}, {"name": "Olivier Patience", "stage1": "Round 1", "size": 1240}]}]}, {"ace1": 8, "ace2": 4, "result": "7-5 6-4 6-4", "error1": 28.0, "error2": 19.0, "stage1": "Round 3", "stage2": "Round 2", "name": "Mikhail Youzhny", "children": [{"ace1": 0, "ace2": 0, "result": "Missing", "error1": 0.0, "error2": 0.0, "stage1": "Round 2", "stage2": "Round 1", "name": "Mikhail Youzhny", "children": [{"name": "Mikhail Youzhny", "stage1": "Round 1", "size": 4460}, {"name": "Unknown", "stage1": "Round 1", "size": 1280}]}, {"ace1": 5, "ace2": 1, "result": "6-3 6-4 6-3", "error1": 36.0, "error2": 38.0, "stage1": "Round 2", "stage2": "Round 1", "name": "Yen-Hsun Lu", "children": [{"name": "Yen-Hsun Lu", "stage1": "Round 1", "size": 5360}, {"name": "Simon Greul", "stage1": "Round 1", "size": 2880}]}]}]}, {"ace1": 15, "ace2": 1, "result": "6-3 6-4 5-7 6-1", "error1": 55.0, "error2": 32.0, "stage1": "Round 4", "stage2": "Round 3", "name": "Novak Djokovic", "children": [{"ace1": 8, "ace2": 5, "result": "6-2 7-5 6-1", "error1": 19.0, "error2": 36.0, "stage1": "Round 3", "stage2": "Round 2", "name": "Novak Djokovic", "children": [{"ace1": 5, "ace2": 1, "result": "6-1 6-1 6-0", "error1": 15.0, "error2": 20.0, "stage1": "Round 2", "stage2": "Round 1", "name": "Novak Djokovic", "children": [{"name": "Novak Djokovic", "stage1": "Round 1", "size": 5560}, {"name": "Nicolas Massu", "stage1": "Round 1", "size": 4340}]}, {"ace1": 19, "ace2": 13, "result": "7-6(8) 4-6 6-3 7-6(3)", "error1": 30.0, "error2": 35.0, "stage1": "Round 2", "stage2": "Round 1", "name": "Feliciano Lopez", "children": [{"name": "Feliciano Lopez", "stage1": "Round 1", "size": 1680}, {"name": "Brian Wilson", "stage1": "Round 1", "size": 3000}]}]}, {"ace1": 7, "ace2": 6, "result": "7-6(0) 7-5 4-6 6-1", "error1": 55.0, "error2": 56.0, "stage1": "Round 3", "stage2": "Round 2", "name": "Danai Udomchoke", "children": [{"ace1": 3, "ace2": 7, "result": "6-3 6-3 6-2", "error1": 35.0, "error2": 52.0, "stage1": "Round 2", "stage2": "Round 1", "name": "Danai Udomchoke", "children": [{"name": "Danai Udomchoke", "stage1": "Round 1", "size": 5680}, {"name": "Martin Vassallo Arguello", "stage1": "Round 1", "size": 4980}]}, {"ace1": 4, "ace2": 1, "result": "3-0 ret.", "error1": 2.0, "error2": 3.0, "stage1": "Round 2", "stage2": "Round 1", "name": "Juan Carlos Ferrero", "children": [{"name": "Juan Carlos Ferrero", "stage1": "Round 1", "size": 4840}, {"name": "Jan Hajek", "stage1": "Round 1", "size": 4780}]}]}]}]}, {"ace1": 8, "ace2": 1, "result": "6-4 6-2 3-6 6-4", "error1": 29.0, "error2": 38.0, "stage1": "Quarter Finals", "stage2": "Round 4", "name": "Tommy Robredo", "children": [{"ace1": 18, "ace2": 9, "result": "6-4 6-7(5) 6-2 6-1", "error1": 18.0, "error2": 41.0, "stage1": "Round 4", "stage2": "Round 3", "name": "Tommy Robredo", "children": [{"ace1": 5, "ace2": 1, "result": "6-1 6-3 6-3", "error1": 22.0, "error2": 31.0, "stage1": "Round 3", "stage2": "Round 2", "name": "Tommy Robredo", "children": [{"ace1": 10, "ace2": 4, "result": "6-4 6-4 6-0", "error1": 19.0, "error2": 32.0, "stage1": "Round 2", "stage2": "Round 1", "name": "Tommy Robredo", "children": [{"name": "Tommy Robredo", "stage1": "Round 1", "size": 5900}, {"name": "Ruben Ramirez-Hidalgo", "stage1": "Round 1", "size": 4140}]}, {"ace1": 1, "ace2": 27, "result": "6-4 6-4 7-6(6)", "error1": 12.0, "error2": 29.0, "stage1": "Round 2", "stage2": "Round 1", "name": "Jurgen Melzer", "children": [{"name": "Jurgen Melzer", "stage1": "Round 1", "size": 6000}, {"name": "Ivo Karlovic", "stage1": "Round 1", "size": 4260}]}]}, {"ace1": 16, "ace2": 5, "result": "6-3 6-4 6-3", "error1": 21.0, "error2": 15.0, "stage1": "Round 3", "stage2": "Round 2", "name": "Sam Querrey", "children": [{"ace1": 20, "ace2": 13, "result": "6-7(2) 6-4 6-1 6-3", "error1": 37.0, "error2": 42.0, "stage1": "Round 2", "stage2": "Round 1", "name": "Sam Querrey", "children": [{"name": "Sam Querrey", "stage1": "Round 1", "size": 4400}, {"name": "Jose Acasuso", "stage1": "Round 1", "size": 5400}]}, {"ace1": 4, "ace2": 7, "result": "7-5 6-2 6-4", "error1": 55.0, "error2": 25.0, "stage1": "Round 2", "stage2": "Round 1", "name": "Florent Serra", "children": [{"name": "Florent Serra", "stage1": "Round 1", "size": 3620}, {"name": "Nicolas Devilder", "stage1": "Round 1", "size": 4560}]}]}]}, {"ace1": 6, "ace2": 9, "result": "6-0 4-6 7-5 6-3", "error1": 22.0, "error2": 37.0, "stage1": "Round 4", "stage2": "Round 3", "name": "Richard Gasquet", "children": [{"ace1": 5, "ace2": 6, "result": "6-1 6-2 6-4", "error1": 14.0, "error2": 39.0, "stage1": "Round 3", "stage2": "Round 2", "name": "Richard Gasquet", "children": [{"ace1": 4, "ace2": 3, "result": "6-4 6-4 6-2", "error1": 26.0, "error2": 34.0, "stage1": "Round 2", "stage2": "Round 1", "name": "Richard Gasquet", "children": [{"name": "Richard Gasquet", "stage1": "Round 1", "size": 6000}, {"name": "Filippo Volandri", "stage1": "Round 1", "size": 4160}]}, {"ace1": 7, "ace2": 1, "result": "6-3 6-0 6-2", "error1": 23.0, "error2": 30.0, "stage1": "Round 2", "stage2": "Round 1", "name": "Amer Delic", "children": [{"name": "Amer Delic", "stage1": "Round 1", "size": 3260}, {"name": "Gilles Simon", "stage1": "Round 1", "size": 5100}]}]}, {"ace1": 11, "ace2": 6, "result": "7-6(5) 6-2 2-6 6-0", "error1": 38.0, "error2": 52.0, "stage1": "Round 3", "stage2": "Round 2", "name": "Gael Monfils", "children": [{"ace1": 25, "ace2": 11, "result": "7-6(2) 6-7(9) 6-4 7-6(5)", "error1": 38.0, "error2": 76.0, "stage1": "Round 2", "stage2": "Round 1", "name": "Gael Monfils", "children": [{"name": "Gael Monfils", "stage1": "Round 1", "size": 5800}, {"name": "Daniele Bracciali", "stage1": "Round 1", "size": 3020}]}, {"ace1": 11, "ace2": 2, "result": "6-4 2-6 6-3 6-2", "error1": 39.0, "error2": 36.0, "stage1": "Round 2", "stage2": "Round 1", "name": "Marcos Baghdatis", "children": [{"name": "Marcos Baghdatis", "stage1": "Round 1", "size": 4200}, {"name": "Rainer Schuettler", "stage1": "Round 1", "size": 3920}]}]}]}]}]}, {"ace1": 10, "ace2": 12, "result": "6-2 6-2 6-2", "error1": 2.0, "error2": 26.0, "stage1": "Semi Finals", "stage2": "Quarter Finals", "name": "Andy Roddick", "children": [{"ace1": 16, "ace2": 21, "result": "6-3 3-6 6-1 5-7 6-4", "error1": 19.0, "error2": 33.0, "stage1": "Quarter Finals", "stage2": "Round 4", "name": "Andy Roddick", "children": [{"ace1": 14, "ace2": 22, "result": "7-6(2) 2-6 6-4 7-6(2)", "error1": 33.0, "error2": 39.0, "stage1": "Round 4", "stage2": "Round 3", "name": "Andy Roddick", "children": [{"ace1": 18, "ace2": 10, "result": "6-3 7-6(4) 6-4", "error1": 22.0, "error2": 19.0, "stage1": "Round 3", "stage2": "Round 2", "name": "Andy Roddick", "children": [{"ace1": 13, "ace2": 16, "result": "6-7(18) 7-6(2) 6-3 6-3", "error1": 25.0, "error2": 46.0, "stage1": "Round 2", "stage2": "Round 1", "name": "Andy Roddick", "children": [{"name": "Andy Roddick", "stage1": "Round 1", "size": 5980}, {"name": "Jo-Wilfried Tsonga", "stage1": "Round 1", "size": 3860}]}, {"ace1": 14, "ace2": 5, "result": "3-6 6-7(1) 6-4 6-1 6-0", "error1": 49.0, "error2": 60.0, "stage1": "Round 2", "stage2": "Round 1", "name": "Marc Gicquel", "children": [{"name": "Marc Gicquel", "stage1": "Round 1", "size": 5280}, {"name": "Alun Jones", "stage1": "Round 1", "size": 3820}]}]}, {"ace1": 13, "ace2": 1, "result": "6-3 5-7 4-6 7-6(4) 6-0", "error1": 55.0, "error2": 33.0, "stage1": "Round 3", "stage2": "Round 2", "name": "Marat Safin", "children": [{"ace1": 19, "ace2": 14, "result": "5-7 7-6(2) 3-6 6-3 6-4", "error1": 50.0, "error2": 62.0, "stage1": "Round 2", "stage2": "Round 1", "name": "Marat Safin", "children": [{"name": "Marat Safin", "stage1": "Round 1", "size": 5020}, {"name": "Benjamin Becker", "stage1": "Round 1", "size": 3080}]}, {"ace1": 0, "ace2": 0, "result": "6-4 6-2 6-2", "error1": 30.0, "error2": 55.0, "stage1": "Round 2", "stage2": "Round 1", "name": "Dudi Sela", "children": [{"name": "Dudi Sela", "stage1": "Round 1", "size": 5440}, {"name": "Paradorn Srichaphan", "stage1": "Round 1", "size": 4080}]}]}]}, {"ace1": 13, "ace2": 0, "result": "6-3 6-2 6-1", "error1": 19.0, "error2": 27.0, "stage1": "Round 4", "stage2": "Round 3", "name": "Mario Ancic", "children": [{"ace1": 8, "ace2": 2, "result": "3-6 7-5 6-2 6-2", "error1": 36.0, "error2": 48.0, "stage1": "Round 3", "stage2": "Round 2", "name": "Mario Ancic", "children": [{"ace1": 7, "ace2": 0, "result": "6-4 6-3 6-2", "error1": 28.0, "error2": 28.0, "stage1": "Round 2", "stage2": "Round 1", "name": "Mario Ancic", "children": [{"name": "Mario Ancic", "stage1": "Round 1", "size": 5740}, {"name": "Go Soeda", "stage1": "Round 1", "size": 4720}]}, {"ace1": 0, "ace2": 0, "result": "1-1 ret.", "error1": 0.0, "error2": 0.0, "stage1": "Round 2", "stage2": "Round 1", "name": "Guillermo Garcia-Lopez", "children": [{"name": "Guillermo Garcia-Lopez", "stage1": "Round 1", "size": 4800}, {"name": "Joachim Johansson", "stage1": "Round 1", "size": 3960}]}]}, {"ace1": 4, "ace2": 4, "result": "5-7 6-4 6-4 6-3", "error1": 55.0, "error2": 51.0, "stage1": "Round 3", "stage2": "Round 2", "name": "Dominik Hrbaty", "children": [{"ace1": 9, "ace2": 10, "result": "6-7(7) 7-6(1) 6-1 6-3", "error1": 66.0, "error2": 69.0, "stage1": "Round 2", "stage2": "Round 1", "name": "Dominik Hrbaty", "children": [{"name": "Dominik Hrbaty", "stage1": "Round 1", "size": 5540}, {"name": "Jiri Vanek", "stage1": "Round 1", "size": 4500}]}, {"ace1": 3, "ace2": 1, "result": "6-2 7-6(3) 6-1", "error1": 24.0, "error2": 37.0, "stage1": "Round 2", "stage2": "Round 1", "name": "Vince Spadea", "children": [{"name": "Vince Spadea", "stage1": "Round 1", "size": 3280}, {"name": "Igor Andreev", "stage1": "Round 1", "size": 3840}]}]}]}]}, {"ace1": 15, "ace2": 7, "result": "6-1 7-6(4) 2-6 7-5", "error1": 53.0, "error2": 23.0, "stage1": "Quarter Finals", "stage2": "Round 4", "name": "Mardy Fish", "children": [{"ace1": 3, "ace2": 0, "result": "3-0 ret.", "error1": 0.0, "error2": 5.0, "stage1": "Round 4", "stage2": "Round 3", "name": "Mardy Fish", "children": [{"ace1": 17, "ace2": 18, "result": "7-5 6-4 3-6 6-4", "error1": 46.0, "error2": 26.0, "stage1": "Round 3", "stage2": "Round 2", "name": "Mardy Fish", "children": [{"ace1": 13, "ace2": 28, "result": "4-6 7-6(2) 6-4 6-4", "error1": 33.0, "error2": 31.0, "stage1": "Round 2", "stage2": "Round 1", "name": "Mardy Fish", "children": [{"name": "Mardy Fish", "stage1": "Round 1", "size": 5700}, {"name": "Ivan Ljubicic", "stage1": "Round 1", "size": 4620}]}, {"ace1": 10, "ace2": 3, "result": "6-0 6-7(0) 6-3 6-4", "error1": 53.0, "error2": 44.0, "stage1": "Round 2", "stage2": "Round 1", "name": "Nicolas Mahut", "children": [{"name": "Nicolas Mahut", "stage1": "Round 1", "size": 3980}, {"name": "JJuan Monaco", "stage1": "Round 1", "size": 4120}]}]}, {"ace1": 26, "ace2": 11, "result": "6-7(5) 6-1 6-4 6-4", "error1": 21.0, "error2": 23.0, "stage1": "Round 3", "stage2": "Round 2", "name": "Wayne Arthurs", "children": [{"ace1": 19, "ace2": 4, "result": "1-6 6-7(4) 7-6(5) 6-2 6-3", "error1": 55.0, "error2": 24.0, "stage1": "Round 2", "stage2": "Round 1", "name": "Wayne Arthurs", "children": [{"name": "Wayne Arthurs", "stage1": "Round 1", "size": 5080}, {"name": "Stefan Koubek", "stage1": "Round 1", "size": 5220}]}, {"ace1": 10, "ace2": 12, "result": "7-5 4-6 6-3 6-4", "error1": 40.0, "error2": 48.0, "stage1": "Round 2", "stage2": "Round 1", "name": "Zack Fleishman", "children": [{"name": "Zack Fleishman", "stage1": "Round 1", "size": 3940}, {"name": "Agustin Calleri", "stage1": "Round 1", "size": 5620}]}]}]}, {"ace1": 3, "ace2": 9, "result": "6-7(5) 4-6 6-0 6-4 6-3", "error1": 58.0, "error2": 85.0, "stage1": "Round 4", "stage2": "Round 3", "name": "David Ferrer", "children": [{"ace1": 5, "ace2": 9, "result": "6-2 6-7(5) 6-2 6-2", "error1": 32.0, "error2": 48.0, "stage1": "Round 3", "stage2": "Round 2", "name": "David Ferrer", "children": [{"ace1": 4, "ace2": 6, "result": "7-5 6-4 6-3", "error1": 39.0, "error2": 55.0, "stage1": "Round 2", "stage2": "Round 1", "name": "David Ferrer", "children": [{"name": "David Ferrer", "stage1": "Round 1", "size": 4860}, {"name": "Kristian Pless", "stage1": "Round 1", "size": 5380}]}, {"ace1": 13, "ace2": 7, "result": "6-4 3-6 1-6 6-4 6-2", "error1": 57.0, "error2": 60.0, "stage1": "Round 2", "stage2": "Round 1", "name": "Thomas Johansson", "children": [{"name": "Thomas Johansson", "stage1": "Round 1", "size": 4580}, {"name": "Marco Chiudinelli", "stage1": "Round 1", "size": 4020}]}]}, {"ace1": 16, "ace2": 12, "result": "4-6 4-6 6-4 6-1 6-4", "error1": 39.0, "error2": 45.0, "stage1": "Round 3", "stage2": "Round 2", "name": "Radek Stepanek", "children": [{"ace1": 15, "ace2": 1, "result": "6-2 6-4 6-0", "error1": 14.0, "error2": 21.0, "stage1": "Round 2", "stage2": "Round 1", "name": "Radek Stepanek", "children": [{"name": "Radek Stepanek", "stage1": "Round 1", "size": 5860}, {"name": "Michael Llodra", "stage1": "Round 1", "size": 3160}]}, {"ace1": 17, "ace2": 13, "result": "6-3 6-1 6-7(5) 6-7(5) 16-14", "error1": 81.0, "error2": 64.0, "stage1": "Round 2", "stage2": "Round 1", "name": "Lukas Dlouhy", "children": [{"name": "Lukas Dlouhy", "stage1": "Round 1", "size": 5060}, {"name": "Teimuraz Gabashvili", "stage1": "Round 1", "size": 4180}]}]}]}]}]}]}, {"ace1": 9, "ace2": 0, "result": "6-1 6-3 6-1", "error1": 3.0, "error2": 21.0, "stage1": "Finals", "stage2": "Semi Finals", "name": "Fernando Gonzalez", "children": [{"ace1": 10, "ace2": 1, "result": "6-2 6-4 6-3", "error1": 16.0, "error2": 21.0, "stage1": "Semi Finals", "stage2": "Quarter Finals", "name": "Fernando Gonzalez", "children": [{"ace1": 18, "ace2": 8, "result": "7-5 6-4 7-6(4)", "error1": 24.0, "error2": 34.0, "stage1": "Quarter Finals", "stage2": "Round 4", "name": "Fernando Gonzalez", "children": [{"ace1": 19, "ace2": 17, "result": "6-2 6-2 5-7 6-4", "error1": 15.0, "error2": 29.0, "stage1": "Round 4", "stage2": "Round 3", "name": "Fernando Gonzalez", "children": [{"ace1": 18, "ace2": 11, "result": "7-6(7) 4-6 6-7(3) 6-4 4-0 ret.", "error1": 50.0, "error2": 50.0, "stage1": "Round 3", "stage2": "Round 2", "name": "Fernando Gonzalez", "children": [{"ace1": 11, "ace2": 14, "result": "6-7(4) 7-6(6) 6-3 6-2", "error1": 22.0, "error2": 42.0, "stage1": "Round 2", "stage2": "Round 1", "name": "Fernando Gonzalez", "children": [{"name": "Fernando Gonzalez", "stage1": "Round 1", "size": 5240}, {"name": "Evgeny Korolev", "stage1": "Round 1", "size": 5820}]}, {"ace1": 0, "ace2": 5, "result": "6-3 6-3 6-1", "error1": 23.0, "error2": 34.0, "stage1": "Round 2", "stage2": "Round 1", "name": "Juan Martin Del Potro", "children": [{"name": "Juan Martin Del Potro", "stage1": "Round 1", "size": 2560}, {"name": "Alessio di Mauro", "stage1": "Round 1", "size": 4060}]}]}, {"ace1": 14, "ace2": 16, "result": "6-4 6-4 3-6 6-4", "error1": 42.0, "error2": 13.0, "stage1": "Round 3", "stage2": "Round 2", "name": "Lleyton Hewitt", "children": [{"ace1": 18, "ace2": 6, "result": "3-6 2-6 6-3 6-3 6-3", "error1": 41.0, "error2": 38.0, "stage1": "Round 2", "stage2": "Round 1", "name": "Lleyton Hewitt", "children": [{"name": "Lleyton Hewitt", "stage1": "Round 1", "size": 4280}, {"name": "Michael Russell", "stage1": "Round 1", "size": 6000}]}, {"ace1": 25, "ace2": 4, "result": "6-3 6-3 7-6(3)", "error1": 31.0, "error2": 31.0, "stage1": "Round 2", "stage2": "Round 1", "name": "Frank Dancevic", "children": [{"name": "Frank Dancevic", "stage1": "Round 1", "size": 4320}, {"name": "Victor Hanescu", "stage1": "Round 1", "size": 1840}]}]}]}, {"ace1": 10, "ace2": 5, "result": "7-6(7) 7-5 6-2", "error1": 36.0, "error2": 40.0, "stage1": "Round 4", "stage2": "Round 3", "name": "James Blake", "children": [{"ace1": 6, "ace2": 9, "result": "6-4 6-1 6-2", "error1": 13.0, "error2": 36.0, "stage1": "Round 3", "stage2": "Round 2", "name": "James Blake", "children": [{"ace1": 18, "ace2": 8, "result": "7-6(8) 6-2 6-4", "error1": 21.0, "error2": 26.0, "stage1": "Round 2", "stage2": "Round 1", "name": "James Blake", "children": [{"name": "James Blake", "stage1": "Round 1", "size": 5840}, {"name": "Carlos Moya", "stage1": "Round 1", "size": 920}]}, {"ace1": 26, "ace2": 13, "result": "6-4 5-7 6-7(5) 6-1 6-4", "error1": 67.0, "error2": 35.0, "stage1": "Round 2", "stage2": "Round 1", "name": "Alex Kuznetsov", "children": [{"name": "Alex Kuznetsov", "stage1": "Round 1", "size": 5260}, {"name": "Peter Luczak", "stage1": "Round 1", "size": 3520}]}]}, {"ace1": 10, "ace2": 9, "result": "6-4 7-5 6-1", "error1": 27.0, "error2": 25.0, "stage1": "Round 3", "stage2": "Round 2", "name": "Robby Ginepri", "children": [{"ace1": 15, "ace2": 19, "result": "4-6 6-2 4-6 7-5 6-3", "error1": 47.0, "error2": 68.0, "stage1": "Round 2", "stage2": "Round 1", "name": "Robby Ginepri", "children": [{"name": "Robby Ginepri", "stage1": "Round 1", "size": 5300}, {"name": "Nicolas Almagro", "stage1": "Round 1", "size": 4440}]}, {"ace1": 16, "ace2": 10, "result": "6-4 7-6(1) 3-6 6-4", "error1": 20.0, "error2": 47.0, "stage1": "Round 2", "stage2": "Round 1", "name": "Mischa Zverev", "children": [{"name": "Mischa Zverev", "stage1": "Round 1", "size": 3900}, {"name": "Michael Berrer", "stage1": "Round 1", "size": 3800}]}]}]}]}, {"ace1": 5, "ace2": 15, "result": "6-7(3) 6-4 4-6 6-3 6-1", "error1": 32.0, "error2": 64.0, "stage1": "Quarter Finals", "stage2": "Round 4", "name": "Rafael Nadal", "children": [{"ace1": 1, "ace2": 4, "result": "6-2 6-2 6-2", "error1": 19.0, "error2": 32.0, "stage1": "Round 4", "stage2": "Round 3", "name": "Rafael Nadal", "children": [{"ace1": 4, "ace2": 8, "result": "7-5 6-3 4-6 6-2", "error1": 29.0, "error2": 58.0, "stage1": "Round 3", "stage2": "Round 2", "name": "Rafael Nadal", "children": [{"ace1": 7, "ace2": 7, "result": "7-6(6) 6-3 6-2", "error1": 14.0, "error2": 43.0, "stage1": "Round 2", "stage2": "Round 1", "name": "Rafael Nadal", "children": [{"name": "Rafael Nadal", "stage1": "Round 1", "size": 5720}, {"name": "Robert Kendrick", "stage1": "Round 1", "size": 3560}]}, {"ace1": 11, "ace2": 11, "result": "5-7 6-3 6-2 6-4", "error1": 38.0, "error2": 55.0, "stage1": "Round 2", "stage2": "Round 1", "name": "Philipp Kohlschreiber", "children": [{"name": "Philipp Kohlschreiber", "stage1": "Round 1", "size": 5040}, {"name": "Kristof Vliegen", "stage1": "Round 1", "size": 2800}]}]}, {"ace1": 21, "ace2": 5, "result": "6-4 6-3 6-2", "error1": 32.0, "error2": 29.0, "stage1": "Round 3", "stage2": "Round 2", "name": "Stanislas Wawrinka", "children": [{"ace1": 14, "ace2": 2, "result": "6-1 2-6 6-4 6-2", "error1": 27.0, "error2": 29.0, "stage1": "Round 2", "stage2": "Round 1", "name": "Stanislas Wawrinka", "children": [{"name": "Stanislas Wawrinka", "stage1": "Round 1", "size": 5520}, {"name": "Kevin Kim", "stage1": "Round 1", "size": 1660}]}, {"ace1": 14, "ace2": 3, "result": "4-6 6-7(4) 6-2 6-1 6-2", "error1": 47.0, "error2": 80.0, "stage1": "Round 2", "stage2": "Round 1", "name": "Paul Capdeville", "children": [{"name": "Paul Capdeville", "stage1": "Round 1", "size": 4680}, {"name": "Julien Benneteau", "stage1": "Round 1", "size": 460}]}]}]}, {"ace1": 9, "ace2": 3, "result": "6-3 6-2 6-4", "error1": 31.0, "error2": 35.0, "stage1": "Round 4", "stage2": "Round 3", "name": "Andy Murray", "children": [{"ace1": 4, "ace2": 7, "result": "7-6(4) 7-5 6-4", "error1": 19.0, "error2": 49.0, "stage1": "Round 3", "stage2": "Round 2", "name": "Andy Murray", "children": [{"ace1": 3, "ace2": 1, "result": "6-0 6-0 6-1", "error1": 17.0, "error2": 41.0, "stage1": "Round 2", "stage2": "Round 1", "name": "Andy Murray", "children": [{"name": "Andy Murray", "stage1": "Round 1", "size": 5920}, {"name": "Alberto Martin", "stage1": "Round 1", "size": 5000}]}, {"ace1": 17, "ace2": 5, "result": "6-7(5) 4-6 6-6(1) ret.", "error1": 61.0, "error2": 44.0, "stage1": "Round 2", "stage2": "Round 1", "name": "Fernando Verdasco", "children": [{"name": "Fernando Verdasco", "stage1": "Round 1", "size": 5120}, {"name": "Paul-Henri Mathieu", "stage1": "Round 1", "size": 4740}]}]}, {"ace1": 6, "ace2": 4, "result": "6-3 2-6 6-4 6-4", "error1": 40.0, "error2": 33.0, "stage1": "Round 3", "stage2": "Round 2", "name": "Juan Ignacio Chela", "children": [{"ace1": 2, "ace2": 1, "result": "7-6(5) 6-4 6-4", "error1": 22.0, "error2": 31.0, "stage1": "Round 2", "stage2": "Round 1", "name": "Juan Ignacio Chela", "children": [{"name": "Juan Ignacio Chela", "stage1": "Round 1", "size": 4540}, {"name": "Potito Starace", "stage1": "Round 1", "size": 3760}]}, {"ace1": 9, "ace2": 9, "result": "5-7 6-2 7-6(4) 6-4", "error1": 52.0, "error2": 51.0, "stage1": "Round 2", "stage2": "Round 1", "name": "Jarkko Nieminen", "children": [{"name": "Jarkko Nieminen", "stage1": "Round 1", "size": 4540}, {"name": "Paul Goldstein", "stage1": "Round 1", "size": 3760}]}]}]}]}]}, {"ace1": 9, "ace2": 5, "result": "6-3 2-6 1-6 6-1 7-5", "error1": 45.0, "error2": 33.0, "stage1": "Semi Finals", "stage2": "Quarter Finals", "name": "Tommy Haas", "children": [{"ace1": 16, "ace2": 9, "result": "4-6 6-3 6-2 6-3", "error1": 28.0, "error2": 25.0, "stage1": "Quarter Finals", "stage2": "Round 4", "name": "Tommy Haas", "children": [{"ace1": 6, "ace2": 10, "result": "7-6(3) 6-3 6-3", "error1": 33.0, "error2": 25.0, "stage1": "Round 4", "stage2": "Round 3", "name": "Tommy Haas", "children": [{"ace1": 18, "ace2": 18, "result": "7-6(3) 6-1 6-3", "error1": 9.0, "error2": 39.0, "stage1": "Round 3", "stage2": "Round 2", "name": "Tommy Haas", "children": [{"ace1": 17, "ace2": 5, "result": "7-5 6-1 7-6(3)", "error1": 25.0, "error2": 33.0, "stage1": "Round 2", "stage2": "Round 1", "name": "Tommy Haas", "children": [{"name": "Tommy Haas", "stage1": "Round 1", "size": 5960}, {"name": "Albert Montanes", "stage1": "Round 1", "size": 3480}]}, {"ace1": 4, "ace2": 6, "result": "6-2 6-4 6-1", "error1": 15.0, "error2": 41.0, "stage1": "Round 2", "stage2": "Round 1", "name": "Ilija Bozoljac", "children": [{"name": "Ilija Bozoljac", "stage1": "Round 1", "size": 4240}, {"name": "Marin Cilic", "stage1": "Round 1", "size": 4960}]}]}, {"ace1": 8, "ace2": 6, "result": "5-7 7-5 6-2 6-2", "error1": 40.0, "error2": 79.0, "stage1": "Round 3", "stage2": "Round 2", "name": "Florian Mayer", "children": [{"ace1": 12, "ace2": 11, "result": "3-6 6-4 3-6 6-4 6-0", "error1": 42.0, "error2": 56.0, "stage1": "Round 2", "stage2": "Round 1", "name": "Florian Mayer", "children": [{"name": "Florian Mayer", "stage1": "Round 1", "size": 5340}, {"name": "Robin Soderling", "stage1": "Round 1", "size": 3740}]}, {"ace1": 23, "ace2": 21, "result": "6-1 6-7(4) 6-7(5) 7-6(3) 6-3", "error1": 70.0, "error2": 73.0, "stage1": "Round 2", "stage2": "Round 1", "name": "Andreas Seppi", "children": [{"name": "Andreas Seppi", "stage1": "Round 1", "size": 4160}, {"name": "Bobby Reynolds", "stage1": "Round 1", "size": 4820}]}]}]}, {"ace1": 14, "ace2": 15, "result": "5-7 4-6 7-6(4) 6-4 6-1", "error1": 57.0, "error2": 53.0, "stage1": "Round 4", "stage2": "Round 3", "name": "David Nalbandian", "children": [{"ace1": 4, "ace2": 5, "result": "6-4 6-4 6-4", "error1": 27.0, "error2": 22.0, "stage1": "Round 3", "stage2": "Round 2", "name": "David Nalbandian", "children": [{"ace1": 20, "ace2": 14, "result": "6-7(5) 4-6 7-6(2) 6-0 2-1 ret.", "error1": 46.0, "error2": 46.0, "stage1": "Round 2", "stage2": "Round 1", "name": "David Nalbandian", "children": [{"name": "David Nalbandian", "stage1": "Round 1", "size": 5500}, {"name": "Janko Tipsarevic", "stage1": "Round 1", "size": 4420}]}, {"ace1": 2, "ace2": 1, "result": "6-4 6-4 6-2", "error1": 24.0, "error2": 60.0, "stage1": "Round 2", "stage2": "Round 1", "name": "Nicolas Lapentti", "children": [{"name": "Nicolas Lapentti", "stage1": "Round 1", "size": 4000}, {"name": "Alan Mackin", "stage1": "Round 1", "size": 100}]}]}, {"ace1": 20, "ace2": 4, "result": "4-6 6-1 6-3 4-6 6-4", "error1": 53.0, "error2": 43.0, "stage1": "Round 3", "stage2": "Round 2", "name": "Sebastien Grosjean", "children": [{"ace1": 7, "ace2": 0, "result": "6-2 4-1 ret.", "error1": 7.0, "error2": 25.0, "stage1": "Round 2", "stage2": "Round 1", "name": "Sebastien Grosjean", "children": [{"name": "Sebastien Grosjean", "stage1": "Round 1", "size": 4640}, {"name": "Christophe Rochus", "stage1": "Round 1", "size": 5640}]}, {"ace1": 6, "ace2": 45, "result": "3-6 7-5 7-5 6-7(4) 9-7", "error1": 21.0, "error2": 59.0, "stage1": "Round 2", "stage2": "Round 1", "name": "Olivier Rochus", "children": [{"name": "Olivier Rochus", "stage1": "Round 1", "size": 5180}, {"name": "Chris Guccione", "stage1": "Round 1", "size": 4480}]}]}]}]}, {"ace1": 8, "ace2": 6, "result": "5-7 6-4 6-1 7-6(5)", "error1": 47.0, "error2": 60.0, "stage1": "Quarter Finals", "stage2": "Round 4", "name": "Nikolay Davydenko", "children": [{"ace1": 6, "ace2": 4, "result": "7-6(1) 6-2 6-2", "error1": 38.0, "error2": 16.0, "stage1": "Round 4", "stage2": "Round 3", "name": "Nikolay Davydenko", "children": [{"ace1": 7, "ace2": 15, "result": "6-4 6-0 6-3", "error1": 12.0, "error2": 33.0, "stage1": "Round 3", "stage2": "Round 2", "name": "Nikolay Davydenko", "children": [{"ace1": 12, "ace2": 2, "result": "6-2 7-5 6-2", "error1": 37.0, "error2": 33.0, "stage1": "Round 2", "stage2": "Round 1", "name": "Nikolay Davydenko", "children": [{"name": "Nikolay Davydenko", "stage1": "Round 1", "size": 5480}, {"name": "Sergio Roitman", "stage1": "Round 1", "size": 4520}]}, {"ace1": 24, "ace2": 5, "result": "6-0 4-6 6-2 6-3", "error1": 39.0, "error2": 33.0, "stage1": "Round 2", "stage2": "Round 1", "name": "Gilles Muller", "children": [{"name": "Gilles Muller", "stage1": "Round 1", "size": 2600}, {"name": "Gaston Gaudio", "stage1": "Round 1", "size": 4460}]}]}, {"ace1": 13, "ace2": 1, "result": "6-2 6-4 6-4", "error1": 11.0, "error2": 21.0, "stage1": "Round 3", "stage2": "Round 2", "name": "Fabrice Santoro", "children": [{"ace1": 11, "ace2": 3, "result": "7-6(5) 6-3 6-0", "error1": 20.0, "error2": 32.0, "stage1": "Round 2", "stage2": "Round 1", "name": "Fabrice Santoro", "children": [{"name": "Fabrice Santoro", "stage1": "Round 1", "size": 5140}, {"name": "Igor Kunitsyn", "stage1": "Round 1", "size": 4100}]}, {"ace1": 11, "ace2": 14, "result": "6-3 3-6 7-5 6-4", "error1": 35.0, "error2": 49.0, "stage1": "Round 2", "stage2": "Round 1", "name": "Arnaud Clement", "children": [{"name": "Arnaud Clement", "stage1": "Round 1", "size": 5760}, {"name": "Xavier Malisse", "stage1": "Round 1", "size": 4300}]}]}]}, {"ace1": 8, "ace2": 5, "result": "6-2 6-1 6-1", "error1": 17.0, "error2": 36.0, "stage1": "Round 4", "stage2": "Round 3", "name": "Tomas Berdych", "children": [{"ace1": 4, "ace2": 11, "result": "6-3 6-2 6-4", "error1": 31.0, "error2": 37.0, "stage1": "Round 3", "stage2": "Round 2", "name": "Tomas Berdych", "children": [{"ace1": 10, "ace2": 4, "result": "6-1 6-2 6-2", "error1": 18.0, "error2": 26.0, "stage1": "Round 2", "stage2": "Round 1", "name": "Tomas Berdych", "children": [{"name": "Tomas Berdych", "stage1": "Round 1", "size": 5460}, {"name": "Hyung-Taik Lee", "stage1": "Round 1", "size": 3340}]}, {"ace1": 14, "ace2": 5, "result": "6-2 3-6 6-1 6-4", "error1": 37.0, "error2": 35.0, "stage1": "Round 2", "stage2": "Round 1", "name": "Robert Smeets", "children": [{"name": "Robert Smeets", "stage1": "Round 1", "size": 4360}, {"name": "Lukas Lacko", "stage1": "Round 1", "size": 3380}]}]}, {"ace1": 9, "ace2": 9, "result": "6-2 6-3 7-6(4)", "error1": 11.0, "error2": 9.0, "stage1": "Round 3", "stage2": "Round 2", "name": "Dmitry Tursunov", "children": [{"ace1": 26, "ace2": 24, "result": "5-7 6-4 6-3 6-4", "error1": 22.0, "error2": 33.0, "stage1": "Round 2", "stage2": "Round 1", "name": "Dmitry Tursunov", "children": [{"name": "Dmitry Tursunov", "stage1": "Round 1", "size": 5880}, {"name": "Alexander Waske", "stage1": "Round 1", "size": 2920}]}, {"ace1": 23, "ace2": 7, "result": "7-6(4) 3-6 2-6 6-4 6-4", "error1": 19.0, "error2": 20.0, "stage1": "Round 2", "stage2": "Round 1", "name": "Max Mirnyi", "children": [{"name": "Max Mirnyi", "stage1": "Round 1", "size": 4920}, {"name": "Luis Horna", "stage1": "Round 1", "size": 4040}]}]}]}]}]}]}]}