{"ace1": 11, "ace2": 15, "result": "4-6 6-4 6-3 7-6(2)", "error1": 35.0, "error2": 41.0, "stage1": "Champion", "stage2": "Finals", "name": "Novak Djokovic", "children": [{"ace1": 13, "ace2": 10, "result": "7-5 6-3 7-6(5)", "error1": 32.0, "error2": 32.0, "stage1": "Finals", "stage2": "Semi Finals", "name": "Novak Djokovic", "children": [{"ace1": 7, "ace2": 4, "result": "6-0 6-3 7-5", "error1": 32.0, "error2": 33.0, "stage1": "Semi Finals", "stage2": "Quarter Finals", "name": "Novak Djokovic", "children": [{"ace1": 13, "ace2": 6, "result": "7-5 6-3 6-3", "error1": 36.0, "error2": 41.0, "stage1": "Quarter Finals", "stage2": "Round 4", "name": "Novak Djokovic", "children": [{"ace1": 5, "ace2": 8, "result": "6-3 6-1 6-3", "error1": 22.0, "error2": 25.0, "stage1": "Round 4", "stage2": "Round 3", "name": "Novak Djokovic", "children": [{"ace1": 12, "ace2": 5, "result": "6-1 6-2 6-2", "error1": 24.0, "error2": 39.0, "stage1": "Round 3", "stage2": "Round 2", "name": "Novak Djokovic", "children": [{"ace1": 6, "ace2": 7, "result": "6-0 6-2 7-6(5)", "error1": 22.0, "error2": 23.0, "stage1": "Round 2", "stage2": "Round 1", "name": "Novak Djokovic", "children": [{"name": "Novak Djokovic", "stage1": "Round 1", "size": 5940}, {"name": "Benjamin Becker", "stage1": "Round 1", "size": 4380}]}, {"ace1": 9, "ace2": 12, "result": "7-6(5) 3-6 6-4 2-6 6-3", "error1": 0, "error2": 0, "stage1": "Round 2", "stage2": "Round 1", "name": "Simone Bolelli", "children": [{"name": "Simone Bolelli", "stage1": "Round 1", "size": 4600}, {"name": "Rajeev Ram", "stage1": "Round 1", "size": 1340}]}]}, {"ace1": 13, "ace2": 7, "result": "7-6(5) 4-6 6-4 6-2", "error1": 40.0, "error2": 62.0, "stage1": "Round 3", "stage2": "Round 2", "name": "Sam Querrey", "children": [{"ace1": 21, "ace2": 2, "result": "6-3 6-2 7-5", "error1": 0, "error2": 0, "stage1": "Round 2", "stage2": "Round 1", "name": "Sam Querrey", "children": [{"name": "Sam Querrey", "stage1": "Round 1", "size": 4760}, {"name": "Olivier Rochus", "stage1": "Round 1", "size": 4880}]}, {"ace1": 15, "ace2": 11, "result": "6-7(1) 5-7 6-2 6-1 6-3", "error1": 0, "error2": 0, "stage1": "Round 2", "stage2": "Round 1", "name": "Dmitry Tursunov", "children": [{"name": "Dmitry Tursunov", "stage1": "Round 1", "size": 5360}, {"name": "Xavier Malisse", "stage1": "Round 1", "size": 2880}]}]}]}, {"ace1": 10, "ace2": 28, "result": "4-6 7-5 7-5 6-7(4) 6-3", "error1": 56.0, "error2": 80.0, "stage1": "Round 4", "stage2": "Round 3", "name": "Lleyton Hewitt", "children": [{"ace1": 13, "ace2": 9, "result": "7-6(5) 6-3 5-7 6-1", "error1": 32.0, "error2": 42.0, "stage1": "Round 3", "stage2": "Round 2", "name": "Lleyton Hewitt", "children": [{"ace1": 14, "ace2": 1, "result": "6-0 6-3 6-0", "error1": 12.0, "error2": 21.0, "stage1": "Round 2", "stage2": "Round 1", "name": "Lleyton Hewitt", "children": [{"name": "Lleyton Hewitt", "stage1": "Round 1", "size": 5560}, {"name": "Steve Darcis", "stage1": "Round 1", "size": 4340}]}, {"ace1": 5, "ace2": 8, "result": "6-3 6-7(1) 7-6(4) 6-1", "error1": 0, "error2": 0, "stage1": "Round 2", "stage2": "Round 1", "name": "Denis Istomin", "children": [{"name": "Denis Istomin", "stage1": "Round 1", "size": 1680}, {"name": "Lukas Lacko", "stage1": "Round 1", "size": 3000}]}]}, {"ace1": 4, "ace2": 12, "result": "6-4 6-4 2-6 3-6 6-2", "error1": 53.0, "error2": 57.0, "stage1": "Round 3", "stage2": "Round 2", "name": "Marcos Baghdatis", "children": [{"ace1": 16, "ace2": 7, "result": "7-6(0) 6-2 3-6 6-3", "error1": 40.0, "error2": 47.0, "stage1": "Round 2", "stage2": "Round 1", "name": "Marcos Baghdatis", "children": [{"name": "Marcos Baghdatis", "stage1": "Round 1", "size": 5680}, {"name": "Thomas Johansson", "stage1": "Round 1", "size": 4980}]}, {"ace1": 6, "ace2": 8, "result": "6-0 6-4 7-6(2)", "error1": 27.0, "error2": 43.0, "stage1": "Round 2", "stage2": "Round 1", "name": "Marat Safin", "children": [{"name": "Marat Safin", "stage1": "Round 1", "size": 4840}, {"name": "Ernests Gulbis", "stage1": "Round 1", "size": 4780}]}]}]}]}, {"ace1": 6, "ace2": 3, "result": "7-5 3-6 6-4 6-1", "error1": 36.0, "error2": 41.0, "stage1": "Quarter Finals", "stage2": "Round 4", "name": "David Ferrer", "children": [{"ace1": 5, "ace2": 0, "result": "6-3 6-3 6-2", "error1": 14.0, "error2": 27.0, "stage1": "Round 4", "stage2": "Round 3", "name": "David Ferrer", "children": [{"ace1": 1, "ace2": 0, "result": "6-3 6-4 ret.", "error1": 21.0, "error2": 43.0, "stage1": "Round 3", "stage2": "Round 2", "name": "David Ferrer", "children": [{"ace1": 3, "ace2": 2, "result": "6-2 6-2 6-1", "error1": 15.0, "error2": 34.0, "stage1": "Round 2", "stage2": "Round 1", "name": "David Ferrer", "children": [{"name": "David Ferrer", "stage1": "Round 1", "size": 5900}, {"name": "Edouard Roger-Vasselin", "stage1": "Round 1", "size": 4140}]}, {"ace1": 3, "ace2": 8, "result": "6-3 6-1 6-3", "error1": 0, "error2": 0, "stage1": "Round 2", "stage2": "Round 1", "name": "Juan Martin Del Potro", "children": [{"name": "Juan Martin Del Potro", "stage1": "Round 1", "size": 6000}, {"name": "Santiago Ventura", "stage1": "Round 1", "size": 4260}]}]}, {"ace1": 8, "ace2": 2, "result": "4-6 6-2 6-3 2-6 9-7", "error1": 0, "error2": 0, "stage1": "Round 3", "stage2": "Round 2", "name": "Vince Spadea", "children": [{"ace1": 0, "ace2": 8, "result": "2-6 2-6 7-5 6-2 6-3", "error1": 0, "error2": 0, "stage1": "Round 2", "stage2": "Round 1", "name": "Vince Spadea", "children": [{"name": "Vince Spadea", "stage1": "Round 1", "size": 4400}, {"name": "Radek Stepanek", "stage1": "Round 1", "size": 5400}]}, {"ace1": 13, "ace2": 7, "result": "6-1 0-6 6-4 7-5", "error1": 0, "error2": 0, "stage1": "Round 2", "stage2": "Round 1", "name": "Denis Gremelmayr", "children": [{"name": "Denis Gremelmayr", "stage1": "Round 1", "size": 3620}, {"name": "Sergio Roitman", "stage1": "Round 1", "size": 4560}]}]}]}, {"ace1": 12, "ace2": 3, "result": "6-1 6-2 6-3", "error1": 21.0, "error2": 38.0, "stage1": "Round 4", "stage2": "Round 3", "name": "Juan Carlos Ferrero", "children": [{"ace1": 7, "ace2": 3, "result": "6-4 6-4 6-2", "error1": 32.0, "error2": 41.0, "stage1": "Round 3", "stage2": "Round 2", "name": "Juan Carlos Ferrero", "children": [{"ace1": 9, "ace2": 6, "result": "6-4 6-3 6-1", "error1": 27.0, "error2": 34.0, "stage1": "Round 2", "stage2": "Round 1", "name": "Juan Carlos Ferrero", "children": [{"name": "Juan Carlos Ferrero", "stage1": "Round 1", "size": 6000}, {"name": "Nicolas Kiefer", "stage1": "Round 1", "size": 5160}]}, {"ace1": 5, "ace2": 5, "result": "6-4 6-3 3-6 6-2", "error1": 0, "error2": 0, "stage1": "Round 2", "stage2": "Round 1", "name": "Alun Jones", "children": [{"name": "Alun Jones", "stage1": "Round 1", "size": 3260}, {"name": "Albert Montanes", "stage1": "Round 1", "size": 5100}]}]}, {"ace1": 19, "ace2": 15, "result": "4-6 7-5 6-4 6-1", "error1": 32.0, "error2": 44.0, "stage1": "Round 3", "stage2": "Round 2", "name": "David Nalbandian", "children": [{"ace1": 4, "ace2": 6, "result": "6-1 6-1 7-6(3)", "error1": 24.0, "error2": 41.0, "stage1": "Round 2", "stage2": "Round 1", "name": "David Nalbandian", "children": [{"name": "David Nalbandian", "stage1": "Round 1", "size": 5800}, {"name": "Robert Smeets", "stage1": "Round 1", "size": 3020}]}, {"ace1": 12, "ace2": 13, "result": "6-1 6-7(2) 6-3 6-4", "error1": 33.0, "error2": 42.0, "stage1": "Round 2", "stage2": "Round 1", "name": "Peter Luczak", "children": [{"name": "Peter Luczak", "stage1": "Round 1", "size": 4200}, {"name": "Mariano Zabaleta", "stage1": "Round 1", "size": 3920}]}]}]}]}]}, {"ace1": 13, "ace2": 8, "result": "7-5 7-6(5) 6-4", "error1": 24.0, "error2": 33.0, "stage1": "Semi Finals", "stage2": "Quarter Finals", "name": "Roger Federer", "children": [{"ace1": 11, "ace2": 7, "result": "6-4 7-6(7) 6-3", "error1": 17.0, "error2": 27.0, "stage1": "Quarter Finals", "stage2": "Round 4", "name": "Roger Federer", "children": [{"ace1": 39, "ace2": 14, "result": "6-7(5) 7-6(1) 5-7 6-1 10-8", "error1": 64.0, "error2": 47.0, "stage1": "Round 4", "stage2": "Round 3", "name": "Roger Federer", "children": [{"ace1": 7, "ace2": 2, "result": "6-1 6-2 6-0", "error1": 18.0, "error2": 4.0, "stage1": "Round 3", "stage2": "Round 2", "name": "Roger Federer", "children": [{"ace1": 11, "ace2": 3, "result": "6-0 6-3 6-0", "error1": 14.0, "error2": 20.0, "stage1": "Round 2", "stage2": "Round 1", "name": "Roger Federer", "children": [{"name": "Roger Federer", "stage1": "Round 1", "size": 5980}, {"name": "Diego Hartfield", "stage1": "Round 1", "size": 3860}]}, {"ace1": 3, "ace2": 11, "result": "6-2 6-2 6-4", "error1": 0, "error2": 0, "stage1": "Round 2", "stage2": "Round 1", "name": "Fabrice Santoro", "children": [{"name": "Fabrice Santoro", "stage1": "Round 1", "size": 5280}, {"name": "John Isner", "stage1": "Round 1", "size": 3820}]}]}, {"ace1": 8, "ace2": 15, "result": "7-5 7-6(3) 7-6(3)", "error1": 20.0, "error2": 44.0, "stage1": "Round 3", "stage2": "Round 2", "name": "Janko Tipsarevic", "children": [{"ace1": 25, "ace2": 11, "result": "7-5 6-2 6-7(6) 0-6 6-0", "error1": 53.0, "error2": 61.0, "stage1": "Round 2", "stage2": "Round 1", "name": "Janko Tipsarevic", "children": [{"name": "Janko Tipsarevic", "stage1": "Round 1", "size": 5020}, {"name": "Joseph Sirianni", "stage1": "Round 1", "size": 3080}]}, {"ace1": 4, "ace2": 2, "result": "6-4 6-0 6-3", "error1": 0, "error2": 0, "stage1": "Round 2", "stage2": "Round 1", "name": "Fernando Verdasco", "children": [{"name": "Fernando Verdasco", "stage1": "Round 1", "size": 5440}, {"name": "Thierry Ascione", "stage1": "Round 1", "size": 4080}]}]}]}, {"ace1": 15, "ace2": 10, "result": "3-6 6-3 7-6(5) 6-2", "error1": 32.0, "error2": 27.0, "stage1": "Round 4", "stage2": "Round 3", "name": "Tomas Berdych", "children": [{"ace1": 9, "ace2": 1, "result": "6-2 6-1 6-3", "error1": 33.0, "error2": 19.0, "stage1": "Round 3", "stage2": "Round 2", "name": "Tomas Berdych", "children": [{"ace1": 10, "ace2": 9, "result": "6-4 6-4 6-4", "error1": 0, "error2": 0, "stage1": "Round 2", "stage2": "Round 1", "name": "Tomas Berdych", "children": [{"name": "Tomas Berdych", "stage1": "Round 1", "size": 5740}, {"name": "Werner Eschauer", "stage1": "Round 1", "size": 4720}]}, {"ace1": 10, "ace2": 3, "result": "1-6 7-6(5) 6-2 6-1", "error1": 0, "error2": 0, "stage1": "Round 2", "stage2": "Round 1", "name": "Oscar Hernandez", "children": [{"name": "Oscar Hernandez", "stage1": "Round 1", "size": 4800}, {"name": "Ivo Minar", "stage1": "Round 1", "size": 3960}]}]}, {"ace1": 4, "ace2": 17, "result": "6-3 7-6(6) 5-7 6-7(8) 8-6", "error1": 0, "error2": 0, "stage1": "Round 3", "stage2": "Round 2", "name": "Juan Monaco", "children": [{"ace1": 6, "ace2": 7, "result": "7-6(5) 7-5 6-1", "error1": 26.0, "error2": 41.0, "stage1": "Round 2", "stage2": "Round 1", "name": "Juan Monaco", "children": [{"name": "Juan Monaco", "stage1": "Round 1", "size": 5540}, {"name": "Carlos Berlocq", "stage1": "Round 1", "size": 4500}]}, {"ace1": 8, "ace2": 6, "result": "6-4 7-5 6-2", "error1": 0, "error2": 0, "stage1": "Round 2", "stage2": "Round 1", "name": "Amer Delic", "children": [{"name": "Amer Delic", "stage1": "Round 1", "size": 3280}, {"name": "Robert Kendrick", "stage1": "Round 1", "size": 3840}]}]}]}]}, {"ace1": 4, "ace2": 6, "result": "6-3 6-4 6-4", "error1": 17.0, "error2": 34.0, "stage1": "Quarter Finals", "stage2": "Round 4", "name": "James Blake", "children": [{"ace1": 10, "ace2": 4, "result": "4-6 2-6 6-0 7-6(5) 6-2", "error1": 44.0, "error2": 49.0, "stage1": "Round 4", "stage2": "Round 3", "name": "James Blake", "children": [{"ace1": 9, "ace2": 2, "result": "6-3 6-2 6-2", "error1": 20.0, "error2": 24.0, "stage1": "Round 3", "stage2": "Round 2", "name": "James Blake", "children": [{"ace1": 11, "ace2": 6, "result": "6-3 6-2 6-2", "error1": 18.0, "error2": 21.0, "stage1": "Round 2", "stage2": "Round 1", "name": "James Blake", "children": [{"name": "James Blake", "stage1": "Round 1", "size": 5700}, {"name": "Nicolas Massu", "stage1": "Round 1", "size": 4620}]}, {"ace1": 6, "ace2": 6, "result": "6-1 4-6 6-2 3-6 6-3", "error1": 0, "error2": 0, "stage1": "Round 2", "stage2": "Round 1", "name": "Michael Russell", "children": [{"name": "Michael Russell", "stage1": "Round 1", "size": 3980}, {"name": "Fabio Fognini", "stage1": "Round 1", "size": 4120}]}]}, {"ace1": 7, "ace2": 5, "result": "4-6 6-4 6-0 6-7(4) 6-4", "error1": 40.0, "error2": 57.0, "stage1": "Round 3", "stage2": "Round 2", "name": "Sebastien Grosjean", "children": [{"ace1": 4, "ace2": 0, "result": "7-6(3) 6-3 7-6(0)", "error1": 0, "error2": 0, "stage1": "Round 2", "stage2": "Round 1", "name": "Sebastien Grosjean", "children": [{"name": "Sebastien Grosjean", "stage1": "Round 1", "size": 5080}, {"name": "Filippo Volandri", "stage1": "Round 1", "size": 5220}]}, {"ace1": 16, "ace2": 16, "result": "6-7(2) 6-3 6-0 7-6(1)", "error1": 0, "error2": 0, "stage1": "Round 2", "stage2": "Round 1", "name": "Robin Haase", "children": [{"name": "Robin Haase", "stage1": "Round 1", "size": 3940}, {"name": "Ivan Ljubicic", "stage1": "Round 1", "size": 5620}]}]}]}, {"ace1": 14, "ace2": 2, "result": "6-2 6-7(4) 6-3 6-1", "error1": 46.0, "error2": 31.0, "stage1": "Round 4", "stage2": "Round 3", "name": "Marin Cilic", "children": [{"ace1": 7, "ace2": 3, "result": "6-4 6-3 6-4", "error1": 0, "error2": 0, "stage1": "Round 3", "stage2": "Round 2", "name": "Marin Cilic", "children": [{"ace1": 16, "ace2": 10, "result": "7-6(4) 7-5 6-2", "error1": 0, "error2": 0, "stage1": "Round 2", "stage2": "Round 1", "name": "Marin Cilic", "children": [{"name": "Marin Cilic", "stage1": "Round 1", "size": 4860}, {"name": "Nicolas Almagro", "stage1": "Round 1", "size": 5380}]}, {"ace1": 14, "ace2": 8, "result": "6-3 6-4 6-4", "error1": 0, "error2": 0, "stage1": "Round 2", "stage2": "Round 1", "name": "Jurgen Melzer", "children": [{"name": "Jurgen Melzer", "stage1": "Round 1", "size": 4580}, {"name": "Jiri Vanek", "stage1": "Round 1", "size": 4020}]}]}, {"ace1": 15, "ace2": 5, "result": "4-6 6-3 6-2 6-4", "error1": 38.0, "error2": 35.0, "stage1": "Round 3", "stage2": "Round 2", "name": "Fernando Gonzalez", "children": [{"ace1": 10, "ace2": 2, "result": "6-4 7-6(2) 6-1", "error1": 36.0, "error2": 30.0, "stage1": "Round 2", "stage2": "Round 1", "name": "Fernando Gonzalez", "children": [{"name": "Fernando Gonzalez", "stage1": "Round 1", "size": 5860}, {"name": "Konstantinos Economidis", "stage1": "Round 1", "size": 3160}]}, {"ace1": 7, "ace2": 16, "result": "7-6(6) 6-3 6-4", "error1": 13.0, "error2": 19.0, "stage1": "Round 2", "stage2": "Round 1", "name": "Hyung-Taik Lee", "children": [{"name": "Hyung-Taik Lee", "stage1": "Round 1", "size": 5060}, {"name": "Chris Guccione", "stage1": "Round 1", "size": 4180}]}]}]}]}]}]}, {"ace1": 17, "ace2": 2, "result": "6-2 6-3 6-2", "error1": 27.0, "error2": 12.0, "stage1": "Finals", "stage2": "Semi Finals", "name": "Jo-Wilfried Tsonga", "children": [{"ace1": 8, "ace2": 0, "result": "7-5 6-0 7-6(6)", "error1": 32.0, "error2": 33.0, "stage1": "Semi Finals", "stage2": "Quarter Finals", "name": "Jo-Wilfried Tsonga", "children": [{"ace1": 18, "ace2": 5, "result": "6-2 6-7(5) 7-6(6) 6-3", "error1": 43.0, "error2": 40.0, "stage1": "Quarter Finals", "stage2": "Round 4", "name": "Jo-Wilfried Tsonga", "children": [{"ace1": 21, "ace2": 6, "result": "6-3 6-4 6-2", "error1": 28.0, "error2": 25.0, "stage1": "Round 4", "stage2": "Round 3", "name": "Jo-Wilfried Tsonga", "children": [{"ace1": 14, "ace2": 2, "result": "6-4 7-6(4) 6-2", "error1": 19.0, "error2": 25.0, "stage1": "Round 3", "stage2": "Round 2", "name": "Jo-Wilfried Tsonga", "children": [{"ace1": 7, "ace2": 7, "result": "7-5 6-4 0-6 7-6(5)", "error1": 61.0, "error2": 27.0, "stage1": "Round 2", "stage2": "Round 1", "name": "Jo-Wilfried Tsonga", "children": [{"name": "Jo-Wilfried Tsonga", "stage1": "Round 1", "size": 5240}, {"name": "Andy Murray", "stage1": "Round 1", "size": 5820}]}, {"ace1": 5, "ace2": 7, "result": "2-6 6-2 6-3 2-6 6-4", "error1": 0, "error2": 0, "stage1": "Round 2", "stage2": "Round 1", "name": "Sam Warburg", "children": [{"name": "Sam Warburg", "stage1": "Round 1", "size": 2560}, {"name": "Juan-Pablo Brzezicki", "stage1": "Round 1", "size": 4060}]}]}, {"ace1": 5, "ace2": 5, "result": "6-4 5-7 6-4 7-6(6)", "error1": 0, "error2": 0, "stage1": "Round 3", "stage2": "Round 2", "name": "Guillermo Garcia-Lopez", "children": [{"ace1": 1, "ace2": 2, "result": "6-4 6-2 1-6 6-2", "error1": 0, "error2": 0, "stage1": "Round 2", "stage2": "Round 1", "name": "Guillermo Garcia-Lopez", "children": [{"name": "Guillermo Garcia-Lopez", "stage1": "Round 1", "size": 4280}, {"name": "Juan Ignacio Chela", "stage1": "Round 1", "size": 6000}]}, {"ace1": 4, "ace2": 13, "result": "5-7 7-5 6-7(8) 6-2 7-5", "error1": 0, "error2": 0, "stage1": "Round 2", "stage2": "Round 1", "name": "Alejandro Falla", "children": [{"name": "Alejandro Falla", "stage1": "Round 1", "size": 4320}, {"name": "Kevin Anderson", "stage1": "Round 1", "size": 1840}]}]}]}, {"ace1": 10, "ace2": 2, "result": "6-3 6-2 4-6 6-4", "error1": 38.0, "error2": 31.0, "stage1": "Round 4", "stage2": "Round 3", "name": "Richard Gasquet", "children": [{"ace1": 8, "ace2": 3, "result": "6-2 6-1 6-3", "error1": 12.0, "error2": 30.0, "stage1": "Round 3", "stage2": "Round 2", "name": "Richard Gasquet", "children": [{"ace1": 12, "ace2": 7, "result": "6-0 6-1 3-6 6-2", "error1": 21.0, "error2": 37.0, "stage1": "Round 2", "stage2": "Round 1", "name": "Richard Gasquet", "children": [{"name": "Richard Gasquet", "stage1": "Round 1", "size": 5840}, {"name": "Nick Lindahl", "stage1": "Round 1", "size": 920}]}, {"ace1": 28, "ace2": 6, "result": "7-6(6) 6-1 6-4", "error1": 0, "error2": 0, "stage1": "Round 2", "stage2": "Round 1", "name": "Feliciano Lopez", "children": [{"name": "Feliciano Lopez", "stage1": "Round 1", "size": 5260}, {"name": "Wayne Odesnik", "stage1": "Round 1", "size": 3520}]}]}, {"ace1": 2, "ace2": 5, "result": "7-5 7-5 6-2", "error1": 0, "error2": 0, "stage1": "Round 3", "stage2": "Round 2", "name": "Igor Andreev", "children": [{"ace1": 7, "ace2": 3, "result": "5-7 6-2 7-6(4) 6-3", "error1": 0, "error2": 0, "stage1": "Round 2", "stage2": "Round 1", "name": "Igor Andreev", "children": [{"name": "Igor Andreev", "stage1": "Round 1", "size": 5300}, {"name": "Andrei Pavel", "stage1": "Round 1", "size": 4440}]}, {"ace1": 9, "ace2": 4, "result": "6-0 6-1 7-6(3)", "error1": 0, "error2": 0, "stage1": "Round 2", "stage2": "Round 1", "name": "Kristof Vliegen", "children": [{"name": "Kristof Vliegen", "stage1": "Round 1", "size": 3900}, {"name": "Olivier Patience", "stage1": "Round 1", "size": 3800}]}]}]}]}, {"ace1": 6, "ace2": 2, "result": "7-6(2) 6-3 6-1", "error1": 30.0, "error2": 48.0, "stage1": "Quarter Finals", "stage2": "Round 4", "name": "Mikhail Youzhny", "children": [{"ace1": 4, "ace2": 11, "result": "6-2 6-4 6-2", "error1": 13.0, "error2": 42.0, "stage1": "Round 4", "stage2": "Round 3", "name": "Mikhail Youzhny", "children": [{"ace1": 8, "ace2": 7, "result": "4-6 7-5 6-3 7-6(4)", "error1": 53.0, "error2": 58.0, "stage1": "Round 3", "stage2": "Round 2", "name": "Mikhail Youzhny", "children": [{"ace1": 5, "ace2": 1, "result": "6-0 6-2 7-6(3)", "error1": 33.0, "error2": 38.0, "stage1": "Round 2", "stage2": "Round 1", "name": "Mikhail Youzhny", "children": [{"name": "Mikhail Youzhny", "stage1": "Round 1", "size": 5720}, {"name": "Mathieu Montcourt", "stage1": "Round 1", "size": 3560}]}, {"ace1": 6, "ace2": 0, "result": "6-4 6-2 6-1", "error1": 0, "error2": 0, "stage1": "Round 2", "stage2": "Round 1", "name": "Andreas Seppi", "children": [{"name": "Andreas Seppi", "stage1": "Round 1", "size": 5040}, {"name": "Harel Levy", "stage1": "Round 1", "size": 2800}]}]}, {"ace1": 15, "ace2": 0, "result": "6-7(5) 6-4 6-3 6-1", "error1": 0, "error2": 0, "stage1": "Round 3", "stage2": "Round 2", "name": "Ivo Karlovic", "children": [{"ace1": 19, "ace2": 6, "result": "6-4 6-4 6-7(1) 6-4", "error1": 0, "error2": 0, "stage1": "Round 2", "stage2": "Round 1", "name": "Ivo Karlovic", "children": [{"name": "Ivo Karlovic", "stage1": "Round 1", "size": 5520}, {"name": "Jamie Baker", "stage1": "Round 1", "size": 1660}]}, {"ace1": 1, "ace2": 3, "result": "6-2 6-4 6-2", "error1": 0, "error2": 0, "stage1": "Round 2", "stage2": "Round 1", "name": "Dudi Sela", "children": [{"name": "Dudi Sela", "stage1": "Round 1", "size": 4680}, {"name": "Martin Slanar", "stage1": "Round 1", "size": 460}]}]}]}, {"ace1": 2, "ace2": 7, "result": "6-3 6-2 6-3", "error1": 28.0, "error2": 52.0, "stage1": "Round 4", "stage2": "Round 3", "name": "Nikolay Davydenko", "children": [{"ace1": 3, "ace2": 2, "result": "6-4 6-0 6-3", "error1": 19.0, "error2": 42.0, "stage1": "Round 3", "stage2": "Round 2", "name": "Nikolay Davydenko", "children": [{"ace1": 1, "ace2": 4, "result": "7-5 7-5 6-3", "error1": 22.0, "error2": 44.0, "stage1": "Round 2", "stage2": "Round 1", "name": "Nikolay Davydenko", "children": [{"name": "Nikolay Davydenko", "stage1": "Round 1", "size": 5920}, {"name": "Michael Llodra", "stage1": "Round 1", "size": 5000}]}, {"ace1": 13, "ace2": 14, "result": "7-6(2) 5-7 6-2 3-6 7-5", "error1": 0, "error2": 0, "stage1": "Round 2", "stage2": "Round 1", "name": "Nicolas Mahut", "children": [{"name": "Nicolas Mahut", "stage1": "Round 1", "size": 5120}, {"name": "Jose Acasuso", "stage1": "Round 1", "size": 4740}]}]}, {"ace1": 2, "ace2": 9, "result": "6-2 3-6 7-6(5) 2-1 ret.", "error1": 0, "error2": 0, "stage1": "Round 3", "stage2": "Round 2", "name": "Marc Gicquel", "children": [{"ace1": 14, "ace2": 3, "result": "6-3 4-6 6-7(6) 6-4 6-2", "error1": 0, "error2": 0, "stage1": "Round 2", "stage2": "Round 1", "name": "Marc Gicquel", "children": [{"name": "Marc Gicquel", "stage1": "Round 1", "size": 4540}, {"name": "Yen-Hsun Lu", "stage1": "Round 1", "size": 3760}]}, {"stage1": "Round 2", "stage2": "Round 1", "result": "Wild Card", "name": "Stanislas Wawrinka", "size": 3000}]}]}]}]}, {"ace1": 5, "ace2": 2, "result": "7-5 6-3 6-1", "error1": 23.0, "error2": 28.0, "stage1": "Semi Finals", "stage2": "Quarter Finals", "name": "Rafael Nadal", "children": [{"ace1": 3, "ace2": 5, "result": "6-4 3-0 ret.", "error1": 9.0, "error2": 15.0, "stage1": "Quarter Finals", "stage2": "Round 4", "name": "Rafael Nadal", "children": [{"ace1": 7, "ace2": 5, "result": "7-5 6-2 6-3", "error1": 22.0, "error2": 48.0, "stage1": "Round 4", "stage2": "Round 3", "name": "Rafael Nadal", "children": [{"ace1": 9, "ace2": 0, "result": "6-0 6-2 6-2", "error1": 16.0, "error2": 26.0, "stage1": "Round 3", "stage2": "Round 2", "name": "Rafael Nadal", "children": [{"ace1": 4, "ace2": 14, "result": "7-6(3) 7-5 6-1", "error1": 16.0, "error2": 41.0, "stage1": "Round 2", "stage2": "Round 1", "name": "Rafael Nadal", "children": [{"name": "Rafael Nadal", "stage1": "Round 1", "size": 5960}, {"name": "Viktor Troicki", "stage1": "Round 1", "size": 3480}]}, {"ace1": 2, "ace2": 8, "result": "6-3 7-6(2) 7-6(5)", "error1": 0, "error2": 0, "stage1": "Round 2", "stage2": "Round 1", "name": "Florent Serra", "children": [{"name": "Florent Serra", "stage1": "Round 1", "size": 4240}, {"name": "Florian Mayer", "stage1": "Round 1", "size": 4960}]}]}, {"ace1": 4, "ace2": 1, "result": "6-2 6-2 6-1", "error1": 0, "error2": 0, "stage1": "Round 3", "stage2": "Round 2", "name": "Gilles Simon", "children": [{"ace1": 10, "ace2": 11, "result": "4-6 6-4 6-2 6-7(3) 6-4", "error1": 0, "error2": 0, "stage1": "Round 2", "stage2": "Round 1", "name": "Gilles Simon", "children": [{"name": "Gilles Simon", "stage1": "Round 1", "size": 5340}, {"name": "Bobby Reynolds", "stage1": "Round 1", "size": 3740}]}, {"ace1": 4, "ace2": 3, "result": "6-4 6-2 6-7(3) 6-4", "error1": 37.0, "error2": 51.0, "stage1": "Round 2", "stage2": "Round 1", "name": "Rainer Schuettler", "children": [{"name": "Rainer Schuettler", "stage1": "Round 1", "size": 4160}, {"name": "Arnaud Clement", "stage1": "Round 1", "size": 4820}]}]}]}, {"ace1": 7, "ace2": 18, "result": "4-6 7-6(4) 2-6 7-5 8-6", "error1": 51.0, "error2": 60.0, "stage1": "Round 4", "stage2": "Round 3", "name": "Paul-Henri Mathieu", "children": [{"ace1": 11, "ace2": 4, "result": "6-7(5) 6-0 6-4 6-4", "error1": 32.0, "error2": 36.0, "stage1": "Round 3", "stage2": "Round 2", "name": "Paul-Henri Mathieu", "children": [{"ace1": 8, "ace2": 1, "result": "6-1 7-6(4) 6-2", "error1": 0, "error2": 0, "stage1": "Round 2", "stage2": "Round 1", "name": "Paul-Henri Mathieu", "children": [{"name": "Paul-Henri Mathieu", "stage1": "Round 1", "size": 5500}, {"name": "Victor Hanescu", "stage1": "Round 1", "size": 4420}]}, {"ace1": 3, "ace2": 4, "result": "6-4 7-5 6-4", "error1": 18.0, "error2": 45.0, "stage1": "Round 2", "stage2": "Round 1", "name": "Paul Capdeville", "children": [{"name": "Paul Capdeville", "stage1": "Round 1", "size": 4000}, {"name": "Brydan Klein", "stage1": "Round 1", "size": 100}]}]}, {"ace1": 3, "ace2": 6, "result": "6-3 7-6(6) 7-6(5)", "error1": 0, "error2": 0, "stage1": "Round 3", "stage2": "Round 2", "name": "Stefan Koubek", "children": [{"ace1": 5, "ace2": 7, "result": "7-6(5) 6-7(2) 7-5 6-4", "error1": 59.0, "error2": 61.0, "stage1": "Round 2", "stage2": "Round 1", "name": "Stefan Koubek", "children": [{"name": "Stefan Koubek", "stage1": "Round 1", "size": 4640}, {"name": "Carlos Moya", "stage1": "Round 1", "size": 5640}]}, {"ace1": 16, "ace2": 14, "result": "6-4 6-7(6) 6-3 6-4", "error1": 0, "error2": 0, "stage1": "Round 2", "stage2": "Round 1", "name": "Agustin Calleri", "children": [{"name": "Agustin Calleri", "stage1": "Round 1", "size": 5180}, {"name": "Luis Horna", "stage1": "Round 1", "size": 4480}]}]}]}]}, {"ace1": 4, "ace2": 9, "result": "3-6 7-6(7) 7-6(9) 6-3", "error1": 47.0, "error2": 76.0, "stage1": "Quarter Finals", "stage2": "Round 4", "name": "Jarkko Nieminen", "children": [{"ace1": 10, "ace2": 13, "result": "3-6 7-6(4) 6-3 6-1", "error1": 24.0, "error2": 60.0, "stage1": "Round 4", "stage2": "Round 3", "name": "Jarkko Nieminen", "children": [{"ace1": 4, "ace2": 7, "result": "6-2 7-5 7-6(2)", "error1": 30.0, "error2": 58.0, "stage1": "Round 3", "stage2": "Round 2", "name": "Jarkko Nieminen", "children": [{"ace1": 1, "ace2": 13, "result": "6-3 6-1 5-7 2-6 6-1", "error1": 0, "error2": 0, "stage1": "Round 2", "stage2": "Round 1", "name": "Jarkko Nieminen", "children": [{"name": "Jarkko Nieminen", "stage1": "Round 1", "size": 5480}, {"name": "Frank Dancevic", "stage1": "Round 1", "size": 4520}]}, {"ace1": 3, "ace2": 1, "result": "6-1 7-5 6-1", "error1": 0, "error2": 0, "stage1": "Round 2", "stage2": "Round 1", "name": "Jesse Levine", "children": [{"name": "Jesse Levine", "stage1": "Round 1", "size": 2600}, {"name": "Martin Vassallo Arguello", "stage1": "Round 1", "size": 4460}]}]}, {"ace1": 4, "ace2": 1, "result": "6-1 6-2 6-3", "error1": 24.0, "error2": 18.0, "stage1": "Round 3", "stage2": "Round 2", "name": "Mardy Fish", "children": [{"ace1": 12, "ace2": 1, "result": "6-2 6-3 3-6 6-3", "error1": 0, "error2": 0, "stage1": "Round 2", "stage2": "Round 1", "name": "Mardy Fish", "children": [{"name": "Mardy Fish", "stage1": "Round 1", "size": 5140}, {"name": "Boris Pashanski", "stage1": "Round 1", "size": 4100}]}, {"ace1": 4, "ace2": 2, "result": "4-6 2-6 7-6(2) 6-4 7-5", "error1": 38.0, "error2": 34.0, "stage1": "Round 2", "stage2": "Round 1", "name": "Tommy Robredo", "children": [{"name": "Tommy Robredo", "stage1": "Round 1", "size": 5760}, {"name": "Mischa Zverev", "stage1": "Round 1", "size": 4300}]}]}]}, {"ace1": 0, "ace2": 0, "result": "6-4 3-6 7-6(9) 6-7(3) 8-6", "error1": 0, "error2": 0, "stage1": "Round 4", "stage2": "Round 3", "name": "Philipp Kohlschreiber", "children": [{"ace1": 6, "ace2": 3, "result": "6-4 6-2 0-1 ret.", "error1": 17.0, "error2": 33.0, "stage1": "Round 3", "stage2": "Round 2", "name": "Philipp Kohlschreiber", "children": [{"ace1": 4, "ace2": 6, "result": "6-4 7-6(5) 6-1", "error1": 0, "error2": 0, "stage1": "Round 2", "stage2": "Round 1", "name": "Philipp Kohlschreiber", "children": [{"name": "Philipp Kohlschreiber", "stage1": "Round 1", "size": 5460}, {"name": "Roko Karanusic", "stage1": "Round 1", "size": 3340}]}, {"ace1": 3, "ace2": 1, "result": "7-5 6-2 6-0", "error1": 0, "error2": 0, "stage1": "Round 2", "stage2": "Round 1", "name": "Evgeny Korolev", "children": [{"name": "Evgeny Korolev", "stage1": "Round 1", "size": 4360}, {"name": "Marcel Granollers", "stage1": "Round 1", "size": 3380}]}]}, {"ace1": 10, "ace2": 6, "result": "6-2 6-2 6-4", "error1": 12.0, "error2": 45.0, "stage1": "Round 3", "stage2": "Round 2", "name": "Andy Roddick", "children": [{"ace1": 13, "ace2": 7, "result": "6-3 6-4 7-5", "error1": 11.0, "error2": 44.0, "stage1": "Round 2", "stage2": "Round 1", "name": "Andy Roddick", "children": [{"name": "Andy Roddick", "stage1": "Round 1", "size": 5880}, {"name": "Lukas Dlouhy", "stage1": "Round 1", "size": 2920}]}, {"ace1": 7, "ace2": 4, "result": "6-7(5) 7-6(4) 6-3 7-6(5)", "error1": 53.0, "error2": 67.0, "stage1": "Round 2", "stage2": "Round 1", "name": "Michael Berrer", "children": [{"name": "Michael Berrer", "stage1": "Round 1", "size": 4920}, {"name": "Donald Young", "stage1": "Round 1", "size": 4040}]}]}]}]}]}]}]}