{"ace1": 4, "ace2": 11, "result": "7-5 3-6 7-6(3) 3-6 6-2", "error1": 41.0, "error2": 64.0, "stage1": "Champion", "stage2": "Finals", "name": "Rafael Nadal", "children": [{"ace1": 12, "ace2": 20, "result": "6-7(4) 6-4 7-6(2) 6-7(1) 6-4", "error1": 25.0, "error2": 76.0, "stage1": "Finals", "stage2": "Semi Finals", "name": "Rafael Nadal", "children": [{"ace1": 5, "ace2": 4, "result": "6-2 7-5 7-5", "error1": 24.0, "error2": 41.0, "stage1": "Semi Finals", "stage2": "Quarter Finals", "name": "Rafael Nadal", "children": [{"ace1": 4, "ace2": 6, "result": "6-3 6-2 6-4", "error1": 11.0, "error2": 35.0, "stage1": "Quarter Finals", "stage2": "Round 4", "name": "Rafael Nadal", "children": [{"ace1": 4, "ace2": 6, "result": "6-4 6-2 6-2", "error1": 8.0, "error2": 25.0, "stage1": "Round 4", "stage2": "Round 3", "name": "Rafael Nadal", "children": [{"ace1": 3, "ace2": 2, "result": "6-2 6-3 6-2", "error1": 17.0, "error2": 14.0, "stage1": "Round 3", "stage2": "Round 2", "name": "Rafael Nadal", "children": [{"ace1": 10, "ace2": 1, "result": "6-0 6-2 6-2", "error1": 18.0, "error2": 22.0, "stage1": "Round 2", "stage2": "Round 1", "name": "Rafael Nadal", "children": [{"name": "Rafael Nadal", "stage1": "Round 1", "size": 5940}, {"name": "Christophe Rochus", "stage1": "Round 1", "size": 4380}]}, {"ace1": 8, "ace2": 5, "result": "6-3 1-6 6-3 3-6 6-3", "error1": 0.0, "error2": 0.0, "stage1": "Round 2", "stage2": "Round 1", "name": "Roko Karanusic", "children": [{"name": "Roko Karanusic", "stage1": "Round 1", "size": 4600}, {"name": "Florent Serra", "stage1": "Round 1", "size": 1240}]}]}, {"ace1": 7, "ace2": 0, "result": "6-1 6-2 6-1", "error1": 27.0, "error2": 29.0, "stage1": "Round 3", "stage2": "Round 2", "name": "Tommy Haas", "children": [{"ace1": 10, "ace2": 2, "result": "6-3 6-3 6-4", "error1": 32.0, "error2": 31.0, "stage1": "Round 2", "stage2": "Round 1", "name": "Tommy Haas", "children": [{"name": "Tommy Haas", "stage1": "Round 1", "size": 4460}, {"name": "Eduardo Schwank", "stage1": "Round 1", "size": 1280}]}, {"ace1": 3, "ace2": 11, "result": "4-6 6-2 7-6(7) 7-5", "error1": 0.0, "error2": 0.0, "stage1": "Round 2", "stage2": "Round 1", "name": "Flavio Cipolla", "children": [{"name": "Flavio Cipolla", "stage1": "Round 1", "size": 5360}, {"name": "Dmitry Tursunov", "stage1": "Round 1", "size": 2880}]}]}]}, {"ace1": 14, "ace2": 11, "result": "3-6 3-6 7-6(10) 6-2 12-10", "error1": 51.0, "error2": 58.0, "stage1": "Round 4", "stage2": "Round 3", "name": "Fernando Gonzalez", "children": [{"ace1": 12, "ace2": 9, "result": "7-5 6-3 6-4", "error1": 33.0, "error2": 23.0, "stage1": "Round 3", "stage2": "Round 2", "name": "Fernando Gonzalez", "children": [{"ace1": 12, "ace2": 9, "result": "5-7 6-2 6-2 3-6 6-3", "error1": 58.0, "error2": 47.0, "stage1": "Round 2", "stage2": "Round 1", "name": "Fernando Gonzalez", "children": [{"name": "Fernando Gonzalez", "stage1": "Round 1", "size": 5560}, {"name": "Lleyton Hewitt", "stage1": "Round 1", "size": 4340}]}, {"ace1": 21, "ace2": 3, "result": "3-6 7-5 5-7 6-0 7-5", "error1": 0.0, "error2": 0.0, "stage1": "Round 2", "stage2": "Round 1", "name": "Guillermo Canas", "children": [{"name": "Guillermo Canas", "stage1": "Round 1", "size": 1680}, {"name": "Dieter Kindlmann", "stage1": "Round 1", "size": 3000}]}]}, {"ace1": 7, "ace2": 5, "result": "6-3 6-4 6-4", "error1": 29.0, "error2": 35.0, "stage1": "Round 3", "stage2": "Round 2", "name": "Richard Gasquet", "children": [{"ace1": 16, "ace2": 3, "result": "6-7(5) 7-6(3) 6-3 6-4", "error1": 15.0, "error2": 44.0, "stage1": "Round 2", "stage2": "Round 1", "name": "Richard Gasquet", "children": [{"name": "Richard Gasquet", "stage1": "Round 1", "size": 5680}, {"name": "Diego Junqueira", "stage1": "Round 1", "size": 4980}]}, {"ace1": 10, "ace2": 3, "result": "6-2 7-5 6-4", "error1": 0.0, "error2": 0.0, "stage1": "Round 2", "stage2": "Round 1", "name": "Denis Istomin", "children": [{"name": "Denis Istomin", "stage1": "Round 1", "size": 4840}, {"name": "Vince Spadea", "stage1": "Round 1", "size": 4780}]}]}]}]}, {"ace1": 3, "ace2": 1, "result": "6-4 2-6 6-1 ret.", "error1": 36.0, "error2": 31.0, "stage1": "Quarter Finals", "stage2": "Round 4", "name": "Gilles Simon", "children": [{"ace1": 0, "ace2": 7, "result": "7-6(2) 6-4 6-2", "error1": 35.0, "error2": 49.0, "stage1": "Round 4", "stage2": "Round 3", "name": "Gilles Simon", "children": [{"ace1": 14, "ace2": 12, "result": "6-7(5) 6-4 6-1 6-2", "error1": 15.0, "error2": 37.0, "stage1": "Round 3", "stage2": "Round 2", "name": "Gilles Simon", "children": [{"ace1": 8, "ace2": 1, "result": "6-4 6-1 6-1", "error1": 35.0, "error2": 39.0, "stage1": "Round 2", "stage2": "Round 1", "name": "Gilles Simon", "children": [{"name": "Gilles Simon", "stage1": "Round 1", "size": 5900}, {"name": "Pablo Andujar", "stage1": "Round 1", "size": 4140}]}, {"ace1": 12, "ace2": 5, "result": "6-4 6-2 6-4", "error1": 21.0, "error2": 19.0, "stage1": "Round 2", "stage2": "Round 1", "name": "Chris Guccione", "children": [{"name": "Chris Guccione", "stage1": "Round 1", "size": 6000}, {"name": "Nicolas Devilder", "stage1": "Round 1", "size": 4260}]}]}, {"ace1": 8, "ace2": 25, "result": "5-7 7-5 4-6 6-4 6-3", "error1": 29.0, "error2": 42.0, "stage1": "Round 3", "stage2": "Round 2", "name": "Mario Ancic", "children": [{"ace1": 12, "ace2": 1, "result": "7-5 6-4 4-6 6-2", "error1": 0.0, "error2": 0.0, "stage1": "Round 2", "stage2": "Round 1", "name": "Mario Ancic", "children": [{"name": "Mario Ancic", "stage1": "Round 1", "size": 4400}, {"name": "Wayne Odesnik", "stage1": "Round 1", "size": 5400}]}, {"ace1": 13, "ace2": 1, "result": "6-3 6-4 6-4", "error1": 0.0, "error2": 0.0, "stage1": "Round 2", "stage2": "Round 1", "name": "Ivo Karlovic", "children": [{"name": "Ivo Karlovic", "stage1": "Round 1", "size": 3620}, {"name": "Daniel Gimeno-Traver", "stage1": "Round 1", "size": 4560}]}]}]}, {"ace1": 12, "ace2": 10, "result": "6-4 6-3 7-5", "error1": 24.0, "error2": 43.0, "stage1": "Round 4", "stage2": "Round 3", "name": "Gael Monfils", "children": [{"ace1": 17, "ace2": 2, "result": "6-4 6-4 3-6 6-2", "error1": 43.0, "error2": 44.0, "stage1": "Round 3", "stage2": "Round 2", "name": "Gael Monfils", "children": [{"ace1": 9, "ace2": 0, "result": "6-1 6-3 7-5", "error1": 49.0, "error2": 38.0, "stage1": "Round 2", "stage2": "Round 1", "name": "Gael Monfils", "children": [{"name": "Gael Monfils", "stage1": "Round 1", "size": 6000}, {"name": "Martin Vassallo Arguello", "stage1": "Round 1", "size": 4160}]}, {"ace1": 4, "ace2": 4, "result": "6-3 6-2 6-2", "error1": 0.0, "error2": 0.0, "stage1": "Round 2", "stage2": "Round 1", "name": "Stefan Koubek", "children": [{"name": "Stefan Koubek", "stage1": "Round 1", "size": 3260}, {"name": "Mikhail Youzhny", "stage1": "Round 1", "size": 5100}]}]}, {"ace1": 8, "ace2": 3, "result": "6-2 7-5 6-0", "error1": 0.0, "error2": 0.0, "stage1": "Round 3", "stage2": "Round 2", "name": "Nicolas Almagro", "children": [{"ace1": 29, "ace2": 8, "result": "6-4 6-4 3-6 5-7 6-3", "error1": 37.0, "error2": 46.0, "stage1": "Round 2", "stage2": "Round 1", "name": "Nicolas Almagro", "children": [{"name": "Nicolas Almagro", "stage1": "Round 1", "size": 5800}, {"name": "Nicolas Massu", "stage1": "Round 1", "size": 3020}]}, {"ace1": 4, "ace2": 6, "result": "3-6 7-6(7) 6-4 6-2", "error1": 0.0, "error2": 0.0, "stage1": "Round 2", "stage2": "Round 1", "name": "Fabio Fognini", "children": [{"name": "Fabio Fognini", "stage1": "Round 1", "size": 4200}, {"name": "Andrey Golubev", "stage1": "Round 1", "size": 3920}]}]}]}]}]}, {"ace1": 7, "ace2": 9, "result": "7-6(2) 3-6 6-3 6-2", "error1": 29.0, "error2": 40.0, "stage1": "Semi Finals", "stage2": "Quarter Finals", "name": "Fernando Verdasco", "children": [{"ace1": 10, "ace2": 7, "result": "2-6 6-1 1-6 6-3 6-4", "error1": 50.0, "error2": 40.0, "stage1": "Quarter Finals", "stage2": "Round 4", "name": "Fernando Verdasco", "children": [{"ace1": 1, "ace2": 2, "result": "6-4 6-0 6-0", "error1": 15.0, "error2": 39.0, "stage1": "Round 4", "stage2": "Round 3", "name": "Fernando Verdasco", "children": [{"ace1": 7, "ace2": 2, "result": "6-1 6-1 6-2", "error1": 12.0, "error2": 39.0, "stage1": "Round 3", "stage2": "Round 2", "name": "Fernando Verdasco", "children": [{"ace1": 7, "ace2": 2, "result": "6-0 6-2 6-2", "error1": 18.0, "error2": 43.0, "stage1": "Round 2", "stage2": "Round 1", "name": "Fernando Verdasco", "children": [{"name": "Fernando Verdasco", "stage1": "Round 1", "size": 5980}, {"name": "Adrian Mannarino", "stage1": "Round 1", "size": 3860}]}, {"ace1": 2, "ace2": 9, "result": "6-3 2-6 4-6 6-2 6-1", "error1": 0.0, "error2": 0.0, "stage1": "Round 2", "stage2": "Round 1", "name": "Arnaud Clement", "children": [{"name": "Arnaud Clement", "stage1": "Round 1", "size": 5280}, {"name": "Sergiy Stakhovsky", "stage1": "Round 1", "size": 3820}]}]}, {"ace1": 14, "ace2": 4, "result": "6-3 6-2 6-7(3) 7-5", "error1": 0.0, "error2": 0.0, "stage1": "Round 3", "stage2": "Round 2", "name": "Radek Stepanek", "children": [{"ace1": 9, "ace2": 9, "result": "3-6 6-3 6-4 6-4", "error1": 0.0, "error2": 0.0, "stage1": "Round 2", "stage2": "Round 1", "name": "Radek Stepanek", "children": [{"name": "Radek Stepanek", "stage1": "Round 1", "size": 5020}, {"name": "Nicolas Lapentti", "stage1": "Round 1", "size": 3080}]}, {"ace1": 9, "ace2": 14, "result": "6-2 6-4 6-3", "error1": 18.0, "error2": 55.0, "stage1": "Round 2", "stage2": "Round 1", "name": "Michael Berrer", "children": [{"name": "Michael Berrer", "stage1": "Round 1", "size": 5440}, {"name": "Carsten Ball", "stage1": "Round 1", "size": 4080}]}]}]}, {"ace1": 8, "ace2": 2, "result": "7-5 6-0 6-3", "error1": 10.0, "error2": 30.0, "stage1": "Round 4", "stage2": "Round 3", "name": "Andy Murray", "children": [{"ace1": 4, "ace2": 2, "result": "6-4 6-2 6-2", "error1": 31.0, "error2": 27.0, "stage1": "Round 3", "stage2": "Round 2", "name": "Andy Murray", "children": [{"ace1": 2, "ace2": 0, "result": "6-2 3-1 ret.", "error1": 11.0, "error2": 17.0, "stage1": "Round 2", "stage2": "Round 1", "name": "Andy Murray", "children": [{"name": "Andy Murray", "stage1": "Round 1", "size": 5740}, {"name": "Andrei Pavel", "stage1": "Round 1", "size": 4720}]}, {"ace1": 12, "ace2": 6, "result": "6-4 7-6(3) 4-6 6-0", "error1": 0.0, "error2": 0.0, "stage1": "Round 2", "stage2": "Round 1", "name": "Marcel Granollers", "children": [{"name": "Marcel Granollers", "stage1": "Round 1", "size": 4800}, {"name": "Teimuraz Gabashvili", "stage1": "Round 1", "size": 3960}]}]}, {"ace1": 21, "ace2": 5, "result": "5-7 7-6(7) 6-4 6-3", "error1": 0.0, "error2": 0.0, "stage1": "Round 3", "stage2": "Round 2", "name": "Jurgen Melzer", "children": [{"ace1": 5, "ace2": 3, "result": "7-5 6-2 6-1", "error1": 26.0, "error2": 42.0, "stage1": "Round 2", "stage2": "Round 1", "name": "Jurgen Melzer", "children": [{"name": "Jurgen Melzer", "stage1": "Round 1", "size": 5540}, {"name": "Kei Nishikori", "stage1": "Round 1", "size": 4500}]}, {"ace1": 1, "ace2": 3, "result": "7-5 6-1 6-0", "error1": 0.0, "error2": 0.0, "stage1": "Round 2", "stage2": "Round 1", "name": "Andreas Beck", "children": [{"name": "Andreas Beck", "stage1": "Round 1", "size": 3280}, {"name": "Colin Ebelthite", "stage1": "Round 1", "size": 3840}]}]}]}]}, {"ace1": 12, "ace2": 4, "result": "6-4 6-4 7-6(3)", "error1": 31.0, "error2": 27.0, "stage1": "Quarter Finals", "stage2": "Round 4", "name": "Jo-Wilfried Tsonga", "children": [{"ace1": 5, "ace2": 0, "result": "6-4 6-2 1-6 6-1", "error1": 36.0, "error2": 25.0, "stage1": "Round 4", "stage2": "Round 3", "name": "Jo-Wilfried Tsonga", "children": [{"ace1": 18, "ace2": 17, "result": "6-7(4) 7-6(8) 7-6(7) 6-2", "error1": 37.0, "error2": 40.0, "stage1": "Round 3", "stage2": "Round 2", "name": "Jo-Wilfried Tsonga", "children": [{"ace1": 5, "ace2": 3, "result": "6-4 6-4 6-0", "error1": 30.0, "error2": 27.0, "stage1": "Round 2", "stage2": "Round 1", "name": "Jo-Wilfried Tsonga", "children": [{"name": "Jo-Wilfried Tsonga", "stage1": "Round 1", "size": 5700}, {"name": "Juan Monaco", "stage1": "Round 1", "size": 4620}]}, {"ace1": 26, "ace2": 10, "result": "4-6 7-6(3) 7-6(7) 5-7 6-3", "error1": 0.0, "error2": 0.0, "stage1": "Round 2", "stage2": "Round 1", "name": "Ivan Ljubicic", "children": [{"name": "Ivan Ljubicic", "stage1": "Round 1", "size": 3980}, {"name": "Igor Kunitsyn", "stage1": "Round 1", "size": 4120}]}]}, {"ace1": 5, "ace2": 1, "result": "6-3 6-3 6-2", "error1": 0.0, "error2": 0.0, "stage1": "Round 3", "stage2": "Round 2", "name": "Dudi Sela", "children": [{"ace1": 2, "ace2": 2, "result": "1-6 6-2 6-4 6-4", "error1": 0.0, "error2": 0.0, "stage1": "Round 2", "stage2": "Round 1", "name": "Dudi Sela", "children": [{"name": "Dudi Sela", "stage1": "Round 1", "size": 5080}, {"name": "Rainer Schuettler", "stage1": "Round 1", "size": 5220}]}, {"ace1": 9, "ace2": 6, "result": "3-6 3-6 7-6(7) 7-6(4) 8-6", "error1": 0.0, "error2": 0.0, "stage1": "Round 2", "stage2": "Round 1", "name": "Victor Hanescu", "children": [{"name": "Victor Hanescu", "stage1": "Round 1", "size": 3940}, {"name": "Jan Hernych", "stage1": "Round 1", "size": 5620}]}]}]}, {"ace1": 6, "ace2": 5, "result": "6-3 6-2 3-6 6-1", "error1": 36.0, "error2": 29.0, "stage1": "Round 4", "stage2": "Round 3", "name": "James Blake", "children": [{"ace1": 4, "ace2": 9, "result": "6-3 6-2 6-3", "error1": 26.0, "error2": 40.0, "stage1": "Round 3", "stage2": "Round 2", "name": "James Blake", "children": [{"ace1": 7, "ace2": 8, "result": "6-4 6-3 7-5", "error1": 21.0, "error2": 15.0, "stage1": "Round 2", "stage2": "Round 1", "name": "James Blake", "children": [{"name": "James Blake", "stage1": "Round 1", "size": 4860}, {"name": "Frank Dancevic", "stage1": "Round 1", "size": 5380}]}, {"ace1": 12, "ace2": 5, "result": "2-6 6-3 0-6 6-2 6-2", "error1": 0.0, "error2": 0.0, "stage1": "Round 2", "stage2": "Round 1", "name": "Sebastien de Chaunac", "children": [{"name": "Sebastien de Chaunac", "stage1": "Round 1", "size": 4580}, {"name": "Steve Darcis", "stage1": "Round 1", "size": 4020}]}]}, {"ace1": 9, "ace2": 14, "result": "6-4 6-4 5-7 3-6 6-4", "error1": 70.0, "error2": 80.0, "stage1": "Round 3", "stage2": "Round 2", "name": "Igor Andreev", "children": [{"ace1": 13, "ace2": 7, "result": "5-7 3-6 6-4 6-3 6-4", "error1": 0.0, "error2": 0.0, "stage1": "Round 2", "stage2": "Round 1", "name": "Igor Andreev", "children": [{"name": "Igor Andreev", "stage1": "Round 1", "size": 5860}, {"name": "Peter Polansky", "stage1": "Round 1", "size": 3160}]}, {"ace1": 11, "ace2": 2, "result": "6-3 6-2 6-3", "error1": 0.0, "error2": 0.0, "stage1": "Round 2", "stage2": "Round 1", "name": "Ernests Gulbis", "children": [{"name": "Ernests Gulbis", "stage1": "Round 1", "size": 5060}, {"name": "Albert Montanes", "stage1": "Round 1", "size": 4180}]}]}]}]}]}]}, {"ace1": 16, "ace2": 8, "result": "6-2 7-5 7-5", "error1": 15.0, "error2": 18.0, "stage1": "Finals", "stage2": "Semi Finals", "name": "Roger Federer", "children": [{"ace1": 12, "ace2": 5, "result": "6-3 6-0 6-0", "error1": 9.0, "error2": 24.0, "stage1": "Semi Finals", "stage2": "Quarter Finals", "name": "Roger Federer", "children": [{"ace1": 20, "ace2": 8, "result": "4-6 6-7(4) 6-4 6-4 6-2", "error1": 40.0, "error2": 42.0, "stage1": "Quarter Finals", "stage2": "Round 4", "name": "Roger Federer", "children": [{"ace1": 9, "ace2": 14, "result": "6-3 6-2 7-6(5)", "error1": 28.0, "error2": 33.0, "stage1": "Round 4", "stage2": "Round 3", "name": "Roger Federer", "children": [{"ace1": 8, "ace2": 2, "result": "6-2 6-3 6-1", "error1": 15.0, "error2": 44.0, "stage1": "Round 3", "stage2": "Round 2", "name": "Roger Federer", "children": [{"ace1": 9, "ace2": 1, "result": "6-1 7-6(4) 7-5", "error1": 43.0, "error2": 45.0, "stage1": "Round 2", "stage2": "Round 1", "name": "Roger Federer", "children": [{"name": "Roger Federer", "stage1": "Round 1", "size": 5240}, {"name": "Andreas Seppi", "stage1": "Round 1", "size": 5820}]}, {"ace1": 9, "ace2": 10, "result": "6-3 6-1 7-6(7)", "error1": 43.0, "error2": 45.0, "stage1": "Round 2", "stage2": "Round 1", "name": "Evgeny Korolev", "children": [{"name": "Evgeny Korolev", "stage1": "Round 1", "size": 2560}, {"name": "Carlos Moya", "stage1": "Round 1", "size": 4060}]}]}, {"ace1": 18, "ace2": 1, "result": "7-5 6-2 6-2", "error1": 23.0, "error2": 35.0, "stage1": "Round 3", "stage2": "Round 2", "name": "Marat Safin", "children": [{"ace1": 8, "ace2": 6, "result": "6-3 6-3 6-4", "error1": 26.0, "error2": 21.0, "stage1": "Round 2", "stage2": "Round 1", "name": "Marat Safin", "children": [{"name": "Marat Safin", "stage1": "Round 1", "size": 4280}, {"name": "Ivan Navarro", "stage1": "Round 1", "size": 6000}]}, {"ace1": 4, "ace2": 10, "result": "3-6 7-6(5) 6-2 6-0", "error1": 0.0, "error2": 0.0, "stage1": "Round 2", "stage2": "Round 1", "name": "Guillermo Garcia-Lopez", "children": [{"name": "Guillermo Garcia-Lopez", "stage1": "Round 1", "size": 4320}, {"name": "Agustin Calleri", "stage1": "Round 1", "size": 1840}]}]}]}, {"ace1": 9, "ace2": 9, "result": "4-6 6-1 6-3 6-4", "error1": 46.0, "error2": 49.0, "stage1": "Round 4", "stage2": "Round 3", "name": "Tomas Berdych", "children": [{"ace1": 12, "ace2": 2, "result": "6-1 6-1 6-3", "error1": 28.0, "error2": 35.0, "stage1": "Round 3", "stage2": "Round 2", "name": "Tomas Berdych", "children": [{"ace1": 9, "ace2": 6, "result": "6-4 6-4 6-3", "error1": 35.0, "error2": 50.0, "stage1": "Round 2", "stage2": "Round 1", "name": "Tomas Berdych", "children": [{"name": "Tomas Berdych", "stage1": "Round 1", "size": 5840}, {"name": "Robby Ginepri", "stage1": "Round 1", "size": 920}]}, {"ace1": 6, "ace2": 5, "result": "6-1 6-2 6-4", "error1": 0.0, "error2": 0.0, "stage1": "Round 2", "stage2": "Round 1", "name": "Brian Dabul", "children": [{"name": "Brian Dabul", "stage1": "Round 1", "size": 5260}, {"name": "Philipp Petzschner", "stage1": "Round 1", "size": 3520}]}]}, {"ace1": 4, "ace2": 8, "result": "6-3 6-4 6-4", "error1": 23.0, "error2": 33.0, "stage1": "Round 3", "stage2": "Round 2", "name": "Stanislas Wawrinka", "children": [{"ace1": 4, "ace2": 7, "result": "6-1 2-6 7-5 7-6(9)", "error1": 0.0, "error2": 0.0, "stage1": "Round 2", "stage2": "Round 1", "name": "Stanislas Wawrinka", "children": [{"name": "Stanislas Wawrinka", "stage1": "Round 1", "size": 5300}, {"name": "Ivo Minar", "stage1": "Round 1", "size": 4440}]}, {"ace1": 14, "ace2": 3, "result": "6-4 6-3 4-6 6-3", "error1": 46.0, "error2": 34.0, "stage1": "Round 2", "stage2": "Round 1", "name": "Brydan Klein", "children": [{"name": "Brydan Klein", "stage1": "Round 1", "size": 3900}, {"name": "Bjorn Phau", "stage1": "Round 1", "size": 3800}]}]}]}]}, {"ace1": 8, "ace2": 10, "result": "5-7 6-4 6-4 6-2", "error1": 45.0, "error2": 64.0, "stage1": "Quarter Finals", "stage2": "Round 4", "name": "Juan Martin Del Potro", "children": [{"ace1": 12, "ace2": 22, "result": "6-7(5) 7-5 6-3 7-5", "error1": 25.0, "error2": 62.0, "stage1": "Round 4", "stage2": "Round 3", "name": "Juan Martin Del Potro", "children": [{"ace1": 7, "ace2": 3, "result": "6-1 7-5 6-2", "error1": 30.0, "error2": 19.0, "stage1": "Round 3", "stage2": "Round 2", "name": "Juan Martin Del Potro", "children": [{"ace1": 7, "ace2": 5, "result": "6-3 6-4 6-2", "error1": 23.0, "error2": 25.0, "stage1": "Round 2", "stage2": "Round 1", "name": "Juan Martin Del Potro", "children": [{"name": "Juan Martin Del Potro", "stage1": "Round 1", "size": 5720}, {"name": "Mischa Zverev", "stage1": "Round 1", "size": 3560}]}, {"ace1": 4, "ace2": 0, "result": "6-2 6-1 6-2", "error1": 0.0, "error2": 0.0, "stage1": "Round 2", "stage2": "Round 1", "name": "Florian Mayer", "children": [{"name": "Florian Mayer", "stage1": "Round 1", "size": 5040}, {"name": "Lamine Ouahab", "stage1": "Round 1", "size": 2800}]}]}, {"ace1": 27, "ace2": 5, "result": "3-6 6-1 6-4 6-2", "error1": 29.0, "error2": 39.0, "stage1": "Round 3", "stage2": "Round 2", "name": "Gilles Muller", "children": [{"ace1": 0, "ace2": 0, "result": "Missing", "error1": 0.0, "error2": 0.0, "stage1": "Round 2", "stage2": "Round 1", "name": "Gilles Muller", "children": [{"name": "Gilles Muller", "stage1": "Round 1", "size": 5520}, {"name": "Missing", "stage1": "Round 1", "size": 1660}]}, {"ace1": 10, "ace2": 13, "result": "7-6(5) 1-6 7-6(5) 7-6(6)", "error1": 23.0, "error2": 25.0, "stage1": "Round 2", "stage2": "Round 1", "name": "Bernard Tomic", "children": [{"name": "Bernard Tomic", "stage1": "Round 1", "size": 4680}, {"name": "Potito Starace", "stage1": "Round 1", "size": 460}]}]}]}, {"ace1": 7, "ace2": 0, "result": "7-6(5) 6-3 6-4", "error1": 46.0, "error2": 39.0, "stage1": "Round 4", "stage2": "Round 3", "name": "Marin Cilic", "children": [{"ace1": 22, "ace2": 4, "result": "6-2 6-3 4-6 6-3", "error1": 46.0, "error2": 42.0, "stage1": "Round 3", "stage2": "Round 2", "name": "Marin Cilic", "children": [{"ace1": 16, "ace2": 8, "result": "6-3 6-2 6-7(4) 6-3", "error1": 0.0, "error2": 0.0, "stage1": "Round 2", "stage2": "Round 1", "name": "Marin Cilic", "children": [{"name": "Marin Cilic", "stage1": "Round 1", "size": 5920}, {"name": "Kevin Anderson", "stage1": "Round 1", "size": 5000}]}, {"ace1": 15, "ace2": 13, "result": "4-6 6-1 6-3 4-6 6-0", "error1": 0.0, "error2": 0.0, "stage1": "Round 2", "stage2": "Round 1", "name": "Janko Tipsarevic", "children": [{"name": "Janko Tipsarevic", "stage1": "Round 1", "size": 5120}, {"name": "Oscar Hernandez", "stage1": "Round 1", "size": 4740}]}]}, {"ace1": 8, "ace2": 2, "result": "6-2 6-2 6-1", "error1": 18.0, "error2": 34.0, "stage1": "Round 3", "stage2": "Round 2", "name": "David Ferrer", "children": [{"ace1": 8, "ace2": 5, "result": "6-1 6-7(6) 6-1 6-7(4) 6-4", "error1": 68.0, "error2": 84.0, "stage1": "Round 2", "stage2": "Round 1", "name": "David Ferrer", "children": [{"name": "David Ferrer", "stage1": "Round 1", "size": 4540}, {"name": "Denis Gremelmayr", "stage1": "Round 1", "size": 3760}]}, {"ace1": 6, "ace2": 39, "result": "7-6(4) 2-6 6-2 7-5", "error1": 0.0, "error2": 0.0, "stage1": "Round 2", "stage2": "Round 1", "name": "Dominik Hrbaty", "children": [{"name": "Dominik Hrbaty", "stage1": "Round 1", "size": 4540}, {"name": "John Isner", "stage1": "Round 1", "size": 3760}]}]}]}]}]}, {"ace1": 16, "ace2": 8, "result": "6-7(3) 6-4 6-2 2-1 ret.", "error1": 14.0, "error2": 35.0, "stage1": "Semi Finals", "stage2": "Quarter Finals", "name": "Andy Roddick", "children": [{"ace1": 13, "ace2": 0, "result": "7-5 6-1 6-3", "error1": 27.0, "error2": 24.0, "stage1": "Quarter Finals", "stage2": "Round 4", "name": "Andy Roddick", "children": [{"ace1": 22, "ace2": 4, "result": "6-3 6-4 6-2", "error1": 19.0, "error2": 12.0, "stage1": "Round 4", "stage2": "Round 3", "name": "Andy Roddick", "children": [{"ace1": 19, "ace2": 11, "result": "4-6 6-2 7-6(1) 6-2", "error1": 27.0, "error2": 50.0, "stage1": "Round 3", "stage2": "Round 2", "name": "Andy Roddick", "children": [{"ace1": 9, "ace2": 0, "result": "6-0 6-2 6-2", "error1": 10.0, "error2": 37.0, "stage1": "Round 2", "stage2": "Round 1", "name": "Andy Roddick", "children": [{"name": "Andy Roddick", "stage1": "Round 1", "size": 5960}, {"name": "Bjorn Rehnquist", "stage1": "Round 1", "size": 3480}]}, {"ace1": 5, "ace2": 8, "result": "7-6(8) 6-1 6-1", "error1": 0.0, "error2": 0.0, "stage1": "Round 2", "stage2": "Round 1", "name": "Xavier Malisse", "children": [{"name": "Xavier Malisse", "stage1": "Round 1", "size": 4240}, {"name": "Michael Llodra", "stage1": "Round 1", "size": 4960}]}]}, {"ace1": 3, "ace2": 4, "result": "5-7 7-5 3-6 7-5 6-3", "error1": 34.0, "error2": 69.0, "stage1": "Round 3", "stage2": "Round 2", "name": "Fabrice Santoro", "children": [{"ace1": 17, "ace2": 2, "result": "6-3 6-2 6-7(5) 6-2", "error1": 24.0, "error2": 56.0, "stage1": "Round 2", "stage2": "Round 1", "name": "Fabrice Santoro", "children": [{"name": "Fabrice Santoro", "stage1": "Round 1", "size": 5340}, {"name": "Juan Carlos Ferrero", "stage1": "Round 1", "size": 3740}]}, {"ace1": 8, "ace2": 10, "result": "7-6(6) 6-3 6-2", "error1": 38.0, "error2": 36.0, "stage1": "Round 2", "stage2": "Round 1", "name": "Philipp Kohlschreiber", "children": [{"name": "Philipp Kohlschreiber", "stage1": "Round 1", "size": 4160}, {"name": "Sam Querrey", "stage1": "Round 1", "size": 4820}]}]}]}, {"ace1": 7, "ace2": 1, "result": "6-1 6-3 6-2", "error1": 21.0, "error2": 33.0, "stage1": "Round 4", "stage2": "Round 3", "name": "Tommy Robredo", "children": [{"ace1": 7, "ace2": 4, "result": "6-1 6-3 6-0", "error1": 0.0, "error2": 0.0, "stage1": "Round 3", "stage2": "Round 2", "name": "Tommy Robredo", "children": [{"ace1": 10, "ace2": 7, "result": "6-2 7-5 6-1", "error1": 0.0, "error2": 0.0, "stage1": "Round 2", "stage2": "Round 1", "name": "Tommy Robredo", "children": [{"name": "Tommy Robredo", "stage1": "Round 1", "size": 5500}, {"name": "Bobby Reynolds", "stage1": "Round 1", "size": 4420}]}, {"ace1": 12, "ace2": 3, "result": "6-3 3-6 6-2 6-4", "error1": 0.0, "error2": 0.0, "stage1": "Round 2", "stage2": "Round 1", "name": "Viktor Troicki", "children": [{"name": "Viktor Troicki", "stage1": "Round 1", "size": 4000}, {"name": "Alberto Martin", "stage1": "Round 1", "size": 100}]}]}, {"ace1": 9, "ace2": 5, "result": "6-4 5-7 4-6 6-4 6-2", "error1": 60.0, "error2": 61.0, "stage1": "Round 3", "stage2": "Round 2", "name": "Yen-Hsun Lu", "children": [{"ace1": 9, "ace2": 9, "result": "6-3 7-5 6-4", "error1": 0.0, "error2": 0.0, "stage1": "Round 2", "stage2": "Round 1", "name": "Yen-Hsun Lu", "children": [{"name": "Yen-Hsun Lu", "stage1": "Round 1", "size": 4640}, {"name": "Thomaz Bellucci", "stage1": "Round 1", "size": 5640}]}, {"ace1": 4, "ace2": 9, "result": "6-1 4-6 6-2 6-3", "error1": 43.0, "error2": 51.0, "stage1": "Round 2", "stage2": "Round 1", "name": "David Nalbandian", "children": [{"name": "David Nalbandian", "stage1": "Round 1", "size": 5180}, {"name": "Marc Gicquele", "stage1": "Round 1", "size": 4480}]}]}]}]}, {"ace1": 3, "ace2": 12, "result": "6-1 7-6(1) 6-7(5) 6-2", "error1": 49.0, "error2": 53.0, "stage1": "Quarter Finals", "stage2": "Round 4", "name": "Novak Djokovic", "children": [{"ace1": 11, "ace2": 16, "result": "6-2 4-6 6-3 7-6(4)", "error1": 27.0, "error2": 56.0, "stage1": "Round 4", "stage2": "Round 3", "name": "Novak Djokovic", "children": [{"ace1": 7, "ace2": 3, "result": "7-5 6-1 6-3", "error1": 17.0, "error2": 32.0, "stage1": "Round 3", "stage2": "Round 2", "name": "Novak Djokovic", "children": [{"ace1": 8, "ace2": 6, "result": "6-2 6-3 7-5", "error1": 27.0, "error2": 36.0, "stage1": "Round 2", "stage2": "Round 1", "name": "Novak Djokovic", "children": [{"name": "Novak Djokovic", "stage1": "Round 1", "size": 5480}, {"name": "Andrea Stoppini", "stage1": "Round 1", "size": 4520}]}, {"ace1": 18, "ace2": 8, "result": "6-4 6-4 6-1", "error1": 0.0, "error2": 0.0, "stage1": "Round 2", "stage2": "Round 1", "name": "Jeremy Chardy", "children": [{"name": "Jeremy Chardy", "stage1": "Round 1", "size": 2600}, {"name": "Marcos Daniel", "stage1": "Round 1", "size": 4460}]}]}, {"ace1": 33, "ace2": 11, "result": "1-6 3-6 6-3 7-6(3) 9-7", "error1": 0.0, "error2": 0.0, "stage1": "Round 3", "stage2": "Round 2", "name": "Amer Delic", "children": [{"ace1": 21, "ace2": 8, "result": "6-4 3-6 4-6 6-3 6-4", "error1": 0.0, "error2": 0.0, "stage1": "Round 2", "stage2": "Round 1", "name": "Amer Delic", "children": [{"name": "Amer Delic", "stage1": "Round 1", "size": 5140}, {"name": "Taylor Dent", "stage1": "Round 1", "size": 4100}]}, {"ace1": 6, "ace2": 3, "result": "6-2 4-1 ret.", "error1": 0.0, "error2": 0.0, "stage1": "Round 2", "stage2": "Round 1", "name": "Paul-Henri Mathieu", "children": [{"name": "Paul-Henri Mathieu", "stage1": "Round 1", "size": 5760}, {"name": "Jarkko Nieminen", "stage1": "Round 1", "size": 4300}]}]}]}, {"ace1": 5, "ace2": 10, "result": "6-2 6-4 6-4", "error1": 29.0, "error2": 45.0, "stage1": "Round 4", "stage2": "Round 3", "name": "Marcos Baghdatis", "children": [{"ace1": 13, "ace2": 7, "result": "3-6 7-5 6-3 6-3", "error1": 47.0, "error2": 69.0, "stage1": "Round 3", "stage2": "Round 2", "name": "Marcos Baghdatis", "children": [{"ace1": 7, "ace2": 4, "result": "6-3 7-6(5) 6-2", "error1": 41.0, "error2": 35.0, "stage1": "Round 2", "stage2": "Round 1", "name": "Marcos Baghdatis", "children": [{"name": "Marcos Baghdatis", "stage1": "Round 1", "size": 5460}, {"name": "Julien Benneteau", "stage1": "Round 1", "size": 3340}]}, {"ace1": 11, "ace2": 20, "result": "5-7 6-4 6-4 7-5", "error1": 0.0, "error2": 0.0, "stage1": "Round 2", "stage2": "Round 1", "name": "Robin Soderling", "children": [{"name": "Robin Soderling", "stage1": "Round 1", "size": 4360}, {"name": "Robert Kendrick", "stage1": "Round 1", "size": 3380}]}]}, {"ace1": 16, "ace2": 5, "result": "6-4 6-1 7-5", "error1": 0.0, "error2": 0.0, "stage1": "Round 3", "stage2": "Round 2", "name": "Mardy Fish", "children": [{"ace1": 18, "ace2": 15, "result": "6-7(3) 6-4 7-5 6-0", "error1": 28.0, "error2": 48.0, "stage1": "Round 2", "stage2": "Round 1", "name": "Mardy Fish", "children": [{"name": "Mardy Fish", "stage1": "Round 1", "size": 5880}, {"name": "Samuel Groth", "stage1": "Round 1", "size": 2920}]}, {"ace1": 3, "ace2": 10, "result": "7-6(5) 7-6(3) 7-5", "error1": 0.0, "error2": 0.0, "stage1": "Round 2", "stage2": "Round 1", "name": "Simone Bolelli", "children": [{"name": "Simone Bolelli", "stage1": "Round 1", "size": 4920}, {"name": "Kristof Vliegen", "stage1": "Round 1", "size": 4040}]}]}]}]}]}]}]}