{"ace1": 11, "ace2": 10, "result": "6-3 6-4 7-6(11)", "error1": 42.0, "error2": 36.0, "stage1": "Champion", "stage2": "Finals", "name": "Roger Federer", "children": [{"ace1": 4, "ace2": 6, "result": "6-2 6-3 6-2", "error1": 13.0, "error2": 27.0, "stage1": "Finals", "stage2": "Semi Finals", "name": "Roger Federer", "children": [{"ace1": 9, "ace2": 1, "result": "2-6 6-3 6-0 7-5", "error1": 43.0, "error2": 50.0, "stage1": "Semi Finals", "stage2": "Quarter Finals", "name": "Roger Federer", "children": [{"ace1": 7, "ace2": 5, "result": "6-2 6-3 6-4", "error1": 27.0, "error2": 18.0, "stage1": "Quarter Finals", "stage2": "Round 4", "name": "Roger Federer", "children": [{"ace1": 10, "ace2": 7, "result": "6-3 6-4 6-4", "error1": 39.0, "error2": 33.0, "stage1": "Round 4", "stage2": "Round 3", "name": "Roger Federer", "children": [{"ace1": 8, "ace2": 3, "result": "6-2 6-3 6-2", "error1": 18.0, "error2": 26.0, "stage1": "Round 3", "stage2": "Round 2", "name": "Roger Federer", "children": [{"ace1": 9, "ace2": 2, "result": "4-6 6-2 7-6(2) 6-0", "error1": 38.0, "error2": 55.0, "stage1": "Round 2", "stage2": "Round 1", "name": "Roger Federer", "children": [{"name": "Roger Federer", "stage1": "Round 1", "size": 5940}, {"name": "Igor Andreev", "stage1": "Round 1", "size": 4380}]}, {"ace1": 6, "ace2": 6, "result": "6-4 6-3 7-6(2)", "error1": 2.0, "error2": 8.0, "stage1": "Round 2", "stage2": "Round 1", "name": "Victor Hanescu", "children": [{"name": "Victor Hanescu", "stage1": "Round 1", "size": 4600}, {"name": "Juan Ignacio Chela", "stage1": "Round 1", "size": 1240}]}]}, {"ace1": 13, "ace2": 3, "result": "4-6 6-7(3) 6-2 6-3 6-2", "error1": 57.0, "error2": 55.0, "stage1": "Round 3", "stage2": "Round 2", "name": "Albert Montanes", "children": [{"ace1": 4, "ace2": 0, "result": "7-6(5) 2-2 ret.", "error1": 4.0, "error2": 4.0, "stage1": "Round 2", "stage2": "Round 1", "name": "Albert Montanes", "children": [{"name": "Albert Montanes", "stage1": "Round 1", "size": 4460}, {"name": "Oscar Hernandez", "stage1": "Round 1", "size": 1280}]}, {"ace1": 3, "ace2": 5, "result": "6-3 7-6(2) 7-6(4)", "error1": 26.0, "error2": 53.0, "stage1": "Round 2", "stage2": "Round 1", "name": "Stephane Robert", "children": [{"name": "Stephane Robert", "stage1": "Round 1", "size": 5360}, {"name": "Potito Starace", "stage1": "Round 1", "size": 2880}]}]}]}, {"ace1": 1, "ace2": 5, "result": "6-0 4-2 ret.", "error1": 8.0, "error2": 26.0, "stage1": "Round 4", "stage2": "Round 3", "name": "Lleyton Hewitt", "children": [{"ace1": 7, "ace2": 8, "result": "7-6(3) 6-4 6-1", "error1": 24.0, "error2": 42.0, "stage1": "Round 3", "stage2": "Round 2", "name": "Lleyton Hewitt", "children": [{"ace1": 10, "ace2": 5, "result": "6-1 6-2 6-3", "error1": 26.0, "error2": 39.0, "stage1": "Round 2", "stage2": "Round 1", "name": "Lleyton Hewitt", "children": [{"name": "Lleyton Hewitt", "stage1": "Round 1", "size": 5560}, {"name": "Ricardo Hocevar", "stage1": "Round 1", "size": 4340}]}, {"ace1": 6, "ace2": 4, "result": "1-6 7-5 6-2 6-4", "error1": 12.0, "error2": 12.0, "stage1": "Round 2", "stage2": "Round 1", "name": "Donald Young", "children": [{"name": "Donald Young", "stage1": "Round 1", "size": 1680}, {"name": "Christophe Rochus", "stage1": "Round 1", "size": 3000}]}]}, {"ace1": 11, "ace2": 1, "result": "4-6 3-6 7-6(4) 6-3 6-1", "error1": 67.0, "error2": 72.0, "stage1": "Round 3", "stage2": "Round 2", "name": "Marcos Baghdatis", "children": [{"ace1": 7, "ace2": 2, "result": "6-2 6-4 6-4", "error1": 30.0, "error2": 50.0, "stage1": "Round 2", "stage2": "Round 1", "name": "Marcos Baghdatis", "children": [{"name": "Marcos Baghdatis", "stage1": "Round 1", "size": 5680}, {"name": "Paolo Lorenzi", "stage1": "Round 1", "size": 4980}]}, {"ace1": 2, "ace2": 0, "result": "6-0 6-0 2-0 ret.", "error1": 11.0, "error2": 26.0, "stage1": "Round 2", "stage2": "Round 1", "name": "David Ferrer", "children": [{"name": "David Ferrer", "stage1": "Round 1", "size": 4840}, {"name": "Frederico Gil", "stage1": "Round 1", "size": 4780}]}]}]}]}, {"ace1": 6, "ace2": 15, "result": "6-2 7-5 4-6 6-7(5) 6-3", "error1": 51.0, "error2": 81.0, "stage1": "Quarter Finals", "stage2": "Round 4", "name": "Nikolay Davydenko", "children": [{"ace1": 6, "ace2": 0, "result": "6-0 6-3 6-4", "error1": 30.0, "error2": 35.0, "stage1": "Round 4", "stage2": "Round 3", "name": "Nikolay Davydenko", "children": [{"ace1": 9, "ace2": 1, "result": "6-3 6-3 6-0", "error1": 19.0, "error2": 32.0, "stage1": "Round 3", "stage2": "Round 2", "name": "Nikolay Davydenko", "children": [{"ace1": 6, "ace2": 0, "result": "6-1 6-0 6-3", "error1": 25.0, "error2": 35.0, "stage1": "Round 2", "stage2": "Round 1", "name": "Nikolay Davydenko", "children": [{"name": "Nikolay Davydenko", "stage1": "Round 1", "size": 5900}, {"name": "Dieter Kindlmann", "stage1": "Round 1", "size": 4140}]}, {"ace1": 7, "ace2": 9, "result": "7-6(2) 7-5 6-3", "error1": 12.0, "error2": 4.0, "stage1": "Round 2", "stage2": "Round 1", "name": "Illya Marchenko", "children": [{"name": "Illya Marchenko", "stage1": "Round 1", "size": 6000}, {"name": "Carlos Moya", "stage1": "Round 1", "size": 4260}]}]}, {"ace1": 5, "ace2": 5, "result": "3-6 3-6 7-6(5) 6-1 6-3", "error1": 31.0, "error2": 46.0, "stage1": "Round 3", "stage2": "Round 2", "name": "Juan Monaco", "children": [{"ace1": 3, "ace2": 8, "result": "6-3 7-6(5) 6-1", "error1": 31.0, "error2": 73.0, "stage1": "Round 2", "stage2": "Round 1", "name": "Juan Monaco", "children": [{"name": "Juan Monaco", "stage1": "Round 1", "size": 4400}, {"name": "Ernests Gulbis", "stage1": "Round 1", "size": 5400}]}, {"ace1": 9, "ace2": 3, "result": "6-3 7-5 6-4", "error1": 8.0, "error2": 4.0, "stage1": "Round 2", "stage2": "Round 1", "name": "Michael Llodra", "children": [{"name": "Michael Llodra", "stage1": "Round 1", "size": 3620}, {"name": "Martin Vassallo Arguello", "stage1": "Round 1", "size": 4560}]}]}]}, {"ace1": 0, "ace2": 0, "result": "6-1 ret.", "error1": 6.0, "error2": 12.0, "stage1": "Round 4", "stage2": "Round 3", "name": "Fernando Verdasco", "children": [{"ace1": 6, "ace2": 0, "result": "6-1 6-2 6-2", "error1": 32.0, "error2": 47.0, "stage1": "Round 3", "stage2": "Round 2", "name": "Fernando Verdasco", "children": [{"ace1": 7, "ace2": 13, "result": "6-7(4) 7-6(1) 7-5 6-2", "error1": 28.0, "error2": 63.0, "stage1": "Round 2", "stage2": "Round 1", "name": "Fernando Verdasco", "children": [{"name": "Fernando Verdasco", "stage1": "Round 1", "size": 6000}, {"name": "Carsten Ball", "stage1": "Round 1", "size": 4160}]}, {"ace1": 10, "ace2": 7, "result": "6-3 7-6(3) 4-6 7-6(8)", "error1": 14.0, "error2": 6.0, "stage1": "Round 2", "stage2": "Round 1", "name": "Ivan Sergeyev", "children": [{"name": "Ivan Sergeyev", "stage1": "Round 1", "size": 3260}, {"name": "Dudi Sela", "stage1": "Round 1", "size": 5100}]}]}, {"ace1": 9, "ace2": 9, "result": "7-6(4) 6-1 6-2", "error1": 8.0, "error2": 10.0, "stage1": "Round 3", "stage2": "Round 2", "name": "Stefan Koubek", "children": [{"ace1": 13, "ace2": 15, "result": "4-6 6-3 5-7 6-1 6-3", "error1": 6.0, "error2": 14.0, "stage1": "Round 2", "stage2": "Round 1", "name": "Stefan Koubek", "children": [{"name": "Stefan Koubek", "stage1": "Round 1", "size": 5800}, {"name": "Rajeev Ram", "stage1": "Round 1", "size": 3020}]}, {"ace1": 19, "ace2": 5, "result": "2-6 1-6 6-4 6-1 6-1", "error1": 10.0, "error2": 6.0, "stage1": "Round 2", "stage2": "Round 1", "name": "Ivan Dodig", "children": [{"name": "Ivan Dodig", "stage1": "Round 1", "size": 4200}, {"name": "Juan Carlos Ferrero", "stage1": "Round 1", "size": 3920}]}]}]}]}]}, {"ace1": 19, "ace2": 2, "result": "7-6(8) 6-7(5) 1-6 6-3 6-1", "error1": 55.0, "error2": 55.0, "stage1": "Semi Finals", "stage2": "Quarter Finals", "name": "Jo-Wilfried Tsonga", "children": [{"ace1": 25, "ace2": 13, "result": "6-3 6-4 4-6 6-7(6) 9-7", "error1": 42.0, "error2": 40.0, "stage1": "Quarter Finals", "stage2": "Round 4", "name": "Jo-Wilfried Tsonga", "children": [{"ace1": 20, "ace2": 9, "result": "6-4 3-6 6-1 7-5", "error1": 29.0, "error2": 38.0, "stage1": "Round 4", "stage2": "Round 3", "name": "Jo-Wilfried Tsonga", "children": [{"ace1": 12, "ace2": 4, "result": "6-4 6-3 6-3", "error1": 10.0, "error2": 33.0, "stage1": "Round 3", "stage2": "Round 2", "name": "Jo-Wilfried Tsonga", "children": [{"ace1": 15, "ace2": 5, "result": "6-3 6-4 6-4", "error1": 24.0, "error2": 41.0, "stage1": "Round 2", "stage2": "Round 1", "name": "Jo-Wilfried Tsonga", "children": [{"name": "Jo-Wilfried Tsonga", "stage1": "Round 1", "size": 5980}, {"name": "Sergiy Stakhovsky", "stage1": "Round 1", "size": 3860}]}, {"ace1": 7, "ace2": 2, "result": "6-1 6-3 6-3", "error1": 26.0, "error2": 32.0, "stage1": "Round 2", "stage2": "Round 1", "name": "Taylor Dent", "children": [{"name": "Taylor Dent", "stage1": "Round 1", "size": 5280}, {"name": "Fabio Fognini", "stage1": "Round 1", "size": 3820}]}]}, {"ace1": 16, "ace2": 14, "result": "4-6 6-4 6-3 1-6 6-3", "error1": 78.0, "error2": 41.0, "stage1": "Round 3", "stage2": "Round 2", "name": "Tommy Haas", "children": [{"ace1": 14, "ace2": 3, "result": "6-7(5) 6-4 6-2 6-1", "error1": 46.0, "error2": 47.0, "stage1": "Round 2", "stage2": "Round 1", "name": "Tommy Haas", "children": [{"name": "Tommy Haas", "stage1": "Round 1", "size": 5020}, {"name": "Simon Greul", "stage1": "Round 1", "size": 3080}]}, {"ace1": 10, "ace2": 5, "result": "6-2 6-4 7-6(3)", "error1": 10.0, "error2": 18.0, "stage1": "Round 2", "stage2": "Round 1", "name": "Janko Tipsarevic", "children": [{"name": "Janko Tipsarevic", "stage1": "Round 1", "size": 5440}, {"name": "Ryan Harrison", "stage1": "Round 1", "size": 4080}]}]}]}, {"ace1": 11, "ace2": 3, "result": "6-4 6-3 6-4", "error1": 37.0, "error2": 35.0, "stage1": "Round 4", "stage2": "Round 3", "name": "Nicolas Almagro", "children": [{"ace1": 17, "ace2": 14, "result": "6-4 6-2 3-6 4-6 6-3", "error1": 39.0, "error2": 55.0, "stage1": "Round 3", "stage2": "Round 2", "name": "Nicolas Almagro", "children": [{"ace1": 15, "ace2": 14, "result": "7-6(12) 6-4 2-6 4-6 8-6", "error1": 10.0, "error2": 6.0, "stage1": "Round 2", "stage2": "Round 1", "name": "Nicolas Almagro", "children": [{"name": "Nicolas Almagro", "stage1": "Round 1", "size": 5740}, {"name": "Xavier Malisse", "stage1": "Round 1", "size": 4720}]}, {"ace1": 8, "ace2": 10, "result": "7-6(5) 7-5 7-5", "error1": 16.0, "error2": 6.0, "stage1": "Round 2", "stage2": "Round 1", "name": "Benjamin Becker", "children": [{"name": "Benjamin Becker", "stage1": "Round 1", "size": 4800}, {"name": "Grega Zemlja", "stage1": "Round 1", "size": 3960}]}]}, {"ace1": 2, "ace2": 3, "result": "6-4 6-1 6-3", "error1": 8.0, "error2": 8.0, "stage1": "Round 3", "stage2": "Round 2", "name": "Alejandro Falla", "children": [{"ace1": 2, "ace2": 2, "result": "7-5 6-3 6-1", "error1": 8.0, "error2": 16.0, "stage1": "Round 2", "stage2": "Round 1", "name": "Alejandro Falla", "children": [{"name": "Alejandro Falla", "stage1": "Round 1", "size": 5540}, {"name": "Marcos Daniel", "stage1": "Round 1", "size": 4500}]}, {"ace1": 11, "ace2": 8, "result": "5-7 2-6 6-4 6-4 6-2", "error1": 40.0, "error2": 67.0, "stage1": "Round 2", "stage2": "Round 1", "name": "Marcel Granollers", "children": [{"name": "Marcel Granollers", "stage1": "Round 1", "size": 3280}, {"name": "Robin Soderling", "stage1": "Round 1", "size": 3840}]}]}]}]}, {"ace1": 11, "ace2": 4, "result": "6-1 6-2 7-5", "error1": 17.0, "error2": 25.0, "stage1": "Quarter Finals", "stage2": "Round 4", "name": "Novak Djokovic", "children": [{"ace1": 3, "ace2": 3, "result": "6-1 6-1 6-2", "error1": 25.0, "error2": 31.0, "stage1": "Round 4", "stage2": "Round 3", "name": "Novak Djokovic", "children": [{"ace1": 12, "ace2": 3, "result": "3-6 6-1 6-1 6-3", "error1": 61.0, "error2": 42.0, "stage1": "Round 3", "stage2": "Round 2", "name": "Novak Djokovic", "children": [{"ace1": 4, "ace2": 5, "result": "7-5 6-3 6-2", "error1": 28.0, "error2": 47.0, "stage1": "Round 2", "stage2": "Round 1", "name": "Novak Djokovic", "children": [{"name": "Novak Djokovic", "stage1": "Round 1", "size": 5700}, {"name": "Daniel Gimeno-Traver", "stage1": "Round 1", "size": 4620}]}, {"ace1": 4, "ace2": 12, "result": "7-6(7) 7-6(3) 4-6 6-3", "error1": 48.0, "error2": 49.0, "stage1": "Round 2", "stage2": "Round 1", "name": "Marco Chiudinelli", "children": [{"name": "Marco Chiudinelli", "stage1": "Round 1", "size": 3980}, {"name": "Marinko Matosevic", "stage1": "Round 1", "size": 4120}]}]}, {"ace1": 9, "ace2": 5, "result": "7-5 6-3 6-4", "error1": 4.0, "error2": 4.0, "stage1": "Round 3", "stage2": "Round 2", "name": "Denis Istomin", "children": [{"ace1": 6, "ace2": 5, "result": "6-2 6-2 6-0", "error1": 4.0, "error2": 14.0, "stage1": "Round 2", "stage2": "Round 1", "name": "Denis Istomin", "children": [{"name": "Denis Istomin", "stage1": "Round 1", "size": 5080}, {"name": "Jeremy Chardy", "stage1": "Round 1", "size": 5220}]}, {"ace1": 10, "ace2": 5, "result": "6-1 6-2 6-1", "error1": 19.0, "error2": 34.0, "stage1": "Round 2", "stage2": "Round 1", "name": "Michael Berrer", "children": [{"name": "Michael Berrer", "stage1": "Round 1", "size": 3940}, {"name": "Kristof Vliegen", "stage1": "Round 1", "size": 5620}]}]}]}, 
{"ace1": 0, "ace2": 0, "result": "Missing", "error1": 0.0, "error2": 0.0, "stage1": "Round 4", "stage2": "Round 3", "name": "Lukasz Kubot", "children": [{"ace1": 17, "ace2": 2, "result": "6-4 3-6 6-3 6-1", "error1": 12.0, "error2": 4.0, "stage1": "Round 3", "stage2": "Round 2", "name": "Lukasz Kubot", "children": [{"ace1": 5, "ace2": 12, "result": "6-3 6-3 6-3", "error1": 6.0, "error2": 6.0, "stage1": "Round 2", "stage2": "Round 1", "name": "Lukasz Kubot", "children": [{"name": "Lukasz Kubot", "stage1": "Round 1", "size": 4860}, {"name": "Mischa Zverev", "stage1": "Round 1", "size": 5380}]}, {"ace1": 2, "ace2": 2, "result": "6-4 6-2 6-2", "error1": 0.0, "error2": 12.0, "stage1": "Round 2", "stage2": "Round 1", "name": "Santiago Giraldo", "children": [{"name": "Santiago Giraldo", "stage1": "Round 1", "size": 4580}, {"name": "Tommy Robredo", "stage1": "Round 1", "size": 4020}]}]}, 
{"ace1": 0, "ace2": 0, "result": "Missing", "error1": 0.0, "error2": 0.0, "stage1": "Round 3", "stage2": "Round 2", "name": "Missing", "children": [{"ace1": 0, "ace2": 0, "result": "Missing", "error1": 0.0, "error2": 0.0, "stage1": "Round 2", "stage2": "Round 1", "name": "Missing", "children": [{"name": "Missing", "stage1": "Round 1", "size": 5260}, {"name": "Missing", "stage1": "Round 1", "size": 3349}]}, {"ace1": 0, "ace2": 0, "result": "Missing", "error1": 0.0, "error2": 0.0, "stage1": "Round 2", "stage2": "Round 1", "name": "Missing", "children": [{"name": "Missing", "stage1": "Round 1", "size": 5270}, {"name": "Missing", "stage1": "Round 1", "size": 4124}]}]}]}
]}]}]},  
{"ace1": 5, "ace2": 6, "result": "3-6 6-4 6-4 6-2", "error1": 29.0, "error2": 54.0, "stage1": "Finals", "stage2": "Semi Finals", "name": "Andy Murray", "children": [{"ace1": 13, "ace2": 1, "result": "6-3 7-6(2) 3-0 ret.", "error1": 25.0, "error2": 26.0, "stage1": "Semi Finals", "stage2": "Quarter Finals", "name": "Andy Murray", "children": [{"ace1": 5, "ace2": 14, "result": "7-6(4) 6-3 6-2", "error1": 8.0, "error2": 41.0, "stage1": "Quarter Finals", "stage2": "Round 4", "name": "Andy Murray", "children": [{"ace1": 14, "ace2": 6, "result": "7-5 6-1 6-4", "error1": 28.0, "error2": 35.0, "stage1": "Round 4", "stage2": "Round 3", "name": "Andy Murray", "children": [{"ace1": 10, "ace2": 1, "result": "6-1 6-4 6-3", "error1": 32.0, "error2": 43.0, "stage1": "Round 3", "stage2": "Round 2", "name": "Andy Murray", "children": [{"ace1": 9, "ace2": 2, "result": "6-1 6-1 6-2", "error1": 19.0, "error2": 32.0, "stage1": "Round 2", "stage2": "Round 1", "name": "Andy Murray", "children": [{"name": "Andy Murray", "stage1": "Round 1", "size": 5240}, {"name": "Kevin Anderson", "stage1": "Round 1", "size": 5820}]}, {"ace1": 14, "ace2": 15, "result": "7-6(2) 7-6(3) 6-3", "error1": 8.0, "error2": 4.0, "stage1": "Round 2", "stage2": "Round 1", "name": "Marc Gicquel", "children": [{"name": "Marc Gicquel", "stage1": "Round 1", "size": 2560}, {"name": "Simone Bolelli", "stage1": "Round 1", "size": 4060}]}]}, {"ace1": 11, "ace2": 9, "result": "3-6 6-4 5-7 7-6(4) 7-5", "error1": 104.0, "error2": 58.0, "stage1": "Round 3", "stage2": "Round 2", "name": "Florent Serra", "children": [{"ace1": 12, "ace2": 10, "result": "6-1 6-7(3) 6-4 4-6 6-3", "error1": 4.0, "error2": 14.0, "stage1": "Round 2", "stage2": "Round 1", "name": "Florent Serra", "children": [{"name": "Florent Serra", "stage1": "Round 1", "size": 4280}, {"name": "Jurgen Melzer", "stage1": "Round 1", "size": 6000}]}, {"ace1": 1, "ace2": 7, "result": "6-2 7-5 6-4", "error1": 21.0, "error2": 31.0, "stage1": "Round 2", "stage2": "Round 1", "name": "Jarkko Nieminen", "children": [{"name": "Jarkko Nieminen", "stage1": "Round 1", "size": 4320}, {"name": "Nick Lindahl", "stage1": "Round 1", "size": 1840}]}]}]}, {"ace1": 26, "ace2": 12, "result": "6-1 4-6 7-6(4) 7-6(5)", "error1": 38.0, "error2": 28.0, "stage1": "Round 4", "stage2": "Round 3", "name": "John Isner", "children": [{"ace1": 21, "ace2": 11, "result": "6-3 7-6(4) 7-5", "error1": 51.0, "error2": 19.0, "stage1": "Round 3", "stage2": "Round 2", "name": "John Isner", "children": [{"ace1": 34, "ace2": 10, "result": "6-3 6-3 3-6 5-7 6-4", "error1": 10.0, "error2": 10.0, "stage1": "Round 2", "stage2": "Round 1", "name": "John Isner", "children": [{"name": "John Isner", "stage1": "Round 1", "size": 5840}, {"name": "Andreas Seppi", "stage1": "Round 1", "size": 920}]}, {"ace1": 6, "ace2": 0, "result": "6-4 3-6 6-2 6-1", "error1": 4.0, "error2": 6.0, "stage1": "Round 2", "stage2": "Round 1", "name": "Louk Sorensen", "children": [{"name": "Louk Sorensen", "stage1": "Round 1", "size": 5260}, {"name": "Yen-Hsun Lu", "stage1": "Round 1", "size": 3520}]}]}, {"ace1": 7, "ace2": 2, "result": "6-4 6-4 6-4", "error1": 39.0, "error2": 24.0, "stage1": "Round 3", "stage2": "Round 2", "name": "Gael Monfils", "children": [{"ace1": 4, "ace2": 2, "result": "6-4 6-4 6-4", "error1": 30.0, "error2": 38.0, "stage1": "Round 2", "stage2": "Round 1", "name": "Gael Monfils", "children": [{"name": "Gael Monfils", "stage1": "Round 1", "size": 5300}, {"name": "Matthew Ebden", "stage1": "Round 1", "size": 4440}]}, {"ace1": 7, "ace2": 2, "result": "6-4 3-6 6-7(3) 6-1 6-4", "error1": 30.0, "error2": 38.0, "stage1": "Round 2", "stage2": "Round 1", "name": "Antonio Veic", "children": [{"name": "Antonio Veic", "stage1": "Round 1", "size": 3900}, {"name": "Daniel Koellerer", "stage1": "Round 1", "size": 3800}]}]}]}]}, {"ace1": 2, "ace2": 28, "result": "6-4 4-6 6-4 6-4", "error1": 15.0, "error2": 42.0, "stage1": "Quarter Finals", "stage2": "Round 4", "name": "Rafael Nadal", "children": [{"ace1": 6, "ace2": 11, "result": "6-4 6-2 2-6 7-5", "error1": 38.0, "error2": 58.0, "stage1": "Round 4", "stage2": "Round 3", "name": "Rafael Nadal", "children": [{"ace1": 1, "ace2": 2, "result": "6-2 6-2 6-2", "error1": 30.0, "error2": 58.0, "stage1": "Round 3", "stage2": "Round 2", "name": "Rafael Nadal", "children": [{"ace1": 11, "ace2": 7, "result": "7-6(0) 6-1 6-4", "error1": 16.0, "error2": 38.0, "stage1": "Round 2", "stage2": "Round 1", "name": "Rafael Nadal", "children": [{"name": "Rafael Nadal", "stage1": "Round 1", "size": 5720}, {"name": "Peter Luczak", "stage1": "Round 1", "size": 3560}]}, {"ace1": 7, "ace2": 7, "result": "6-4 6-4 6-0", "error1": 4.0, "error2": 6.0, "stage1": "Round 2", "stage2": "Round 1", "name": "Lukas Lacko", "children": [{"name": "Lukas Lacko", "stage1": "Round 1", "size": 5040}, {"name": "Leonardo Mayer", "stage1": "Round 1", "size": 2800}]}]}, {"ace1": 16, "ace2": 8, "result": "6-4 3-6 6-3 6-2", "error1": 6.0, "error2": 22.0, "stage1": "Round 3", "stage2": "Round 2", "name": "Philipp Kohlschreiber", "children": [{"ace1": 10, "ace2": 7, "result": "6-1 7-5 6-1", "error1": 8.0, "error2": 6.0, "stage1": "Round 2", "stage2": "Round 1", "name": "Philipp Kohlschreiber", "children": [{"name": "Philipp Kohlschreiber", "stage1": "Round 1", "size": 5520}, {"name": "Horacio Zeballos", "stage1": "Round 1", "size": 1660}]}, {"ace1": 6, "ace2": 1, "result": "4-6 6-1 6-4 6-2", "error1": 6.0, "error2": 8.0, "stage1": "Round 2", "stage2": "Round 1", "name": "Wayne Odesnik", "children": [{"name": "Wayne Odesnik", "stage1": "Round 1", "size": 4680}, {"name": "Blaz Kavcic", "stage1": "Round 1", "size": 460}]}]}]}, {"ace1": 33, "ace2": 14, "result": "6-3 3-6 6-3 7-6(7)", "error1": 36.0, "error2": 25.0, "stage1": "Round 4", "stage2": "Round 3", "name": "Ivo Karlovic", "children": [{"ace1": 26, "ace2": 7, "result": "2-6 6-1 6-3 6-3", "error1": 4.0, "error2": 8.0, "stage1": "Round 3", "stage2": "Round 2", "name": "Ivo Karlovic", "children": [{"ace1": 0, "ace2": 0, "result": "Missing", "error1": 0.0, "error2": 0.0, "stage1": "Round 2", "stage2": "Round 1", "name": "Ivo Karlovic", "children": [{"name": "Ivo Karlovic", "stage1": "Round 1", "size": 5920}, {"name": "Missing", "stage1": "Round 1", "size": 5000}]}, {"ace1": 4, "ace2": 1, "result": "0-6 6-4 7-6(4) 7-6(2)", "error1": 14.0, "error2": 10.0, "stage1": "Round 2", "stage2": "Round 1", "name": "Julien Benneteau", "children": [{"name": "Julien Benneteau", "stage1": "Round 1", "size": 5120}, {"name": "David Guez", "stage1": "Round 1", "size": 4740}]}]}, {"ace1": 12, "ace2": 6, "result": "6-3 3-6 6-2 6-3", "error1": 6.0, "error2": 18.0, "stage1": "Round 3", "stage2": "Round 2", "name": "Ivan Ljubicic", "children": [{"ace1": 4, "ace2": 3, "result": "6-1 6-2 6-2", "error1": 19.0, "error2": 32.0, "stage1": "Round 2", "stage2": "Round 1", "name": "Ivan Ljubicic", "children": [{"name": "Ivan Ljubicic", "stage1": "Round 1", "size": 4540}, {"name": "Jason Murray Kubler", "stage1": "Round 1", "size": 3760}]}, {"ace1": 4, "ace2": 3, "result": "6-2 1-6 6-3 6-3", "error1": 53.0, "error2": 52.0, "stage1": "Round 2", "stage2": "Round 1", "name": "Andrey Golubev", "children": [{"name": "Andrey Golubev", "stage1": "Round 1", "size": 4540}, {"name": "Mardy Fish", "stage1": "Round 1", "size": 3760}]}]}]}]}]}, {"ace1": 20, "ace2": 15, "result": "7-6(4) 6-3 3-6 2-6 6-3", "error1": 53.0, "error2": 51.0, "stage1": "Semi Finals", "stage2": "Quarter Finals", "name": "Marin Cilic", "children": [{"ace1": 20, "ace2": 19, "result": "5-7 6-4 7-5 5-7 6-3", "error1": 71.0, "error2": 58.0, "stage1": "Quarter Finals", "stage2": "Round 4", "name": "Marin Cilic", "children": [{"ace1": 10, "ace2": 11, "result": "4-6 6-4 6-3 6-3", "error1": 56.0, "error2": 49.0, "stage1": "Round 4", "stage2": "Round 3", "name": "Marin Cilic", "children": [{"ace1": 25, "ace2": 4, "result": "6-7(6) 6-3 4-6 6-2 6-4", "error1": 70.0, "error2": 63.0, "stage1": "Round 3", "stage2": "Round 2", "name": "Marin Cilic", "children": [{"ace1": 6, "ace2": 0, "result": "7-5 7-5 6-3", "error1": 53.0, "error2": 18.0, "stage1": "Round 2", "stage2": "Round 1", "name": "Marin Cilic", "children": [{"name": "Marin Cilic", "stage1": "Round 1", "size": 5960}, {"name": "Fabrice Santoro", "stage1": "Round 1", "size": 3480}]}, {"ace1": 5, "ace2": 2, "result": "6-3 6-4 6-4", "error1": 30.0, "error2": 52.0, "stage1": "Round 2", "stage2": "Round 1", "name": "Bernard Tomic", "children": [{"name": "Bernard Tomic", "stage1": "Round 1", "size": 4240}, {"name": "Guillaume Rufin", "stage1": "Round 1", "size": 4960}]}]}, {"ace1": 12, "ace2": 2, "result": "6-3 6-2 6-2", "error1": 43.0, "error2": 37.0, "stage1": "Round 3", "stage2": "Round 2", "name": "Stanislas Wawrinka", "children": [{"ace1": 6, "ace2": 1, "result": "6-3 6-3 6-2", "error1": 27.0, "error2": 40.0, "stage1": "Round 2", "stage2": "Round 1", "name": "Stanislas Wawrinka", "children": [{"name": "Stanislas Wawrinka", "stage1": "Round 1", "size": 5340}, {"name": "Guillermo Garcia-Lopez", "stage1": "Round 1", "size": 3740}]}, {"ace1": 5, "ace2": 9, "result": "6-1 2-6 6-4 6-2", "error1": 4.0, "error2": 12.0, "stage1": "Round 2", "stage2": "Round 1", "name": "Igor Kunitsyn", "children": [{"name": "Igor Kunitsyn", "stage1": "Round 1", "size": 4160}, {"name": "Jose Acasuso", "stage1": "Round 1", "size": 4820}]}]}]}, {"ace1": 11, "ace2": 5, "result": "6-3 0-6 6-4 7-5", "error1": 46.0, "error2": 24.0, "stage1": "Round 4", "stage2": "Round 3", "name": "Juan Martin Del Potro", "children": [{"ace1": 19, "ace2": 16, "result": "6-4 6-7(3) 5-7 6-3 10-8", "error1": 60.0, "error2": 60.0, "stage1": "Round 3", "stage2": "Round 2", "name": "Juan Martin Del Potro", "children": [{"ace1": 21, "ace2": 4, "result": "6-4 6-4 3-6 6-2", "error1": 61.0, "error2": 54.0, "stage1": "Round 2", "stage2": "Round 1", "name": "Juan Martin Del Potro", "children": [{"name": "Juan Martin Del Potro", "stage1": "Round 1", "size": 5500}, {"name": "Michael Russell", "stage1": "Round 1", "size": 4420}]}, {"ace1": 9, "ace2": 2, "result": "7-5 7-5 6-2", "error1": 26.0, "error2": 29.0, "stage1": "Round 2", "stage2": "Round 1", "name": "James Blake", "children": [{"name": "James Blake", "stage1": "Round 1", "size": 4000}, {"name": "Arnaud Clement", "stage1": "Round 1", "size": 100}]}]}, {"ace1": 6, "ace2": 26, "result": "4-6 6-4 7-6(2) 6-1", "error1": 0.0, "error2": 18.0, "stage1": "Round 3", "stage2": "Round 2", "name": "Florian Mayer", "children": [{"ace1": 4, "ace2": 7, "result": "0-6 2-6 6-4 6-2 6-2", "error1": 4.0, "error2": 12.0, "stage1": "Round 2", "stage2": "Round 1", "name": "Florian Mayer", "children": [{"name": "Florian Mayer", "stage1": "Round 1", "size": 4640}, {"name": "Philipp Petzschner", "stage1": "Round 1", "size": 5640}]}, {"ace1": 15, "ace2": 2, "result": "4-6 6-3 6-1 6-3", "error1": 6.0, "error2": 6.0, "stage1": "Round 2", "stage2": "Round 1", "name": "Viktor Troicki", "children": [{"name": "Viktor Troicki", "stage1": "Round 1", "size": 5180}, {"name": "Nicolas Lapentti", "stage1": "Round 1", "size": 4480}]}]}]}]}, {"ace1": 32, "ace2": 17, "result": "6-3 3-6 4-6 7-5 6-2", "error1": 17.0, "error2": 49.0, "stage1": "Quarter Finals", "stage2": "Round 4", "name": "Andy Roddick", "children": [{"ace1": 29, "ace2": 29, "result": "6-7(4) 6-4 6-4 7-6(3)", "error1": 21.0, "error2": 60.0, "stage1": "Round 4", "stage2": "Round 3", "name": "Andy Roddick", "children": [{"ace1": 11, "ace2": 8, "result": "6-3 6-4 6-4", "error1": 13.0, "error2": 43.0, "stage1": "Round 3", "stage2": "Round 2", "name": "Andy Roddick", "children": [{"ace1": 7, "ace2": 17, "result": "6-1 6-4 6-4", "error1": 23.0, "error2": 42.0, "stage1": "Round 2", "stage2": "Round 1", "name": "Andy Roddick", "children": [{"name": "Andy Roddick", "stage1": "Round 1", "size": 5480}, {"name": "Thiemo de Bakker", "stage1": "Round 1", "size": 4520}]}, {"ace1": 9, "ace2": 3, "result": "6-3 7-5 4-6 6-4", "error1": 12.0, "error2": 26.0, "stage1": "Round 2", "stage2": "Round 1", "name": "Thomaz Bellucci", "children": [{"name": "Thomaz Bellucci", "stage1": "Round 1", "size": 2600}, {"name": "Teimuraz Gabashvili", "stage1": "Round 1", "size": 4460}]}]}, {"ace1": 11, "ace2": 2, "result": "6-3 2-6 6-3 6-2", "error1": 57.0, "error2": 50.0, "stage1": "Round 3", "stage2": "Round 2", "name": "Feliciano Lopez", "children": [{"ace1": 13, "ace2": 7, "result": "6-1 6-4 7-5", "error1": 4.0, "error2": 16.0, "stage1": "Round 2", "stage2": "Round 1", "name": "Feliciano Lopez", "children": [{"name": "Feliciano Lopez", "stage1": "Round 1", "size": 5140}, {"name": "Pablo Cuevas", "stage1": "Round 1", "size": 4100}]}, {"ace1": 1, "ace2": 15, "result": "6-3 2-6 6-4 6-3", "error1": 10.0, "error2": 12.0, "stage1": "Round 2", "stage2": "Round 1", "name": "Rainer Schuettler", "children": [{"name": "Rainer Schuettler", "stage1": "Round 1", "size": 5760}, {"name": "Sam Querrey", "stage1": "Round 1", "size": 4300}]}]}]}, {"ace1": 20, "ace2": 16, "result": "6-7(5) 6-3 1-6 6-3 6-4", "error1": 41.0, "error2": 50.0, "stage1": "Round 4", "stage2": "Round 3", "name": "Fernando Gonzalez", "children": [{"ace1": 14, "ace2": 5, "result": "6-3 6-4 7-5", "error1": 44.0, "error2": 24.0, "stage1": "Round 3", "stage2": "Round 2", "name": "Fernando Gonzalez", "children": [{"ace1": 19, "ace2": 5, "result": "6-3 6-4 3-6 6-1", "error1": 32.0, "error2": 18.0, "stage1": "Round 2", "stage2": "Round 1", "name": "Fernando Gonzalez", "children": [{"name": "Fernando Gonzalez", "stage1": "Round 1", "size": 5460}, {"name": "Olivier Rochus", "stage1": "Round 1", "size": 3340}]}, {"ace1": 1, "ace2": 4, "result": "6-4 6-3 7-5", "error1": 32.0, "error2": 18.0, "stage1": "Round 2", "stage2": "Round 1", "name": "Marsel Ilhan", "children": [{"name": "Marsel Ilhan", "stage1": "Round 1", "size": 4360}, {"name": "Sebastien Grosjean", "stage1": "Round 1", "size": 3380}]}]}, {"ace1": 4, "ace2": 4, "result": "6-4 6-4 7-5", "error1": 10.0, "error2": 8.0, "stage1": "Round 3", "stage2": "Round 2", "name": "Evgeny Korolev", "children": [{"ace1": 2, "ace2": 10, "result": "6-2 7-5 7-5", "error1": 14.0, "error2": 10.0, "stage1": "Round 2", "stage2": "Round 1", "name": "Evgeny Korolev", "children": [{"name": "Evgeny Korolev", "stage1": "Round 1", "size": 5880}, {"name": "Daniel Brands", "stage1": "Round 1", "size": 2920}]}, {"ace1": 2, "ace2": 5, "result": "6-0 6-3 6-3", "error1": 2.0, "error2": 10.0, "stage1": "Round 2", "stage2": "Round 1", "name": "Tomas Berdych", "children": [{"name": "Tomas Berdych", "stage1": "Round 1", "size": 4920}, {"name": "Robin Haase", "stage1": "Round 1", "size": 4040}]}]}]}]}]}]}]}