{"ace1": 6, "ace2": 6, "result": "6-4 6-2 6-3", "error1": 33.0, "error2": 47.0, "stage1": "Champion", "stage2": "Finals", "name": "Novak Djokovic", "children": [{"ace1": 6, "ace2": 5, "result": "7-6(3) 7-5 6-4", "error1": 35.0, "error2": 44.0, "stage1": "Finals", "stage2": "Semi Finals", "name": "Novak Djokovic", "children": [{"ace1": 10, "ace2": 5, "result": "6-1 7-6(5) 6-1", "error1": 21.0, "error2": 32.0, "stage1": "Semi Finals", "stage2": "Quarter Finals", "name": "Novak Djokovic", "children": [{"ace1": 12, "ace2": 5, "result": "6-3 6-4 6-0", "error1": 17.0, "error2": 35.0, "stage1": "Quarter Finals", "stage2": "Round 4", "name": "Novak Djokovic", "children": [{"ace1": 1, "ace2": 2, "result": "6-2 ret.", "error1": 8.0, "error2": 17.0, "stage1": "Round 4", "stage2": "Round 3", "name": "Novak Djokovic", "children": [{"ace1": 9, "ace2": 8, "result": "7-5 6-7(8) 6-0 6-2", "error1": 50.0, "error2": 39.0, "stage1": "Round 3", "stage2": "Round 2", "name": "Novak Djokovic", "children": [{"ace1": 7, "ace2": 3, "result": "6-1 6-3 6-1", "error1": 17.0, "error2": 26.0, "stage1": "Round 2", "stage2": "Round 1", "name": "Novak Djokovic", "children": [{"name": "Novak Djokovic", "stage1": "Round 1", "size": 5940}, {"name": "Marcel Granollers", "stage1": "Round 1", "size": 4380}]}, {"ace1": 10, "ace2": 48, "result": "6-4 3-6 6-7(5) 6-4 6-4", "error1": 0.0, "error2": 0.0, "stage1": "Round 2", "stage2": "Round 1", "name": "Ivan Dodig", "children": [{"name": "Ivan Dodig", "stage1": "Round 1", "size": 4600}, {"name": "Ivo Karlovic", "stage1": "Round 1", "size": 1240}]}]}, {"ace1": 12, "ace2": 7, "result": "6-4 6-2 1-6 6-3", "error1": 0.0, "error2": 0.0, "stage1": "Round 3", "stage2": "Round 2", "name": "Viktor Troicki", "children": [{"ace1": 10, "ace2": 8, "result": "6-2 3-6 6-2 6-0", "error1": 0.0, "error2": 0.0, "stage1": "Round 2", "stage2": "Round 1", "name": "Viktor Troicki", "children": [{"name": "Viktor Troicki", "stage1": "Round 1", "size": 4460}, {"name": "Dmitry Tursunov", "stage1": "Round 1", "size": 4180}]}, {"ace1": 7, "ace2": 1, "result": "6-3 6-4 6-4", "error1": 0.0, "error2": 0.0, "stage1": "Round 2", "stage2": "Round 1", "name": "Nicolas Mahut", "children": [{"name": "Nicolas Mahut", "stage1": "Round 1", "size": 5360}, {"name": "Brian Dabul", "stage1": "Round 1", "size": 2880}]}]}]}, {"ace1": 11, "ace2": 10, "result": "6-4 7-6(8) 6-3", "error1": 26.0, "error2": 34.0, "stage1": "Round 4", "stage2": "Round 3", "name": "Nicolas Almagro", "children": [{"ace1": 10, "ace2": 20, "result": "7-5 2-6 4-6 7-6(10) 7-5", "error1": 51.0, "error2": 63.0, "stage1": "Round 3", "stage2": "Round 2", "name": "Nicolas Almagro", "children": [{"ace1": 22, "ace2": 7, "result": "6-4 6-3 6-7(4) 7-5", "error1": 0.0, "error2": 0.0, "stage1": "Round 2", "stage2": "Round 1", "name": "Nicolas Almagro", "children": [{"name": "Nicolas Almagro", "stage1": "Round 1", "size": 5560}, {"name": "Stephane Robert", "stage1": "Round 1", "size": 4340}]}, {"ace1": 6, "ace2": 0, "result": "6-3 7-6(3) 6-3", "error1": 0.0, "error2": 0.0, "stage1": "Round 2", "stage2": "Round 1", "name": "Igor Andreev", "children": [{"name": "Igor Andreev", "stage1": "Round 1", "size": 1680}, {"name": "Filippo Volandri", "stage1": "Round 1", "size": 3000}]}]}, {"ace1": 8, "ace2": 13, "result": "6-3 6-7(2) 6-4 7-6(5)", "error1": 29.0, "error2": 66.0, "stage1": "Round 3", "stage2": "Round 2", "name": "Ivan Ljubicic", "children": [{"ace1": 19, "ace2": 8, "result": "6-3 6-3 7-6(2)", "error1": 38.0, "error2": 31.0, "stage1": "Round 2", "stage2": "Round 1", "name": "Ivan Ljubicic", "children": [{"name": "Ivan Ljubicic", "stage1": "Round 1", "size": 5680}, {"name": "Peter Luczak", "stage1": "Round 1", "size": 4980}]}, {"ace1": 8, "ace2": 2, "result": "6-1 7-5 6-1", "error1": 0.0, "error2": 0.0, "stage1": "Round 2", "stage2": "Round 1", "name": "Benoit Paire", "children": [{"name": "Benoit Paire", "stage1": "Round 1", "size": 4840}, {"name": "Flavio Cipolla", "stage1": "Round 1", "size": 4780}]}]}]}]}, {"ace1": 11, "ace2": 10, "result": "6-4 6-2 6-3", "error1": 8.0, "error2": 39.0, "stage1": "Quarter Finals", "stage2": "Round 4", "name": "Tomas Berdych", "children": [{"ace1": 9, "ace2": 9, "result": "6-2 7-6(3) 6-2", "error1": 17.0, "error2": 38.0, "stage1": "Round 4", "stage2": "Round 3", "name": "Tomas Berdych", "children": [{"ace1": 11, "ace2": 13, "result": "4-6 6-2 6-3 6-4", "error1": 25.0, "error2": 48.0, "stage1": "Round 3", "stage2": "Round 2", "name": "Tomas Berdych", "children": [{"ace1": 2, "ace2": 0, "result": "6-4 6-0 6-2", "error1": 16.0, "error2": 38.0, "stage1": "Round 2", "stage2": "Round 1", "name": "Tomas Berdych", "children": [{"name": "Tomas Berdych", "stage1": "Round 1", "size": 5900}, {"name": "Marco Crugnola", "stage1": "Round 1", "size": 4140}]}, {"ace1": 7, "ace2": 6, "result": "1-6 4-6 7-6(6) 6-4 6-4", "error1": 0.0, "error2": 0.0, "stage1": "Round 2", "stage2": "Round 1", "name": "Philipp Kohlschreiber", "children": [{"name": "Philipp Kohlschreiber", "stage1": "Round 1", "size": 6000}, {"name": "Tobias Kamke", "stage1": "Round 1", "size": 4260}]}]}, {"ace1": 11, "ace2": 5, "result": "6-3 7-6(4) 6-4", "error1": 33.0, "error2": 46.0, "stage1": "Round 3", "stage2": "Round 2", "name": "Richard Gasquet", "children": [{"ace1": 5, "ace2": 2, "result": "6-3 6-4 6-4", "error1": 24.0, "error2": 29.0, "stage1": "Round 2", "stage2": "Round 1", "name": "Richard Gasquet", "children": [{"name": "Richard Gasquet", "stage1": "Round 1", "size": 4400}, {"name": "Frank Dancevic", "stage1": "Round 1", "size": 5400}]}, {"ace1": 4, "ace2": 9, "result": "6-4 6-3 6-4", "error1": 0.0, "error2": 0.0, "stage1": "Round 2", "stage2": "Round 1", "name": "Adrian Mannarino", "children": [{"name": "Adrian Mannarino", "stage1": "Round 1", "size": 3620}, {"name": "Ryan Harrison", "stage1": "Round 1", "size": 4560}]}]}]}, {"ace1": 3, "ace2": 1, "result": "6-2 6-4 6-3", "error1": 30.0, "error2": 27.0, "stage1": "Round 4", "stage2": "Round 3", "name": "Fernando Verdasco", "children": [{"ace1": 23, "ace2": 17, "result": "2-6 4-6 6-4 7-6(0) 6-0", "error1": 65.0, "error2": 48.0, "stage1": "Round 3", "stage2": "Round 2", "name": "Fernando Verdasco", "children": [{"ace1": 8, "ace2": 5, "result": "6-1 6-3 6-2", "error1": 18.0, "error2": 35.0, "stage1": "Round 2", "stage2": "Round 1", "name": "Fernando Verdasco", "children": [{"name": "Fernando Verdasco", "stage1": "Round 1", "size": 6000}, {"name": "Rainer Schuettler", "stage1": "Round 1", "size": 4160}]}, {"ace1": 13, "ace2": 7, "result": "6-3 6-1 6-4", "error1": 0.0, "error2": 0.0, "stage1": "Round 2", "stage2": "Round 1", "name": "Janko Tipsarevic", "children": [{"name": "Janko Tipsarevic", "stage1": "Round 1", "size": 3260}, {"name": "Mischa Zverev", "stage1": "Round 1", "size": 5100}]}]}, {"ace1": 2, "ace2": 6, "result": "6-4 6-3 0-6 6-3", "error1": 34.0, "error2": 46.0, "stage1": "Round 3", "stage2": "Round 2", "name": "Kei Nishikori", "children": [{"ace1": 6, "ace2": 3, "result": "6-1 6-4 6-7(4) 6-4", "error1": 52.0, "error2": 64.0, "stage1": "Round 2", "stage2": "Round 1", "name": "Kei Nishikori", "children": [{"name": "Kei Nishikori", "stage1": "Round 1", "size": 5800}, {"name": "Fabio Fognini", "stage1": "Round 1", "size": 3020}]}, {"ace1": 3, "ace2": 4, "result": "6-3 4-6 7-6(4) 6-4", "error1": 0.0, "error2": 0.0, "stage1": "Round 2", "stage2": "Round 1", "name": "Florian Mayer", "children": [{"name": "Florian Mayer", "stage1": "Round 1", "size": 4200}, {"name": "Nikolay Davydenko", "stage1": "Round 1", "size": 3920}]}]}]}]}]}, {"ace1": 5, "ace2": 1, "result": "6-1 6-3 6-3", "error1": 24.0, "error2": 30.0, "stage1": "Semi Finals", "stage2": "Quarter Finals", "name": "Roger Federer", "children": [{"ace1": 10, "ace2": 6, "result": "6-3 3-6 6-3 6-2", "error1": 40.0, "error2": 21.0, "stage1": "Quarter Finals", "stage2": "Round 4", "name": "Roger Federer", "children": [{"ace1": 6, "ace2": 4, "result": "6-3 6-3 6-1", "error1": 36.0, "error2": 30.0, "stage1": "Round 4", "stage2": "Round 3", "name": "Roger Federer", "children": [{"ace1": 11, "ace2": 9, "result": "6-2 6-3 4-6 4-6 6-3", "error1": 53.0, "error2": 40.0, "stage1": "Round 3", "stage2": "Round 2", "name": "Roger Federer", "children": [{"ace1": 8, "ace2": 3, "result": "6-1 6-1 6-3", "error1": 18.0, "error2": 27.0, "stage1": "Round 2", "stage2": "Round 1", "name": "Roger Federer", "children": [{"name": "Roger Federer", "stage1": "Round 1", "size": 6920}, {"name": "Lukas Lacko", "stage1": "Round 1", "size": 2570}]}, {"ace1": 6, "ace2": 3, "result": "6-7(3) 6-2 6-4 6-2", "error1": 35.0, "error2": 63.0, "stage1": "Round 2", "stage2": "Round 1", "name": "Gilles Simon", "children": [{"name": "Gilles Simon", "stage1": "Round 1", "size": 4160}, {"name": "Yen-Hsun Lu", "stage1": "Round 1", "size": 2490}]}]}, {"ace1": 7, "ace2": 5, "result": "6-4 6-0 6-1", "error1": 0.0, "error2": 0.0, "stage1": "Round 3", "stage2": "Round 2", "name": "Xavier Malisse", "children": [{"ace1": 1, "ace2": 1, "result": "6-1 6-2 7-6(3)", "error1": 0.0, "error2": 0.0, "stage1": "Round 2", "stage2": "Round 1", "name": "Xavier Malisse", "children": [{"name": "Xavier Malisse", "stage1": "Round 1", "size": 4250}, {"name": "Pablo Andujar", "stage1": "Round 1", "size": 2460}]}, {"ace1": 1, "ace2": 29, "result": "6-4 6-2 3-6 2-6 7-5", "error1": 0.0, "error2": 0.0, "stage1": "Round 2", "stage2": "Round 1", "name": "Albert Montanes", "children": [{"name": "Albert Montanes", "stage1": "Round 1", "size": 4180}, {"name": "Dustin Brown", "stage1": "Round 1", "size": 3230}]}]}]}, {"ace1": 3, "ace2": 2, "result": "5-7 6-2 6-4 6-2", "error1": 40.0, "error2": 21.0, "stage1": "Round 4", "stage2": "Round 3", "name": "Tommy Robredo", "children": [{"ace1": 1, "ace2": 13, "result": "1-6 6-3 6-3 6-3", "error1": 27.0, "error2": 51.0, "stage1": "Round 3", "stage2": "Round 2", "name": "Tommy Robredo", "children": [{"ace1": 9, "ace2": 6, "result": "7-6(4) 6-3 6-4", "error1": 0.0, "error2": 0.0, "stage1": "Round 2", "stage2": "Round 1", "name": "Tommy Robredo", "children": [{"name": "Tommy Robredo", "stage1": "Round 1", "size": 7490}, {"name": "Somdev Devvarman", "stage1": "Round 1", "size": 4580}]}, {"ace1": 12, "ace2": 10, "result": "2-6 4-6 6-3 7-5 6-3", "error1": 50.0, "error2": 42.0, "stage1": "Round 2", "stage2": "Round 1", "name": "Mardy Fish", "children": [{"name": "Mardy Fish", "stage1": "Round 1", "size": 4760}, {"name": "Victor Hanescu", "stage1": "Round 1", "size": 3150}]}]}, {"ace1": 9, "ace2": 5, "result": "6-3 6-4 6-4", "error1": 22.0, "error2": 36.0, "stage1": "Round 3", "stage2": "Round 2", "name": "Sergiy Stakhovsky", "children": [{"ace1": 7, "ace2": 5, "result": "6-2 6-3 6-4", "error1": 0.0, "error2": 0.0, "stage1": "Round 2", "stage2": "Round 1", "name": "Sergiy Stakhovsky", "children": [{"name": "Sergiy Stakhovsky", "stage1": "Round 1", "size": 6250}, {"name": "Daniel Brands", "stage1": "Round 1", "size": 4370}]}, {"ace1": 7, "ace2": 19, "result": "5-7 6-2 3-6 6-1 8-6", "error1": 47.0, "error2": 25.0, "stage1": "Round 2", "stage2": "Round 1", "name": "Lukasz Kubot", "children": [{"name": "Lukasz Kubot", "stage1": "Round 1", "size": 3020}, {"name": "Sam Querrey", "stage1": "Round 1", "size": 2010}]}]}]}]}, {"ace1": 24, "ace2": 9, "result": "6-3 6-4 6-4", "error1": 19.0, "error2": 19.0, "stage1": "Quarter Finals", "stage2": "Round 4", "name": "Stanislas Wawrinka", "children": [{"ace1": 11, "ace2": 3, "result": "7-6(4) 6-2 6-3", "error1": 35.0, "error2": 34.0, "stage1": "Round 4", "stage2": "Round 3", "name": "Stanislas Wawrinka", "children": [{"ace1": 8, "ace2": 2, "result": "7-5 6-3 6-3", "error1": 11.0, "error2": 27.0, "stage1": "Round 3", "stage2": "Round 2", "name": "Stanislas Wawrinka", "children": [{"ace1": 11, "ace2": 6, "result": "7-6(3) 6-4 6-4", "error1": 42.0, "error2": 52.0, "stage1": "Round 2", "stage2": "Round 1", "name": "Stanislas Wawrinka", "children": [{"name": "Stanislas Wawrinka", "stage1": "Round 1", "size": 8200}, {"name": "Teimuraz Gabashvili", "stage1": "Round 1", "size": 3120}]}, {"ace1": 2, "ace2": 2, "result": "6-1 6-4 6-2", "error1": 0.0, "error2": 0.0, "stage1": "Round 2", "stage2": "Round 1", "name": "Grigor Dimitrov", "children": [{"name": "Grigor Dimitrov", "stage1": "Round 1", "size": 3100}, {"name": "Andrey Golubev", "stage1": "Round 1", "size": 2920}]}]}, {"ace1": 8, "ace2": 0, "result": "6-4 6-3 1-6 6-2", "error1": 41.0, "error2": 40.0, "stage1": "Round 3", "stage2": "Round 2", "name": "Gael Monfils", "children": [{"ace1": 13, "ace2": 14, "result": "6-7(5) 2-6 7-5 6-2 6-1", "error1": 33.0, "error2": 71.0, "stage1": "Round 2", "stage2": "Round 1", "name": "Gael Monfils", "children": [{"name": "Gael Monfils", "stage1": "Round 1", "size": 5920}, {"name": "Thiemo de Bakker", "stage1": "Round 1", "size": 5010}]}, {"ace1": 4, "ace2": 20, "result": "6-4 6-7(7) 4-6 6-3 9-7", "error1": 0.0, "error2": 0.0, "stage1": "Round 2", "stage2": "Round 1", "name": "Frederico Gil", "children": [{"name": "Frederico Gil", "stage1": "Round 1", "size": 3120}, {"name": "Pablo Cuevas", "stage1": "Round 1", "size": 4220}]}]}]}, {"ace1": 32, "ace2": 10, "result": "2-6 7-6(2) 6-2 6-2", "error1": 22.0, "error2": 32.0, "stage1": "Round 4", "stage2": "Round 3", "name": "Andy Roddick", "children": [{"ace1": 17, "ace2": 4, "result": "7-6(7) 6-2 6-3", "error1": 16.0, "error2": 33.0, "stage1": "Round 3", "stage2": "Round 2", "name": "Andy Roddick", "children": [{"ace1": 18, "ace2": 2, "result": "6-1 6-2 6-2", "error1": 23.0, "error2": 37.0, "stage1": "Round 2", "stage2": "Round 1", "name": "Andy Roddick", "children": [{"name": "Andy Roddick", "stage1": "Round 1", "size": 6360}, {"name": "Jan Hajek", "stage1": "Round 1", "size": 5380}]}, {"ace1": 8, "ace2": 16, "result": "6-7(1) 6-4 6-4 7-6(6)", "error1": 0.0, "error2": 0.0, "stage1": "Round 2", "stage2": "Round 1", "name": "Igor Kunitsyn", "children": [{"name": "Igor Kunitsyn", "stage1": "Round 1", "size": 4000}, {"name": "Michal Przysiezny", "stage1": "Round 1", "size": 3920}]}]}, {"ace1": 8, "ace2": 2, "result": "6-4 6-4 3-6 6-2", "error1": 46.0, "error2": 38.0, "stage1": "Round 3", "stage2": "Round 2", "name": "Robin Haase", "children": [{"ace1": 4, "ace2": 4, "result": "6-4 6-3 7-6(5)", "error1": 0.0, "error2": 0.0, "stage1": "Round 2", "stage2": "Round 1", "name": "Robin Haase", "children": [{"name": "Robin Haase", "stage1": "Round 1", "size": 5260}, {"name": "Carlos Berlocq", "stage1": "Round 1", "size": 3349}]}, {"ace1": 5, "ace2": 3, "result": "7-6(5) 7-6(4) 6-2", "error1": 42.0, "error2": 70.0, "stage1": "Round 2", "stage2": "Round 1", "name": "Juan Monaco", "children": [{"name": "Juan Monaco", "stage1": "Round 1", "size": 5270}, {"name": "Simon Greul", "stage1": "Round 1", "size": 4124}]}]}]}]}]}]}, {"ace1": 9, "ace2": 5, "result": "4-6 7-6(2) 6-1 7-6(2)", "error1": 63.0, "error2": 34.0, "stage1": "Finals", "stage2": "Semi Finals", "name": "Andy Murray", "children": [{"ace1": 9, "ace2": 16, "result": "7-5 6-3 6-7(3) 6-3", "error1": 34.0, "error2": 77.0, "stage1": "Semi Finals", "stage2": "Quarter Finals", "name": "Andy Murray", "children": [{"ace1": 13, "ace2": 1, "result": "6-3 6-1 6-1", "error1": 10.0, "error2": 27.0, "stage1": "Quarter Finals", "stage2": "Round 4", "name": "Andy Murray", "children": [{"ace1": 10, "ace2": 3, "result": "6-1 6-1 6-2", "error1": 18.0, "error2": 31.0, "stage1": "Round 4", "stage2": "Round 3", "name": "Andy Murray", "children": [{"ace1": 16, "ace2": 5, "result": "6-1 6-3 6-3", "error1": 15.0, "error2": 34.0, "stage1": "Round 3", "stage2": "Round 2", "name": "Andy Murray", "children": [{"ace1": 2, "ace2": 5, "result": "6-3 6-1 4-2 ret.", "error1": 17.0, "error2": 43.0, "stage1": "Round 2", "stage2": "Round 1", "name": "Andy Murray", "children": [{"name": "Andy Murray", "stage1": "Round 1", "size": 7100}, {"name": "Karol Beck", "stage1": "Round 1", "size": 3620}]}, {"ace1": 9, "ace2": 1, "result": "6-3 6-4 6-1", "error1": 0.0, "error2": 0.0, "stage1": "Round 2", "stage2": "Round 1", "name": "Illya Marchenko", "children": [{"name": "Illya Marchenko", "stage1": "Round 1", "size": 2560}, {"name": "Ruben Ramirez-Hidalgo", "stage1": "Round 1", "size": 4060}]}]}, {"ace1": 4, "ace2": 2, "result": "6-4 7-6(8) 6-1", "error1": 28.0, "error2": 63.0, "stage1": "Round 3", "stage2": "Round 2", "name": "Guillermo Garcia-Lopez", "children": [{"ace1": 8, "ace2": 16, "result": "6-4 6-4 3-6 6-3", "error1": 0.0, "error2": 0.0, "stage1": "Round 2", "stage2": "Round 1", "name": "Guillermo Garcia-Lopez", "children": [{"name": "Guillermo Garcia-Lopez", "stage1": "Round 1", "size": 4460}, {"name": "Michael Berrer", "stage1": "Round 1", "size": 6000}]}, {"ace1": 6, "ace2": 2, "result": "6-2 6-0 6-4", "error1": 0.0, "error2": 0.0, "stage1": "Round 2", "stage2": "Round 1", "name": "Eduardo Schwank", "children": [{"name": "Eduardo Schwank", "stage1": "Round 1", "size": 4320}, {"name": "Leonardo Mayer", "stage1": "Round 1", "size": 1460}]}]}]}, {"ace1": 6, "ace2": 4, "result": "6-7(5) 6-2 6-1 4-3 ret.", "error1": 44.0, "error2": 41.0, "stage1": "Round 4", "stage2": "Round 3", "name": "Jurgen Melzer", "children": [{"ace1": 9, "ace2": 5, "result": "6-2 6-4 6-2", "error1": 25.0, "error2": 33.0, "stage1": "Round 3", "stage2": "Round 2", "name": "Jurgen Melzer", "children": [{"ace1": 4, "ace2": 5, "result": "6-2 6-4 6-2", "error1": 0.0, "error2": 0.0, "stage1": "Round 2", "stage2": "Round 1", "name": "Jurgen Melzer", "children": [{"name": "Jurgen Melzer", "stage1": "Round 1", "size": 6940}, {"name": "Vincent Millot", "stage1": "Round 1", "size": 1620}]}, {"ace1": 10, "ace2": 24, "result": "1-6 7-6(5) 6-2 2-6 6-4", "error1": 34.0, "error2": 59.0, "stage1": "Round 2", "stage2": "Round 1", "name": "Pere Riba", "children": [{"name": "Pere Riba", "stage1": "Round 1", "size": 5260}, {"name": "Carsten Ball", "stage1": "Round 1", "size": 3520}]}]}, {"ace1": 15, "ace2": 10, "result": "6-1 6-3 4-6 6-3", "error1": 29.0, "error2": 41.0, "stage1": "Round 3", "stage2": "Round 2", "name": "Marcos Baghdatis", "children": [{"ace1": 15, "ace2": 8, "result": "3-6 7-5 6-1 4-6 6-2", "error1": 59.0, "error2": 68.0, "stage1": "Round 2", "stage2": "Round 1", "name": "Marcos Baghdatis", "children": [{"name": "Marcos Baghdatis", "stage1": "Round 1", "size": 5380}, {"name": "Grega Zemlja", "stage1": "Round 1", "size": 4660}]}, {"ace1": 19, "ace2": 4, "result": "7-6(13) 6-4 6-4", "error1": 52.0, "error2": 27.0, "stage1": "Round 2", "stage2": "Round 1", "name": "Juan Martin Del Potro", "children": [{"name": "Juan Martin Del Potro", "stage1": "Round 1", "size": 4100}, {"name": "Dudi Sela", "stage1": "Round 1", "size": 3300}]}]}]}]}, {"ace1": 11, "ace2": 6, "result": "1-6 6-3 6-1 4-6 6-2", "error1": 23.0, "error2": 51.0, "stage1": "Quarter Finals", "stage2": "Round 4", "name": "Alexandr Dolgopolov", "children": [{"ace1": 9, "ace2": 6, "result": "3-6 6-3 3-6 6-1 6-1", "error1": 26.0, "error2": 58.0, "stage1": "Round 4", "stage2": "Round 3", "name": "Alexandr Dolgopolov", "children": [{"ace1": 18, "ace2": 9, "result": "6-3 6-0 3-6 7-6(3)", "error1": 0.0, "error2": 0.0, "stage1": "Round 3", "stage2": "Round 2", "name": "Alexandr Dolgopolov", "children": [{"ace1": 16, "ace2": 1, "result": "6-3 6-2 6-4", "error1": 0.0, "error2": 0.0, "stage1": "Round 2", "stage2": "Round 1", "name": "Alexandr Dolgopolov", "children": [{"name": "Alexandr Dolgopolov", "stage1": "Round 1", "size": 6120}, {"name": "Mikhail Kukushkin", "stage1": "Round 1", "size": 2960}]}, {"ace1": 12, "ace2": 12, "result": "7-6(5) 6-2 6-4", "error1": 0.0, "error2": 0.0, "stage1": "Round 2", "stage2": "Round 1", "name": "Benjamin Becker", "children": [{"name": "Benjamin Becker", "stage1": "Round 1", "size": 5120}, {"name": "Ernests Gulbis", "stage1": "Round 1", "size": 2990}]}]}, {"ace1": 20, "ace2": 8, "result": "6-3 7-6(1) 7-6(5)", "error1": 47.0, "error2": 29.0, "stage1": "Round 3", "stage2": "Round 2", "name": "Jo-Wilfried Tsonga", "children": [{"ace1": 11, "ace2": 14, "result": "4-6 2-6 6-2 6-3 6-4", "error1": 46.0, "error2": 48.0, "stage1": "Round 2", "stage2": "Round 1", "name": "Jo-Wilfried Tsonga", "children": [{"name": "Jo-Wilfried Tsonga", "stage1": "Round 1", "size": 5190}, {"name": "Philipp Petzschner", "stage1": "Round 1", "size": 1950}]}, {"ace1": 12, "ace2": 5, "result": "3-6 2-6 7-5 6-3 6-2", "error1": 0.0, "error2": 0.0, "stage1": "Round 2", "stage2": "Round 1", "name": "Andreas Seppi", "children": [{"name": "Andreas Seppi", "stage1": "Round 1", "size": 4680}, {"name": "Arnaud Clement", "stage1": "Round 1", "size": 460}]}]}]}, {"ace1": 10, "ace2": 0, "result": "6-3 6-1 6-4", "error1": 32.0, "error2": 32.0, "stage1": "Round 4", "stage2": "Round 3", "name": "Robin Soderling", "children": [{"ace1": 6, "ace2": 8, "result": "6-3 7-6(1) 6-1", "error1": 15.0, "error2": 33.0, "stage1": "Round 3", "stage2": "Round 2", "name": "Robin Soderling", "children": [{"ace1": 12, "ace2": 4, "result": "6-4 6-2 6-2", "error1": 15.0, "error2": 33.0, "stage1": "Round 2", "stage2": "Round 1", "name": "Robin Soderling", "children": [{"name": "Robin Soderling", "stage1": "Round 1", "size": 5460}, {"name": "Potito Starace", "stage1": "Round 1", "size": 4850}]}, {"ace1": 11, "ace2": 3, "result": "6-3 7-6(5) 6-4", "error1": 0.0, "error2": 0.0, "stage1": "Round 2", "stage2": "Round 1", "name": "Gilles Muller", "children": [{"name": "Gilles Muller", "stage1": "Round 1", "size": 5120}, {"name": "Simon Stadler", "stage1": "Round 1", "size": 4740}]}]}, {"ace1": 12, "ace2": 25, "result": "6-2 6-7(11) 6-4 6-7(3) 8-6", "error1": 0.0, "error2": 0.0, "stage1": "Round 3", "stage2": "Round 2", "name": "Jan Hernych", "children": [{"ace1": 4, "ace2": 2, "result": "6-3 6-4 3-6 6-2", "error1": 0.0, "error2": 0.0, "stage1": "Round 2", "stage2": "Round 1", "name": "Jan Hernych", "children": [{"name": "Jan Hernych", "stage1": "Round 1", "size": 4540}, {"name": "Denis Istomin", "stage1": "Round 1", "size": 3760}]}, {"ace1": 15, "ace2": 4, "result": "7-5 7-5 4-6 3-6 6-3", "error1": 0.0, "error2": 0.0, "stage1": "Round 2", "stage2": "Round 1", "name": "Thomaz Bellucci", "children": [{"name": "Thomaz Bellucci", "stage1": "Round 1", "size": 4540}, {"name": "Ricardo Mello", "stage1": "Round 1", "size": 3760}]}]}]}]}]}, {"ace1": 8, "ace2": 2, "result": "6-4 6-2 6-3", "error1": 32.0, "error2": 34.0, "stage1": "Semi Finals", "stage2": "Quarter Finals", "name": "David Ferrer", "children": [{"ace1": 3, "ace2": 15, "result": "4-6 6-2 6-3 6-4", "error1": 10.0, "error2": 68.0, "stage1": "Quarter Finals", "stage2": "Round 4", "name": "David Ferrer", "children": [{"ace1": 5, "ace2": 1, "result": "6-2 6-2 6-1", "error1": 15.0, "error2": 46.0, "stage1": "Round 4", "stage2": "Round 3", "name": "David Ferrer", "children": [{"ace1": 8, "ace2": 4, "result": "6-0 6-1 7-5", "error1": 22.0, "error2": 35.0, "stage1": "Round 3", "stage2": "Round 2", "name": "David Ferrer", "children": [{"ace1": 4, "ace2": 5, "result": "6-4 6-3 1-6 6-2", "error1": 32.0, "error2": 45.0, "stage1": "Round 2", "stage2": "Round 1", "name": "David Ferrer", "children": [{"name": "David Ferrer", "stage1": "Round 1", "size": 7160}, {"name": "Jarkko Nieminen", "stage1": "Round 1", "size": 2680}]}, {"ace1": 4, "ace2": 12, "result": "6-3 6-2 5-7 7-6(9)", "error1": 33.0, "error2": 76.0, "stage1": "Round 2", "stage2": "Round 1", "name": "Michael Russell", "children": [{"name": "Michael Russell", "stage1": "Round 1", "size": 4240}, {"name": "Matthew Ebden", "stage1": "Round 1", "size": 4960}]}]}, {"ace1": 8, "ace2": 0, "result": "6-1 6-0 2-0 ret.", "error1": 12.0, "error2": 21.0, "stage1": "Round 3", "stage2": "Round 2", "name": "Richard Berankis", "children": [{"ace1": 7, "ace2": 5, "result": "6-4 6-2 7-5", "error1": 44.0, "error2": 44.0, "stage1": "Round 2", "stage2": "Round 1", "name": "Richard Berankis", "children": [{"name": "Richard Berankis", "stage1": "Round 1", "size": 5110}, {"name": "Marinko Matosevic", "stage1": "Round 1", "size": 2740}]}, {"ace1": 6, "ace2": 10, "result": "3-6 6-4 3-6 7-6(1) 9-7", "error1": 83.0, "error2": 62.0, "stage1": "Round 2", "stage2": "Round 1", "name": "David Nalbandian", "children": [{"name": "David Nalbandian", "stage1": "Round 1", "size": 4560}, {"name": "Lleyton Hewitt", "stage1": "Round 1", "size": 43920}]}]}]}, {"ace1": 31, "ace2": 3, "result": "6-4 7-5 4-6 6-4", "error1": 54.0, "error2": 26.0, "stage1": "Round 4", "stage2": "Round 3", "name": "Milos Raonic", "children": [{"ace1": 21, "ace2": 10, "result": "7-6(3) 6-3 7-6(4)", "error1": 20.0, "error2": 20.0, "stage1": "Round 3", "stage2": "Round 2", "name": "Milos Raonic", "children": [{"ace1": 27, "ace2": 5, "result": "7-6(3) 6-3 7-6(8)", "error1": 0.0, "error2": 0.0, "stage1": "Round 2", "stage2": "Round 1", "name": "Milos Raonic", "children": [{"name": "Milos Raonic", "stage1": "Round 1", "size": 4920}, {"name": "Bjorn Phau", "stage1": "Round 1", "size": 3170}]}, {"ace1": 9, "ace2": 3, "result": "6-3 3-6 6-2 6-4", "error1": 39.0, "error2": 20.0, "stage1": "Round 2", "stage2": "Round 1", "name": "Michael Llodra", "children": [{"name": "Michael Llodra", "stage1": "Round 1", "size": 4820}, {"name": "Juan Ignacio Chela", "stage1": "Round 1", "size": 800}]}]}, {"ace1": 14, "ace2": 6, "result": "6-3 6-1 5-7 4-6 6-1", "error1": 47.0, "error2": 40.0, "stage1": "Round 3", "stage2": "Round 2", "name": "Mikhail Youzhny", "children": [{"ace1": 3, "ace2": 10, "result": "6-2 6-3 7-6(5)", "error1": 0.0, "error2": 0.0, "stage1": "Round 2", "stage2": "Round 1", "name": "Mikhail Youzhny", "children": [{"name": "Mikhail Youzhny", "stage1": "Round 1", "size": 4640}, {"name": "Marsel Ilhan", "stage1": "Round 1", "size": 5640}]}, {"ace1": 4, "ace2": 23, "result": "2-6 6-4 7-6(4) 7-6(5)", "error1": 0.0, "error2": 0.0, "stage1": "Round 2", "stage2": "Round 1", "name": "Blaz Kavcic", "children": [{"name": "Blaz Kavcic", "stage1": "Round 1", "size": 5180}, {"name": "Kevin Anderson", "stage1": "Round 1", "size": 4480}]}]}]}]}, {"ace1": 3, "ace2": 8, "result": "6-2 6-4 6-3", "error1": 21.0, "error2": 48.0, "stage1": "Quarter Finals", "stage2": "Round 4", "name": "Rafael Nadal", "children": [{"ace1": 4, "ace2": 11, "result": "6-2 7-5 6-3", "error1": 32.0, "error2": 49.0, "stage1": "Round 4", "stage2": "Round 3", "name": "Rafael Nadal", "children": [{"ace1": 7, "ace2": 2, "result": "6-2 6-1 6-1", "error1": 25.0, "error2": 28.0, "stage1": "Round 3", "stage2": "Round 2", "name": "Rafael Nadal", "children": [{"ace1": 4, "ace2": 0, "result": "6-0 5-0 ret.", "error1": 10.0, "error2": 18.0, "stage1": "Round 2", "stage2": "Round 1", "name": "Rafael Nadal", "children": [{"name": "Rafael Nadal", "stage1": "Round 1", "size": 5480}, {"name": "Marcos Daniel", "stage1": "Round 1", "size": 4520}]}, {"ace1": 3, "ace2": 10, "result": "6-4 6-4 6-1", "error1": 0.0, "error2": 0.0, "stage1": "Round 2", "stage2": "Round 1", "name": "Ryan Sweeting", "children": [{"name": "Ryan Sweeting", "stage1": "Round 1", "size": 3120}, {"name": "Daniel Gimeno-Traver", "stage1": "Round 1", "size": 4190}]}]}, {"ace1": 10, "ace2": 20, "result": "7-6(4) 7-6(3) 6-3", "error1": 21.0, "error2": 40.0, "stage1": "Round 3", "stage2": "Round 2", "name": "Bernard Tomic", "children": [{"ace1": 2, "ace2": 12, "result": "6-3 6-2 7-6(5)", "error1": 23.0, "error2": 56.0, "stage1": "Round 2", "stage2": "Round 1", "name": "Bernard Tomic", "children": [{"name": "Bernard Tomic", "stage1": "Round 1", "size": 5450}, {"name": "Jeremy Chardy", "stage1": "Round 1", "size": 4950}]}, {"ace1": 17, "ace2": 6, "result": "6-3 7-6(6) 6-3", "error1": 0.0, "error2": 0.0, "stage1": "Round 2", "stage2": "Round 1", "name": "Feliciano Lopez", "children": [{"name": "Feliciano Lopez", "stage1": "Round 1", "size": 5760}, {"name": "Alejandro Falla", "stage1": "Round 1", "size": 4300}]}]}]}, {"ace1": 22, "ace2": 26, "result": "4-6 6-2 6-7(5) 7-6(2) 9-7", "error1": 42.0, "error2": 59.0, "stage1": "Round 4", "stage2": "Round 3", "name": "Marin Cilic", "children": [{"ace1": 13, "ace2": 2, "result": "6-3 7-6(1) 6-1", "error1": 31.0, "error2": 36.0, "stage1": "Round 3", "stage2": "Round 2", "name": "Marin Cilic", "children": [{"ace1": 8, "ace2": 1, "result": "6-3 6-2 6-1", "error1": 28.0, "error2": 25.0, "stage1": "Round 2", "stage2": "Round 1", "name": "Marin Cilic", "children": [{"name": "Marin Cilic", "stage1": "Round 1", "size": 5460}, {"name": "Donald Young", "stage1": "Round 1", "size": 3340}]}, {"ace1": 7, "ace2": 9, "result": "6-4 6-3 5-7 6-1", "error1": 0.0, "error2": 0.0, "stage1": "Round 2", "stage2": "Round 1", "name": "Santiago Giraldo", "children": [{"name": "Santiago Giraldo", "stage1": "Round 1", "size": 4360}, {"name": "Rui Machado", "stage1": "Round 1", "size": 3380}]}]}, {"ace1": 20, "ace2": 3, "result": "4-6 6-4 6-2 6-1", "error1": 39.0, "error2": 28.0, "stage1": "Round 3", "stage2": "Round 2", "name": "John Isner", "children": [{"ace1": 26, "ace2": 4, "result": "6-3 7-6(8) 6-3", "error1": 38.0, "error2": 21.0, "stage1": "Round 2", "stage2": "Round 1", "name": "John Isner", "children": [{"name": "John Isner", "stage1": "Round 1", "size": 5880}, {"name": "Florent Serra", "stage1": "Round 1", "size": 2920}]}, {"ace1": 7, "ace2": 5, "result": "6-3 6-2 6-3", "error1": 0.0, "error2": 0.0, "stage1": "Round 2", "stage2": "Round 1", "name": "Radek Stepanek", "children": [{"name": "Radek Stepanek", "stage1": "Round 1", "size": 4490}, {"name": "Denis Gremelmayr", "stage1": "Round 1", "size": 3490}]}]}]}]}]}]}]}