{"ace1": 9, "ace2": 10, "result": "5-7 6-4 6-2 6-7(5) 7-5", "error1": 69.0, "error2": 71.0, "stage1": "Champion", "stage2": "Finals", "name": "Novak Djokovic", "children": [{"ace1": 11, "ace2": 9, "result": "6-3 3-6 6-7(4) 6-1 7-5", "error1": 69.0, "error2": 86.0, "stage1": "Finals", "stage2": "Semi Finals", "name": "Novak Djokovic", "children": [{"ace1": 3, "ace2": 2, "result": "6-4 7-6(4) 6-1", "error1": 39.0, "error2": 36.0, "stage1": "Semi Finals", "stage2": "Quarter Finals", "name": "Novak Djokovic", "children": [{"ace1": 15, "ace2": 3, "result": "6-1 6-3 4-6 6-3", "error1": 34.0, "error2": 37.0, "stage1": "Quarter Finals", "stage2": "Round 4", "name": "Novak Djokovic", "children": [{"ace1": 7, "ace2": 0, "result": "6-0 6-1 6-1", "error1": 8.0, "error2": 26.0, "stage1": "Round 4", "stage2": "Round 3", "name": "Novak Djokovic", "children": [{"ace1": 9, "ace2": 3, "result": "6-3 6-2 6-1", "error1": 21.0, "error2": 39.0, "stage1": "Round 3", "stage2": "Round 2", "name": "Novak Djokovic", "children": [{"ace1": 4, "ace2": 0, "result": "6-2 6-0 6-0", "error1": 13.0, "error2": 30.0, "stage1": "Round 2", "stage2": "Round 1", "name": "Novak Djokovic", "children": [{"name": "Novak Djokovic", "stage1": "Round 1", "size": 5940}, {"name": "Paolo Lorenzi", "stage1": "Round 1", "size": 4380}]}, {"ace1": 0, "ace2": 2, "result": "6-4 6-2 6-1", "error1": 1.0, "error2": 4.0, "stage1": "Round 2", "stage2": "Round 1", "name": "Santiago Giraldo", "children": [{"name": "Santiago Giraldo", "stage1": "Round 1", "size": 4600}, {"name": "Matteo Viola", "stage1": "Round 1", "size": 1240}]}]}, {"ace1": 8, "ace2": 3, "result": "1-6 7-6(6) 6-2 6-2", "error1": 46.0, "error2": 54.0, "stage1": "Round 3", "stage2": "Round 2", "name": "Nicolas Mahut", "children": [{"ace1": 7, "ace2": 3, "result": "7-5 7-5 6-3", "error1": 23.0, "error2": 22.0, "stage1": "Round 2", "stage2": "Round 1", "name": "Nicolas Mahut", "children": [{"name": "Nicolas Mahut", "stage1": "Round 1", "size": 4460}, {"name": "Radek Stepanek", "stage1": "Round 1", "size": 4180}]}, {"ace1": 11, "ace2": 9, "result": "6-3 4-6 6-3 6-4", "error1": 28.0, "error2": 32.0, "stage1": "Round 2", "stage2": "Round 1", "name": "Tatsuma Ito", "children": [{"name": "Tatsuma Ito", "stage1": "Round 1", "size": 5360}, {"name": "Potito Starace", "stage1": "Round 1", "size": 2880}]}]}]}, {"ace1": 7, "ace2": 23, "result": "4-6 6-3 7-6(5) 6-3", "error1": 32.0, "error2": 54.0, "stage1": "Round 4", "stage2": "Round 3", "name": "Lleyton Hewitt", "children": [{"ace1": 11, "ace2": 9, "result": "3-6 6-3 6-4 ret.", "error1": 27.0, "error2": 22.0, "stage1": "Round 3", "stage2": "Round 2", "name": "Lleyton Hewitt", "children": [{"ace1": 8, "ace2": 13, "result": "7-5 6-4 3-6 7-5", "error1": 33.0, "error2": 64.0, "stage1": "Round 2", "stage2": "Round 1", "name": "Lleyton Hewitt", "children": [{"name": "Lleyton Hewitt", "stage1": "Round 1", "size": 5560}, {"name": "Cedrik-Marcel Stebe", "stage1": "Round 1", "size": 4340}]}, {"ace1": 13, "ace2": 7, "result": "6-3 6-4 6-1", "error1": 20.0, "error2": 32.0, "stage1": "Round 2", "stage2": "Round 1", "name": "Andy Roddick", "children": [{"name": "Andy Roddick", "stage1": "Round 1", "size": 1680}, {"name": "Robin Haase", "stage1": "Round 1", "size": 3000}]}]}, {"ace1": 17, "ace2": 10, "result": "6-4 5-7 6-2 7-5", "error1": 38.0, "error2": 44.0, "stage1": "Round 3", "stage2": "Round 2", "name": "Bernard Tomic", "children": [{"ace1": 13, "ace2": 0, "result": "6-4 6-0 6-2", "error1": 4.0, "error2": 5.0, "stage1": "Round 2", "stage2": "Round 1", "name": "Bernard Tomic", "children": [{"name": "Bernard Tomic", "stage1": "Round 1", "size": 5680}, {"name": "Filippo Volandri", "stage1": "Round 1", "size": 4980}]}, {"ace1": 10, "ace2": 7, "result": "6-0 6-0 6-2", "error1": 2.0, "error2": 5.0, "stage1": "Round 2", "stage2": "Round 1", "name": "Philipp Petzschner", "children": [{"name": "Philipp Petzschner", "stage1": "Round 1", "size": 4840}, {"name": "Lukas Rosol", "stage1": "Round 1", "size": 4780}]}]}]}]}, {"ace1": 5, "ace2": 1, "result": "6-4 6-4 6-1", "error1": 23.0, "error2": 27.0, "stage1": "Quarter Finals", "stage2": "Round 4", "name": "David Ferrer", "children": [{"ace1": 1, "ace2": 1, "result": "7-5 6-2 6-1", "error1": 30.0, "error2": 31.0, "stage1": "Round 4", "stage2": "Round 3", "name": "David Ferrer", "children": [{"ace1": 6, "ace2": 5, "result": "6-7(4) 6-2 3-6 6-2 6-3", "error1": 37.0, "error2": 33.0, "stage1": "Round 3", "stage2": "Round 2", "name": "David Ferrer", "children": [{"ace1": 2, "ace2": 0, "result": "6-1 6-4 6-2", "error1": 20.0, "error2": 52.0, "stage1": "Round 2", "stage2": "Round 1", "name": "David Ferrer", "children": [{"name": "David Ferrer", "stage1": "Round 1", "size": 5900}, {"name": "Rui Machado", "stage1": "Round 1", "size": 4140}]}, {"ace1": 8, "ace2": 4, "result": "6-4 6-4 6-2", "error1": 5.0, "error2": 4.0, "stage1": "Round 2", "stage2": "Round 1", "name": "Ryan Sweeting", "children": [{"name": "Ryan Sweeting", "stage1": "Round 1", "size": 6000}, {"name": "Matthias Bachinger", "stage1": "Round 1", "size": 4260}]}]}, {"ace1": 1, "ace2": 0, "result": "6-4 6-4 6-3", "error1": 27.0, "error2": 62.0, "stage1": "Round 3", "stage2": "Round 2", "name": "Juan Ignacio Chela", "children": [{"ace1": 5, "ace2": 3, "result": "7-6(3) 6-3 6-4", "error1": 26.0, "error2": 72.0, "stage1": "Round 2", "stage2": "Round 1", "name": "Juan Ignacio Chela", "children": [{"name": "Juan Ignacio Chela", "stage1": "Round 1", "size": 4400}, {"name": "Michael Russell", "stage1": "Round 1", "size": 5400}]}, {"ace1": 4, "ace2": 1, "result": "6-1 7-6(12) 6-0", "error1": 4.0, "error2": 3.0, "stage1": "Round 2", "stage2": "Round 1", "name": "Pablo Andujar", "children": [{"name": "Pablo Andujar", "stage1": "Round 1", "size": 3620}, {"name": "Igor Kunitsyn", "stage1": "Round 1", "size": 4560}]}]}]}, {"ace1": 6, "ace2": 5, "result": "6-3 6-3 6-1", "error1": 8.0, "error2": 33.0, "stage1": "Round 4", "stage2": "Round 3", "name": "Richard Gasquet", "children": [{"ace1": 5, "ace2": 4, "result": "6-4 6-2 3-0 ret.", "error1": 10.0, "error2": 27.0, "stage1": "Round 3", "stage2": "Round 2", "name": "Richard Gasquet", "children": [{"ace1": 10, "ace2": 8, "result": "6-3 3-6 6-3 6-1", "error1": 45.0, "error2": 44.0, "stage1": "Round 2", "stage2": "Round 1", "name": "Richard Gasquet", "children": [{"name": "Richard Gasquet", "stage1": "Round 1", "size": 6000}, {"name": "Andreas Seppi", "stage1": "Round 1", "size": 4160}]}, {"ace1": 12, "ace2": 7, "result": "7-5 6-7(4) 6-4 4-6 6-3", "error1": 10.0, "error2": 6.0, "stage1": "Round 2", "stage2": "Round 1", "name": "Andrey Golubev", "children": [{"name": "Andrey Golubev", "stage1": "Round 1", "size": 3260}, {"name": "Mikhail Youzhny", "stage1": "Round 1", "size": 5100}]}]}, {"ace1": 11, "ace2": 10, "result": "3-6 6-2 7-6(5) 6-4", "error1": 31.0, "error2": 53.0, "stage1": "Round 3", "stage2": "Round 2", "name": "Janko Tipsarevic", "children": [{"ace1": 28, "ace2": 9, "result": "5-7 7-6(12) 6-3 6-4", "error1": 4.0, "error2": 5.0, "stage1": "Round 2", "stage2": "Round 1", "name": "Janko Tipsarevic", "children": [{"name": "Janko Tipsarevic", "stage1": "Round 1", "size": 5800}, {"name": "Dmitry Tursunov", "stage1": "Round 1", "size": 3020}]}, {"ace1": 11, "ace2": 6, "result": "6-3 6-4 6-4", "error1": 24.0, "error2": 33.0, "stage1": "Round 2", "stage2": "Round 1", "name": "James Duckworth", "children": [{"name": "James Duckworth", "stage1": "Round 1", "size": 4200}, {"name": "Jurgen Zopp", "stage1": "Round 1", "size": 3920}]}]}]}]}]}, {"ace1": 4, "ace2": 1, "result": "6-3 6-3 6-1", "error1": 27.0, "error2": 39.0, "stage1": "Semi Finals", "stage2": "Quarter Finals", "name": "Andy Murray", "children": [{"ace1": 4, "ace2": 0, "result": "6-1 6-1 1-0 ret.", "error1": 15.0, "error2": 27.0, "stage1": "Quarter Finals", "stage2": "Round 4", "name": "Andy Murray", "children": [{"ace1": 7, "ace2": 2, "result": "6-4 6-2 6-0", "error1": 11.0, "error2": 23.0, "stage1": "Round 4", "stage2": "Round 3", "name": "Andy Murray", "children": [{"ace1": 9, "ace2": 2, "result": "6-1 6-4 6-4", "error1": 19.0, "error2": 33.0, "stage1": "Round 3", "stage2": "Round 2", "name": "Andy Murray", "children": [{"ace1": 7, "ace2": 9, "result": "4-6 6-3 6-4 6-2", "error1": 40.0, "error2": 61.0, "stage1": "Round 2", "stage2": "Round 1", "name": "Andy Murray", "children": [{"name": "Andy Murray", "stage1": "Round 1", "size": 6920}, {"name": "Ryan Harrison", "stage1": "Round 1", "size": 2570}]}, {"ace1": 6, "ace2": 3, "result": "7-6(6) ret.", "error1": 0.0, "error2": 2.0, "stage1": "Round 2", "stage2": "Round 1", "name": "Edouard Roger-Vasselin", "children": [{"name": "Edouard Roger-Vasselin", "stage1": "Round 1", "size": 4160}, {"name": "Xavier Malisse", "stage1": "Round 1", "size": 2490}]}]}, {"ace1": 12, "ace2": 1, "result": "6-1 6-3 4-6 5-7 6-4", "error1": 8.0, "error2": 6.0, "stage1": "Round 3", "stage2": "Round 2", "name": "Michael Llodra", "children": [{"ace1": 11, "ace2": 6, "result": "2-6 6-1 6-2 6-2", "error1": 2.0, "error2": 8.0, "stage1": "Round 2", "stage2": "Round 1", "name": "Michael Llodra", "children": [{"name": "Michael Llodra", "stage1": "Round 1", "size": 4250}, {"name": "Ernests Gulbis", "stage1": "Round 1", "size": 2460}]}, {"ace1": 3, "ace2": 0, "result": "6-3 6-2 6-4", "error1": 0.0, "error2": 4.0, "stage1": "Round 2", "stage2": "Round 1", "name": "Alex Jr. Bogomolov", "children": [{"name": "Alex Jr. Bogomolov", "stage1": "Round 1", "size": 4180}, {"name": "Daniel Gimeno-Traver", "stage1": "Round 1", "size": 3230}]}]}]}, {"ace1": 5, "ace2": 9, "result": "6-2 7-5 5-7 1-6 6-4", "error1": 72.0, "error2": 55.0, "stage1": "Round 4", "stage2": "Round 3", "name": "Mikhail Kukushkin", "children": [{"ace1": 5, "ace2": 7, "result": "5-7 6-4 6-2 4-6 6-3", "error1": 56.0, "error2": 64.0, "stage1": "Round 3", "stage2": "Round 2", "name": "Mikhail Kukushkin", "children": [{"ace1": 5, "ace2": 1, "result": "6-4 6-3 6-0", "error1": 0.0, "error2": 3.0, "stage1": "Round 2", "stage2": "Round 1", "name": "Mikhail Kukushkin", "children": [{"name": "Mikhail Kukushkin", "stage1": "Round 1", "size": 7490}, {"name": "Guillermo Garcia-Lopez", "stage1": "Round 1", "size": 4580}]}, {"ace1": 27, "ace2": 3, "result": "4-6 6-7(3) 6-2 7-6(3) 6-2", "error1": 3.0, "error2": 3.0, "stage1": "Round 2", "stage2": "Round 1", "name": "Viktor Troicki", "children": [{"name": "Viktor Troicki", "stage1": "Round 1", "size": 4760}, {"name": "Juan Carlos Ferrero", "stage1": "Round 1", "size": 3150}]}]}, {"ace1": 3, "ace2": 1, "result": "2-6 6-0 6-4 6-2", "error1": 37.0, "error2": 53.0, "stage1": "Round 3", "stage2": "Round 2", "name": "Gael Monfils", "children": [{"ace1": 12, "ace2": 3, "result": "7-6(5) 6-3 6-3", "error1": 31.0, "error2": 53.0, "stage1": "Round 2", "stage2": "Round 1", "name": "Gael Monfils", "children": [{"name": "Gael Monfils", "stage1": "Round 1", "size": 6250}, {"name": "Marinko Matosevic", "stage1": "Round 1", "size": 4370}]}, {"ace1": 10, "ace2": 7, "result": "7-6(5) 6-4 6-3", "error1": 4.0, "error2": 5.0, "stage1": "Round 2", "stage2": "Round 1", "name": "Thomaz Bellucci", "children": [{"name": "Thomaz Bellucci", "stage1": "Round 1", "size": 3020}, {"name": "Dudi Sela", "stage1": "Round 1", "size": 2010}]}]}]}]}, {"ace1": 1, "ace2": 13, "result": "2-6 6-2 6-1 3-6 6-3", "error1": 30.0, "error2": 70.0, "stage1": "Quarter Finals", "stage2": "Round 4", "name": "Kei Nishikori", "children": [{"ace1": 4, "ace2": 7, "result": "4-6 7-6(3) 7-6(4) 6-3", "error1": 30.0, "error2": 51.0, "stage1": "Round 4", "stage2": "Round 3", "name": "Kei Nishikori", "children": [{"ace1": 2, "ace2": 6, "result": "3-6 1-6 6-4 6-1 6-1", "error1": 57.0, "error2": 54.0, "stage1": "Round 3", "stage2": "Round 2", "name": "Kei Nishikori", "children": [{"ace1": 7, "ace2": 2, "result": "6-1 7-6(7) 6-0", "error1": 25.0, "error2": 35.0, "stage1": "Round 2", "stage2": "Round 1", "name": "Kei Nishikori", "children": [{"name": "Kei Nishikori", "stage1": "Round 1", "size": 8200}, {"name": "Stephane Robert", "stage1": "Round 1", "size": 3120}]}, {"ace1": 10, "ace2": 8, "result": "6-3 7-6(1) 6-2", "error1": 32.0, "error2": 52.0, "stage1": "Round 2", "stage2": "Round 1", "name": "Matthew Ebden", "children": [{"name": "Matthew Ebden", "stage1": "Round 1", "size": 3100}, {"name": "Joao Souza", "stage1": "Round 1", "size": 2920}]}]}, {"ace1": 6, "ace2": 3, "result": "7-5 7-6(8) 1-6 3-6 6-2", "error1": 55.0, "error2": 40.0, "stage1": "Round 3", "stage2": "Round 2", "name": "Julien Benneteau", "children": [{"ace1": 6, "ace2": 7, "result": "6-4 6-2 7-5", "error1": 3.0, "error2": 2.0, "stage1": "Round 2", "stage2": "Round 1", "name": "Julien Benneteau", "children": [{"name": "Julien Benneteau", "stage1": "Round 1", "size": 5920}, {"name": "Karol Beck", "stage1": "Round 1", "size": 5010}]}, {"ace1": 14, "ace2": 4, "result": "6-1 3-6 6-7(5) 6-3 6-2", "error1": 51.0, "error2": 54.0, "stage1": "Round 2", "stage2": "Round 1", "name": "Gilles Simon", "children": [{"name": "Gilles Simon", "stage1": "Round 1", "size": 3120}, {"name": "Danai Udomchoke", "stage1": "Round 1", "size": 4220}]}]}]}, {"ace1": 6, "ace2": 0, "result": "6-2 6-2 6-2", "error1": 20.0, "error2": 20.0, "stage1": "Round 4", "stage2": "Round 3", "name": "Jo-Wilfried Tsonga", "children": [{"ace1": 15, "ace2": 2, "result": "7-5 6-4 6-4", "error1": 44.0, "error2": 19.0, "stage1": "Round 3", "stage2": "Round 2", "name": "Jo-Wilfried Tsonga", "children": [{"ace1": 11, "ace2": 9, "result": "6-4 3-6 6-2 7-5", "error1": 45.0, "error2": 49.0, "stage1": "Round 2", "stage2": "Round 1", "name": "Jo-Wilfried Tsonga", "children": [{"name": "Jo-Wilfried Tsonga", "stage1": "Round 1", "size": 6360}, {"name": "Denis Istomin", "stage1": "Round 1", "size": 5380}]}, {"ace1": 3, "ace2": 6, "result": "6-4 6-4 7-5", "error1": 4.0, "error2": 9.0, "stage1": "Round 2", "stage2": "Round 1", "name": "Ricardo Mello", "children": [{"name": "Ricardo Mello", "stage1": "Round 1", "size": 4000}, {"name": "Roberto Bautista-Agut", "stage1": "Round 1", "size": 3920}]}]}, {"ace1": 3, "ace2": 7, "result": "6-3 4-6 6-4 6-3", "error1": 0.0, "error2": 5.0, "stage1": "Round 3", "stage2": "Round 2", "name": "Frederico Gil", "children": [{"ace1": 3, "ace2": 6, "result": "2-6 6-1 6-1 4-1 ret.", "error1": 0.0, "error2": 4.0, "stage1": "Round 2", "stage2": "Round 1", "name": "Frederico Gil", "children": [{"name": "Frederico Gil", "stage1": "Round 1", "size": 5260}, {"name": "Ivan Dodig", "stage1": "Round 1", "size": 3349}]}, {"ace1": 24, "ace2": 7, "result": "6-0 7-6(4) 5-7 5-7 6-3", "error1": 5.0, "error2": 3.0, "stage1": "Round 2", "stage2": "Round 1", "name": "Marcel Granollers", "children": [{"name": "Marcel Granollers", "stage1": "Round 1", "size": 5270}, {"name": "Jesse Levine", "stage1": "Round 1", "size": 4124}]}]}]}]}]}]}, {"ace1": 4, "ace2": 11, "result": "6-7(5) 6-2 7-6(5) 6-4", "error1": 34.0, "error2": 63.0, "stage1": "Finals", "stage2": "Semi Finals", "name": "Rafael Nadal", "children": [{"ace1": 6, "ace2": 17, "result": "6-7(5) 7-6(6) 6-4 6-3", "error1": 30.0, "error2": 56.0, "stage1": "Semi Finals", "stage2": "Quarter Finals", "name": "Rafael Nadal", "children": [{"ace1": 4, "ace2": 10, "result": "6-4 6-4 6-2", "error1": 14.0, "error2": 52.0, "stage1": "Quarter Finals", "stage2": "Round 4", "name": "Rafael Nadal", "children": [{"ace1": 2, "ace2": 8, "result": "6-2 6-4 6-2", "error1": 19.0, "error2": 30.0, "stage1": "Round 4", "stage2": "Round 3", "name": "Rafael Nadal", "children": [{"ace1": 2, "ace2": 8, "result": "6-4 6-3 6-4", "error1": 17.0, "error2": 38.0, "stage1": "Round 3", "stage2": "Round 2", "name": "Rafael Nadal", "children": [{"ace1": 9, "ace2": 5, "result": "6-4 6-1 6-1", "error1": 14.0, "error2": 26.0, "stage1": "Round 2", "stage2": "Round 1", "name": "Rafael Nadal", "children": [{"name": "Rafael Nadal", "stage1": "Round 1", "size": 7100}, {"name": "Alex Kuznetsov", "stage1": "Round 1", "size": 3620}]}, {"ace1": 20, "ace2": 5, "result": "7-6(5) 3-6 6-0 7-5", "error1": 14.0, "error2": 26.0, "stage1": "Round 2", "stage2": "Round 1", "name": "Tommy Haas", "children": [{"name": "Tommy Haas", "stage1": "Round 1", "size": 2560}, {"name": "Denis Kudla", "stage1": "Round 1", "size": 4060}]}]}, {"ace1": 9, "ace2": 2, "result": "6-3 6-1 3-6 6-3", "error1": 38.0, "error2": 37.0, "stage1": "Round 3", "stage2": "Round 2", "name": "Lukas Lacko", "children": [{"ace1": 27, "ace2": 13, "result": "3-6 4-6 6-3 6-4 6-4", "error1": 4.0, "error2": 3.0, "stage1": "Round 2", "stage2": "Round 1", "name": "Lukas Lacko", "children": [{"name": "Lukas Lacko", "stage1": "Round 1", "size": 4460}, {"name": "Ivan Ljubicic", "stage1": "Round 1", "size": 6000}]}, {"ace1": 5, "ace2": 4, "result": "6-1 6-2 4-6 1-6 6-2", "error1": 7.0, "error2": 4.0, "stage1": "Round 2", "stage2": "Round 1", "name": "Donald Young", "children": [{"name": "Donald Young", "stage1": "Round 1", "size": 4320}, {"name": "Peter Gojowczyk", "stage1": "Round 1", "size": 1460}]}]}]}, {"ace1": 16, "ace2": 30, "result": "6-3 6-7(3) 6-4 6-7(0) 6-1", "error1": 30.0, "error2": 51.0, "stage1": "Round 4", "stage2": "Round 3", "name": "Feliciano Lopez", "children": [{"ace1": 6, "ace2": 0, "result": "7-5 7-6(4) 6-2", "error1": 34.0, "error2": 36.0, "stage1": "Round 3", "stage2": "Round 2", "name": "Feliciano Lopez", "children": [{"ace1": 8, "ace2": 13, "result": "7-6(5) 6-3 7-6(2)", "error1": 6.0, "error2": 9.0, "stage1": "Round 2", "stage2": "Round 1", "name": "Feliciano Lopez", "children": [{"name": "Feliciano Lopez", "stage1": "Round 1", "size": 6940}, {"name": "Leonardo Mayer", "stage1": "Round 1", "size": 1620}]}, {"ace1": 2, "ace2": 3, "result": "6-4 4-6 3-6 6-2 6-1", "error1": 6.0, "error2": 8.0, "stage1": "Round 2", "stage2": "Round 1", "name": "Flavio Cipolla", "children": [{"name": "Flavio Cipolla", "stage1": "Round 1", "size": 5260}, {"name": "Nikolay Davydenko", "stage1": "Round 1", "size": 3520}]}]}, {"ace1": 43, "ace2": 7, "result": "4-6 6-3 2-6 7-6(5) 10-8", "error1": 69.0, "error2": 33.0, "stage1": "Round 3", "stage2": "Round 2", "name": "John Isner", "children": [{"ace1": 19, "ace2": 7, "result": "6-4 6-4 7-6(1)", "error1": 42.0, "error2": 32.0, "stage1": "Round 2", "stage2": "Round 1", "name": "John Isner", "children": [{"name": "John Isner", "stage1": "Round 1", "size": 5380}, {"name": "Benjamin Mitchell", "stage1": "Round 1", "size": 4660}]}, {"ace1": 3, "ace2": 3, "result": "6-4 4-2 ret.", "error1": 19.0, "error2": 21.0, "stage1": "Round 2", "stage2": "Round 1", "name": "David Nalbandian", "children": [{"name": "David Nalbandian", "stage1": "Round 1", "size": 4100}, {"name": "Jarkko Nieminen", "stage1": "Round 1", "size": 3300}]}]}]}]}, {"ace1": 28, "ace2": 16, "result": "4-6 7-6(5) 7-6(3) 7-6(2)", "error1": 41.0, "error2": 41.0, "stage1": "Quarter Finals", "stage2": "Round 4", "name": "Tomas Berdych", "children": [{"ace1": 14, "ace2": 16, "result": "7-6(5) 7-6(1) 6-1", "error1": 28.0, "error2": 40.0, "stage1": "Round 4", "stage2": "Round 3", "name": "Tomas Berdych", "children": [{"ace1": 21, "ace2": 1, "result": "6-1 6-0 7-6(4)", "error1": 36.0, "error2": 19.0, "stage1": "Round 3", "stage2": "Round 2", "name": "Tomas Berdych", "children": [{"ace1": 7, "ace2": 4, "result": "7-5 4-6 6-2 6-3", "error1": 43.0, "error2": 51.0, "stage1": "Round 2", "stage2": "Round 1", "name": "Tomas Berdych", "children": [{"name": "Tomas Berdych", "stage1": "Round 1", "size": 6120}, {"name": "Albert Ramos", "stage1": "Round 1", "size": 2960}]}, {"ace1": 7, "ace2": 2, "result": "6-1 6-4 6-0", "error1": 1.0, "error2": 4.0, "stage1": "Round 2", "stage2": "Round 1", "name": "Olivier Rochus", "children": [{"name": "Olivier Rochus", "stage1": "Round 1", "size": 5120}, {"name": "Bjorn Phau", "stage1": "Round 1", "size": 2990}]}]}, {"ace1": 15, "ace2": 10, "result": "3-6 6-1 7-6(3) 6-3", "error1": 4.0, "error2": 4.0, "stage1": "Round 3", "stage2": "Round 2", "name": "Kevin Anderson", "children": [{"ace1": 5, "ace2": 0, "result": "6-1 6-2 6-4", "error1": 4.0, "error2": 3.0, "stage1": "Round 2", "stage2": "Round 1", "name": "Kevin Anderson", "children": [{"name": "Kevin Anderson", "stage1": "Round 1", "size": 5190}, {"name": "Frederik Nielsen", "stage1": "Round 1", "size": 1950}]}, {"ace1": 13, "ace2": 2, "result": "6-3 6-7(9) 4-6 6-3 7-5", "error1": 9.0, "error2": 18.0, "stage1": "Round 2", "stage2": "Round 1", "name": "Sergiy Stakhovsky", "children": [{"name": "Sergiy Stakhovsky", "stage1": "Round 1", "size": 4680}, {"name": "Illya Marchenko", "stage1": "Round 1", "size": 460}]}]}]}, {"ace1": 6, "ace2": 4, "result": "7-6(2) 6-2 6-4", "error1": 26.0, "error2": 49.0, "stage1": "Round 4", "stage2": "Round 3", "name": "Nicolas Almagro", "children": [{"ace1": 9, "ace2": 13, "result": "4-6 6-3 6-7(4) 6-4 6-0", "error1": 39.0, "error2": 51.0, "stage1": "Round 3", "stage2": "Round 2", "name": "Nicolas Almagro", "children": [{"ace1": 15, "ace2": 7, "result": "1-6 7-5 6-3 7-5", "error1": 12.0, "error2": 60.0, "stage1": "Round 2", "stage2": "Round 1", "name": "Nicolas Almagro", "children": [{"name": "Nicolas Almagro", "stage1": "Round 1", "size": 5460}, {"name": "Lukasz Kubot", "stage1": "Round 1", "size": 4850}]}, {"ace1": 12, "ace2": 19, "result": "4-6 6-3 3-6 6-4 6-4", "error1": 38.0, "error2": 49.0, "stage1": "Round 2", "stage2": "Round 1", "name": "Grigor Dimitrov", "children": [{"name": "Grigor Dimitrov", "stage1": "Round 1", "size": 5120}, {"name": "Jeremy Chardy", "stage1": "Round 1", "size": 4740}]}]}, {"ace1": 4, "ace2": 1, "result": "7-6(3) 6-4 5-7 6-1", "error1": 67.0, "error2": 59.0, "stage1": "Round 3", "stage2": "Round 2", "name": "Stanislas Wawrinka", "children": [{"ace1": 2, "ace2": 3, "result": "6-1 6-1 7-5", "error1": 20.0, "error2": 42.0, "stage1": "Round 2", "stage2": "Round 1", "name": "Stanislas Wawrinka", "children": [{"name": "Stanislas Wawrinka", "stage1": "Round 1", "size": 4540}, {"name": "Benoit Paire", "stage1": "Round 1", "size": 3760}]}, {"ace1": 8, "ace2": 5, "result": "6-1 7-6(5) 6-2", "error1": 23.0, "error2": 38.0, "stage1": "Round 2", "stage2": "Round 1", "name": "Marcos Baghdatis", "children": [{"name": "Marcos Baghdatis", "stage1": "Round 1", "size": 4540}, {"name": "Benjamin Becker", "stage1": "Round 1", "size": 3760}]}]}]}]}]}, {"ace1": 5, "ace2": 5, "result": "6-4 6-3 6-2", "error1": 22.0, "error2": 27.0, "stage1": "Semi Finals", "stage2": "Quarter Finals", "name": "Roger Federer", "children": [{"ace1": 13, "ace2": 0, "result": "6-4 6-2 6-2", "error1": 28.0, "error2": 32.0, "stage1": "Quarter Finals", "stage2": "Round 4", "name": "Roger Federer", "children": [{"ace1": 9, "ace2": 15, "result": "7-6(6) 7-5 6-3", "error1": 13.0, "error2": 35.0, "stage1": "Round 4", "stage2": "Round 3", "name": "Roger Federer", "children": [{"ace1": 0, "ace2": 0, "result": "Missing", "error1": 0.0, "error2": 0.0, "stage1": "Round 3", "stage2": "Round 2", "name": "Roger Federer", "children": [{"ace1": 14, "ace2": 4, "result": "7-5 6-2 6-2", "error1": 33.0, "error2": 42.0, "stage1": "Round 2", "stage2": "Round 1", "name": "Roger Federer", "children": [{"name": "Roger Federer", "stage1": "Round 1", "size": 7160}, {"name": "Alexander Kudryavtsev", "stage1": "Round 1", "size": 2680}]}, {"ace1": 0, "ace2": 0, "result": "Missing", "error1": 0.0, "error2": 0.0, "stage1": "Round 2", "stage2": "Round 1", "name": "Missing", "children": [{"name": "Missing", "stage1": "Round 1", "size": 4240}, {"name": "Missing", "stage1": "Round 1", "size": 4960}]}]}, {"ace1": 20, "ace2": 1, "result": "7-6(4) 3-6 6-3 6-4", "error1": 2.0, "error2": 2.0, "stage1": "Round 3", "stage2": "Round 2", "name": "Ivo Karlovic", "children": [{"ace1": 24, "ace2": 2, "result": "7-6(3) 7-5 6-3", "error1": 3.0, "error2": 8.0, "stage1": "Round 2", "stage2": "Round 1", "name": "Ivo Karlovic", "children": [{"name": "Ivo Karlovic", "stage1": "Round 1", "size": 5110}, {"name": "Jurgen Melzer", "stage1": "Round 1", "size": 2740}]}, {"ace1": 9, "ace2": 8, "result": "2-6 6-3 7-6(3) 6-3", "error1": 3.0, "error2": 12.0, "stage1": "Round 2", "stage2": "Round 1", "name": "Carlos Berlocq", "children": [{"name": "Carlos Berlocq", "stage1": "Round 1", "size": 4560}, {"name": "Jesse Huta Galung", "stage1": "Round 1", "size": 43920}]}]}]}, {"ace1": 13, "ace2": 22, "result": "4-6 7-6(0) 7-6(6) 2-6 6-3", "error1": 61.0, "error2": 78.0, "stage1": "Round 4", "stage2": "Round 3", "name": "Bernard Tomic", "children": [{"ace1": 6, "ace2": 22, "result": "3-6 6-3 7-6(3) 6-3", "error1": 29.0, "error2": 50.0, "stage1": "Round 3", "stage2": "Round 2", "name": "Bernard Tomic", "children": [{"ace1": 7, "ace2": 15, "result": "4-6 6-7(3) 6-4 6-2 7-5", "error1": 60.0, "error2": 83.0, "stage1": "Round 2", "stage2": "Round 1", "name": "Bernard Tomic", "children": [{"name": "Bernard Tomic", "stage1": "Round 1", "size": 4920}, {"name": "Fernando Verdasco", "stage1": "Round 1", "size": 3170}]}, {"ace1": 12, "ace2": 5, "result": "6-3 6-2 6-2", "error1": 4.0, "error2": 7.0, "stage1": "Round 2", "stage2": "Round 1", "name": "Sam Querrey", "children": [{"name": "Sam Querrey", "stage1": "Round 1", "size": 4820}, {"name": "Kenny de Schepper", "stage1": "Round 1", "size": 800}]}]}, {"ace1": 16, "ace2": 2, "result": "4-6 6-1 6-1 3-6 8-6", "error1": 73.0, "error2": 63.0, "stage1": "Round 3", "stage2": "Round 2", "name": "Alexandr Dolgopolov", "children": [{"ace1": 15, "ace2": 8, "result": "1-6 4-6 6-1 6-1 6-2", "error1": 34.0, "error2": 42.0, "stage1": "Round 2", "stage2": "Round 1", "name": "Alexandr Dolgopolov", "children": [{"name": "Alexandr Dolgopolov", "stage1": "Round 1", "size": 4640}, {"name": "Greg Jones", "stage1": "Round 1", "size": 5640}]}, {"ace1": 1, "ace2": 1, "result": "6-2 6-1 6-2", "error1": 3.0, "error2": 1.0, "stage1": "Round 2", "stage2": "Round 1", "name": "Tobias Kamke", "children": [{"name": "Tobias Kamke", "stage1": "Round 1", "size": 5180}, {"name": "Victor Hanescu", "stage1": "Round 1", "size": 4480}]}]}]}]}, {"ace1": 6, "ace2": 3, "result": "6-4 6-2 6-1", "error1": 14.0, "error2": 29.0, "stage1": "Quarter Finals", "stage2": "Round 4", "name": "Juan Martin Del Potro", "children": [{"ace1": 8, "ace2": 6, "result": "6-2 6-3 6-0", "error1": 13.0, "error2": 40.0, "stage1": "Round 4", "stage2": "Round 3", "name": "Juan Martin Del Potro", "children": [{"ace1": 14, "ace2": 3, "result": "6-4 7-5 6-3", "error1": 35.0, "error2": 38.0, "stage1": "Round 3", "stage2": "Round 2", "name": "Juan Martin Del Potro", "children": [{"ace1": 12, "ace2": 7, "result": "2-6 6-1 7-5 6-4", "error1": 39.0, "error2": 49.0, "stage1": "Round 2", "stage2": "Round 1", "name": "Juan Martin Del Potro", "children": [{"name": "Juan Martin Del Potro", "stage1": "Round 1", "size": 5480}, {"name": "Adrian Mannarino", "stage1": "Round 1", "size": 4520}]}, {"ace1": 2, "ace2": 7, "result": "6-4 6-3 6-4", "error1": 5.0, "error2": 3.0, "stage1": "Round 2", "stage2": "Round 1", "name": "Blaz Kavcic", "children": [{"name": "Blaz Kavcic", "stage1": "Round 1", "size": 3120}, {"name": "James Ward", "stage1": "Round 1", "size": 4190}]}]}, {"ace1": 4, "ace2": 5, "result": "7-5 6-2 6-2", "error1": 2.0, "error2": 3.0, "stage1": "Round 3", "stage2": "Round 2", "name": "Yen-Hsun Lu", "children": [{"ace1": 7, "ace2": 10, "result": "6-4 3-6 6-1 3-6 6-3", "error1": 4.0, "error2": 0.0, "stage1": "Round 2", "stage2": "Round 1", "name": "Yen-Hsun Lu", "children": [{"name": "Yen-Hsun Lu", "stage1": "Round 1", "size": 5450}, {"name": "Rik de Voest", "stage1": "Round 1", "size": 4950}]}, {"ace1": 5, "ace2": 4, "result": "6-7(3) 3-6 5-4 ret.", "error1": 2.0, "error2": 1.0, "stage1": "Round 2", "stage2": "Round 1", "name": "Florent Serra", "children": [{"name": "Florent Serra", "stage1": "Round 1", "size": 5760}, {"name": "Steve Darcis", "stage1": "Round 1", "size": 4300}]}]}]}, {"ace1": 4, "ace2": 1, "result": "6-3 6-2 7-6(3)", "error1": 33.0, "error2": 37.0, "stage1": "Round 4", "stage2": "Round 3", "name": "Philipp Kohlschreiber", "children": [{"ace1": 1, "ace2": 0, "result": "6-0 4-0 ret.", "error1": 7.0, "error2": 18.0, "stage1": "Round 3", "stage2": "Round 2", "name": "Philipp Kohlschreiber", "children": [{"ace1": 9, "ace2": 2, "result": "7-5 4-6 6-3 6-7(4) 6-0", "error1": 61.0, "error2": 67.0, "stage1": "Round 2", "stage2": "Round 1", "name": "Philipp Kohlschreiber", "children": [{"name": "Philipp Kohlschreiber", "stage1": "Round 1", "size": 5460}, {"name": "Juan Monaco", "stage1": "Round 1", "size": 3340}]}, {"ace1": 16, "ace2": 2, "result": "7-6(2) 2-6 6-4 7-6(5)", "error1": 3.0, "error2": 7.0, "stage1": "Round 2", "stage2": "Round 1", "name": "Pere Riba", "children": [{"name": "Pere Riba", "stage1": "Round 1", "size": 4360}, {"name": "Albert Montanes", "stage1": "Round 1", "size": 3380}]}]}, {"ace1": 5, "ace2": 5, "result": "7-6(4) 6-3 7-6(6)", "error1": 34.0, "error2": 58.0, "stage1": "Round 3", "stage2": "Round 2", "name": "Alejandro Falla", "children": [{"ace1": 5, "ace2": 2, "result": "6-3 6-2 3-6 6-1", "error1": 3.0, "error2": 8.0, "stage1": "Round 2", "stage2": "Round 1", "name": "Alejandro Falla", "children": [{"name": "Alejandro Falla", "stage1": "Round 1", "size": 5880}, {"name": "Fabio Fognini", "stage1": "Round 1", "size": 2920}]}, {"ace1": 11, "ace2": 9, "result": "6-4 6-4 6-2", "error1": 12.0, "error2": 39.0, "stage1": "Round 2", "stage2": "Round 1", "name": "Mardy Fish", "children": [{"name": "Mardy Fish", "stage1": "Round 1", "size": 4490}, {"name": "Gilles Muller", "stage1": "Round 1", "size": 3490}]}]}]}]}]}]}]}