{"ace1": 8, "ace2": 7, "result": "6-7(2) 7-6(3) 6-3 6-2", "error1": 61.0, "error2": 46.0, "stage1": "Champion", "stage2": "Finals", "name": "Novak Djokovic", "children": [{"ace1": 6, "ace2": 1, "result": "6-2 6-2 6-1", "error1": 16.0, "error2": 32.0, "stage1": "Finals", "stage2": "Semi Finals", "name": "Novak Djokovic", "children": [{"ace1": 10, "ace2": 8, "result": "6-1 4-6 6-1 6-4", "error1": 25.0, "error2": 43.0, "stage1": "Semi Finals", "stage2": "Quarter Finals", "name": "Novak Djokovic", "children": [{"ace1": 7, "ace2": 16, "result": "1-6 7-5 6-4 6-7(5) 12-10", "error1": 66.0, "error2": 93.0, "stage1": "Quarter Finals", "stage2": "Round 4", "name": "Novak Djokovic", "children": [{"ace1": 7, "ace2": 4, "result": "6-4 6-3 7-5", "error1": 19.0, "error2": 37.0, "stage1": "Round 4", "stage2": "Round 3", "name": "Novak Djokovic", "children": [{"ace1": 7, "ace2": 6, "result": "6-1 6-2 6-3", "error1": 16.0, "error2": 28.0, "stage1": "Round 3", "stage2": "Round 2", "name": "Novak Djokovic", "children": [{"ace1": 9, "ace2": 5, "result": "6-2 6-4 7-5", "error1": 15.0, "error2": 32.0, "stage1": "Round 2", "stage2": "Round 1", "name": "Novak Djokovic", "children": [{"name": "Novak Djokovic", "stage1": "Round 1", "size": 5940}, {"name": "Paul-Henri Mathieu", "stage1": "Round 1", "size": 4380}]}, {"ace1": 10, "ace2": 3, "result": "2-6 6-4 7-5 6-4", "error1": 46.0, "error2": 55.0, "stage1": "Round 2", "stage2": "Round 1", "name": "Ryan Harrison", "children": [{"name": "Ryan Harrison", "stage1": "Round 1", "size": 4600}, {"name": "Santiago Giraldo", "stage1": "Round 1", "size": 1240}]}]}, {"ace1": 13, "ace2": 14, "result": "6-2 6-2 6-4", "error1": 14.0, "error2": 35.0, "stage1": "Round 3", "stage2": "Round 2", "name": "Radek Stepanek", "children": [{"ace1": 3, "ace2": 16, "result": "5-7 4-6 6-3 6-3 7-5", "error1": 9.0, "error2": 4.0, "stage1": "Round 2", "stage2": "Round 1", "name": "Radek Stepanek", "children": [{"name": "Radek Stepanek", "stage1": "Round 1", "size": 4460}, {"name": "Viktor Troicki", "stage1": "Round 1", "size": 4180}]}, {"ace1": 26, "ace2": 3, "result": "6-3 6-2 6-4", "error1": 3.0, "error2": 2.0, "stage1": "Round 2", "stage2": "Round 1", "name": "Feliciano Lopez", "children": [{"name": "Feliciano Lopez", "stage1": "Round 1", "size": 5360}, {"name": "Arnau Brugues-Davi", "stage1": "Round 1", "size": 2880}]}]}]}, {"ace1": 13, "ace2": 11, "result": "7-6(6) 7-5 6-4", "error1": 31.0, "error2": 29.0, "stage1": "Round 4", "stage2": "Round 3", "name": "Stanislas Wawrinka", "children": [{"ace1": 11, "ace2": 0, "result": "6-3 7-6(4) ret.", "error1": 51.0, "error2": 26.0, "stage1": "Round 3", "stage2": "Round 2", "name": "Stanislas Wawrinka", "children": [{"ace1": 3, "ace2": 0, "result": "6-2 6-4 6-3", "error1": 1.0, "error2": 2.0, "stage1": "Round 2", "stage2": "Round 1", "name": "Stanislas Wawrinka", "children": [{"name": "Stanislas Wawrinka", "stage1": "Round 1", "size": 5560}, {"name": "Cedrik-Marcel Stebe", "stage1": "Round 1", "size": 4340}]}, {"ace1": 2, "ace2": 1, "result": "6-1 6-4 6-1", "error1": 0.0, "error2": 6.0, "stage1": "Round 2", "stage2": "Round 1", "name": "Tobias Kamke", "children": [{"name": "Tobias Kamke", "stage1": "Round 1", "size": 1680}, {"name": "Flavio Cipolla", "stage1": "Round 1", "size": 3000}]}]}, {"ace1": 5, "ace2": 5, "result": "6-7(2) 1-1 ret.", "error1": 18.0, "error2": 16.0, "stage1": "Round 3", "stage2": "Round 2", "name": "Sam Querrey", "children": [{"ace1": 27, "ace2": 5, "result": "6-7(2) 6-4 6-2 6-4", "error1": 43.0, "error2": 39.0, "stage1": "Round 2", "stage2": "Round 1", "name": "Sam Querrey", "children": [{"name": "Sam Querrey", "stage1": "Round 1", "size": 5680}, {"name": "Daniel Munoz-De La Nava", "stage1": "Round 1", "size": 4980}]}, {"ace1": 13, "ace2": 3, "result": "7-6(4) 6-3 6-7(0) 3-6 6-2", "error1": 4.0, "error2": 3.0, "stage1": "Round 2", "stage2": "Round 1", "name": "Brian Baker", "children": [{"name": "Brian Baker", "stage1": "Round 1", "size": 4840}, {"name": "Alex Jr. Bogomolov", "stage1": "Round 1", "size": 4780}]}]}]}]}, {"ace1": 6, "ace2": 11, "result": "6-3 6-2 7-6(13)", "error1": 28.0, "error2": 42.0, "stage1": "Quarter Finals", "stage2": "Round 4", "name": "Tomas Berdych", "children": [{"ace1": 12, "ace2": 3, "result": "6-3 6-2 6-2", "error1": 19.0, "error2": 29.0, "stage1": "Round 4", "stage2": "Round 3", "name": "Tomas Berdych", "children": [{"ace1": 8, "ace2": 6, "result": "6-2 6-2 6-4", "error1": 24.0, "error2": 38.0, "stage1": "Round 3", "stage2": "Round 2", "name": "Tomas Berdych", "children": [{"ace1": 5, "ace2": 1, "result": "6-3 7-5 6-3", "error1": 37.0, "error2": 42.0, "stage1": "Round 2", "stage2": "Round 1", "name": "Tomas Berdych", "children": [{"name": "Tomas Berdych", "stage1": "Round 1", "size": 5900}, {"name": "Michael Russell", "stage1": "Round 1", "size": 4140}]}, {"ace1": 5, "ace2": 2, "result": "4-6 7-6(4) 6-1 6-2", "error1": 4.0, "error2": 4.0, "stage1": "Round 2", "stage2": "Round 1", "name": "Guillaume Rufin", "children": [{"name": "Guillaume Rufin", "stage1": "Round 1", "size": 6000}, {"name": "Julian Reister", "stage1": "Round 1", "size": 4260}]}]}, {"ace1": 16, "ace2": 4, "result": "6-7(4) 6-3 6-7(3) 6-3 6-2", "error1": 5.0, "error2": 3.0, "stage1": "Round 3", "stage2": "Round 2", "name": "Jurgen Melzer", "children": [{"ace1": 10, "ace2": 1, "result": "6-1 6-1 6-2", "error1": 2.0, "error2": 4.0, "stage1": "Round 2", "stage2": "Round 1", "name": "Jurgen Melzer", "children": [{"name": "Jurgen Melzer", "stage1": "Round 1", "size": 4400}, {"name": "Kei Nishikori", "stage1": "Round 1", "size": 5400}]}, {"ace1": 1, "ace2": 6, "result": "6-0 2-6 6-4 3-6 6-1", "error1": 7.0, "error2": 5.0, "stage1": "Round 2", "stage2": "Round 1", "name": "Roberto Bautista-Agut", "children": [{"name": "Roberto Bautista-Agut", "stage1": "Round 1", "size": 3620}, {"name": "Fabio Fognini", "stage1": "Round 1", "size": 4560}]}]}]}, {"ace1": 9, "ace2": 5, "result": "4-6 6-3 4-6 7-6(4) 6-2", "error1": 46.0, "error2": 42.0, "stage1": "Round 4", "stage2": "Round 3", "name": "Kevin Anderson", "children": [{"ace1": 19, "ace2": 6, "result": "6-1 7-5 6-4", "error1": 16.0, "error2": 33.0, "stage1": "Round 3", "stage2": "Round 2", "name": "Kevin Anderson", "children": [{"ace1": 9, "ace2": 5, "result": "3-6 7-6(3) 6-3 6-4", "error1": 48.0, "error2": 38.0, "stage1": "Round 2", "stage2": "Round 1", "name": "Kevin Anderson", "children": [{"name": "Kevin Anderson", "stage1": "Round 1", "size": 6000}, {"name": "Paolo Lorenzi", "stage1": "Round 1", "size": 4160}]}, {"ace1": 5, "ace2": 1, "result": "7-6(3) 6-1 6-1", "error1": 49.0, "error2": 46.0, "stage1": "Round 2", "stage2": "Round 1", "name": "Andrey Kuznetsov", "children": [{"name": "Andrey Kuznetsov", "stage1": "Round 1", "size": 3260}, {"name": "Juan Monaco", "stage1": "Round 1", "size": 5100}]}]}, {"ace1": 2, "ace2": 3, "result": "6-1 6-3 6-2", "error1": 30.0, "error2": 45.0, "stage1": "Round 3", "stage2": "Round 2", "name": "Fernando Verdasco", "children": [{"ace1": 5, "ace2": 6, "result": "6-3 3-6 4-6 6-3 6-4", "error1": 58.0, "error2": 54.0, "stage1": "Round 2", "stage2": "Round 1", "name": "Fernando Verdasco", "children": [{"name": "Fernando Verdasco", "stage1": "Round 1", "size": 5800}, {"name": "David Goffin", "stage1": "Round 1", "size": 3020}]}, {"ace1": 6, "ace2": 1, "result": "6-3 6-1 6-2", "error1": 0.0, "error2": 5.0, "stage1": "Round 2", "stage2": "Round 1", "name": "Xavier Malisse", "children": [{"name": "Xavier Malisse", "stage1": "Round 1", "size": 4200}, {"name": "Pablo Andujar", "stage1": "Round 1", "size": 3920}]}]}]}]}]}, {"ace1": 16, "ace2": 15, "result": "4-6 4-6 7-5 7-6(4) 6-2", "error1": 51.0, "error2": 75.0, "stage1": "Semi Finals", "stage2": "Quarter Finals", "name": "David Ferrer", "children": [{"ace1": 6, "ace2": 1, "result": "6-2 6-1 6-4", "error1": 24.0, "error2": 65.0, "stage1": "Quarter Finals", "stage2": "Round 4", "name": "David Ferrer", "children": [{"ace1": 5, "ace2": 4, "result": "6-4 6-2 6-3", "error1": 30.0, "error2": 42.0, "stage1": "Round 4", "stage2": "Round 3", "name": "David Ferrer", "children": [{"ace1": 3, "ace2": 4, "result": "6-0 7-5 4-6 6-3", "error1": 24.0, "error2": 77.0, "stage1": "Round 3", "stage2": "Round 2", "name": "David Ferrer", "children": [{"ace1": 2, "ace2": 0, "result": "6-3 6-4 6-2", "error1": 17.0, "error2": 31.0, "stage1": "Round 2", "stage2": "Round 1", "name": "David Ferrer", "children": [{"name": "David Ferrer", "stage1": "Round 1", "size": 6920}, {"name": "Olivier Rochus", "stage1": "Round 1", "size": 2570}]}, {"ace1": 4, "ace2": 16, "result": "6-4 7-6(5) 7-5", "error1": 2.0, "error2": 4.0, "stage1": "Round 2", "stage2": "Round 1", "name": "Tim Smyczek", "children": [{"name": "Tim Smyczek", "stage1": "Round 1", "size": 4160}, {"name": "Ivo Karlovic", "stage1": "Round 1", "size": 2490}]}]}, {"ace1": 6, "ace2": 2, "result": "3-6 6-3 6-2 6-2", "error1": 32.0, "error2": 53.0, "stage1": "Round 3", "stage2": "Round 2", "name": "Marcos Baghdatis", "children": [{"ace1": 21, "ace2": 5, "result": "6-7(0) 7-6(4) 6-4 3-6 6-3", "error1": 80.0, "error2": 78.0, "stage1": "Round 2", "stage2": "Round 1", "name": "Marcos Baghdatis", "children": [{"name": "Marcos Baghdatis", "stage1": "Round 1", "size": 4250}, {"name": "Albert Ramos", "stage1": "Round 1", "size": 2460}]}, {"ace1": 3, "ace2": 17, "result": "6-4 6-4 3-6 0-6 7-5", "error1": 102.0, "error2": 80.0, "stage1": "Round 2", "stage2": "Round 1", "name": "Tatsuma Ito", "children": [{"name": "Tatsuma Ito", "stage1": "Round 1", "size": 4180}, {"name": "John Millman", "stage1": "Round 1", "size": 3230}]}]}]}, {"ace1": 7, "ace2": 5, "result": "7-6(3) 6-2 6-3", "error1": 33.0, "error2": 37.0, "stage1": "Round 4", "stage2": "Round 3", "name": "Kei Nishikori", "children": [{"ace1": 6, "ace2": 3, "result": "7-6(4) 6-4 6-1", "error1": 31.0, "error2": 40.0, "stage1": "Round 3", "stage2": "Round 2", "name": "Kei Nishikori", "children": [{"ace1": 6, "ace2": 6, "result": "6-7(5) 6-3 6-1 6-3", "error1": 50.0, "error2": 38.0, "stage1": "Round 2", "stage2": "Round 1", "name": "Kei Nishikori", "children": [{"name": "Kei Nishikori", "stage1": "Round 1", "size": 7490}, {"name": "Victor Hanescu", "stage1": "Round 1", "size": 4580}]}, {"ace1": 10, "ace2": 4, "result": "1-6 7-6(5) 7-6(4) 6-2", "error1": 9.0, "error2": 6.0, "stage1": "Round 2", "stage2": "Round 1", "name": "Carlos Berlocq", "children": [{"name": "Carlos Berlocq", "stage1": "Round 1", "size": 4760}, {"name": "Maxime Authom", "stage1": "Round 1", "size": 3150}]}]}, {"ace1": 20, "ace2": 4, "result": "3-6 7-6(4) 6-2 3-6 6-3", "error1": 1.0, "error2": 4.0, "stage1": "Round 3", "stage2": "Round 2", "name": "Evgeny Donskoy", "children": [{"ace1": 12, "ace2": 3, "result": "6-4 6-4 6-2", "error1": 3.0, "error2": 5.0, "stage1": "Round 2", "stage2": "Round 1", "name": "Evgeny Donskoy", "children": [{"name": "Evgeny Donskoy", "stage1": "Round 1", "size": 6250}, {"name": "Adrian Ungur", "stage1": "Round 1", "size": 4370}]}, {"ace1": 0, "ace2": 0, "result": "Missing", "error1": 0.0, "error2": 0.0, "stage1": "Round 2", "stage2": "Round 1", "name": "Mikhail Youzhny", "children": [{"name": "Mikhail Youzhny", "stage1": "Round 1", "size": 3020}, {"name": "Missing", "stage1": "Round 1", "size": 2010}]}]}]}]}, {"ace1": 6, "ace2": 2, "result": "6-2 5-1 ret.", "error1": 17.0, "error2": 22.0, "stage1": "Quarter Finals", "stage2": "Round 4", "name": "Nicolas Almagro", "children": [{"ace1": 18, "ace2": 11, "result": "7-6(3) 7-6(4) 6-1", "error1": 25.0, "error2": 45.0, "stage1": "Round 4", "stage2": "Round 3", "name": "Nicolas Almagro", "children": [{"ace1": 10, "ace2": 4, "result": "6-4 6-1 6-2", "error1": 25.0, "error2": 34.0, "stage1": "Round 3", "stage2": "Round 2", "name": "Nicolas Almagro", "children": [{"ace1": 34, "ace2": 21, "result": "7-5 6-7(4) 6-2 6-7(6) 6-2", "error1": 29.0, "error2": 61.0, "stage1": "Round 2", "stage2": "Round 1", "name": "Nicolas Almagro", "children": [{"name": "Nicolas Almagro", "stage1": "Round 1", "size": 8200}, {"name": "Steve Johnson", "stage1": "Round 1", "size": 3120}]}, {"ace1": 15, "ace2": 4, "result": "6-7(4) 6-4 6-0 4-6 6-4", "error1": 6.0, "error2": 4.0, "stage1": "Round 2", "stage2": "Round 1", "name": "Daniel Gimeno-Traver", "children": [{"name": "Daniel Gimeno-Traver", "stage1": "Round 1", "size": 3100}, {"name": "Lukasz Kubot", "stage1": "Round 1", "size": 2920}]}]}, {"ace1": 15, "ace2": 9, "result": "6-7(10) 3-6 6-1 6-0 7-5", "error1": 88.0, "error2": 20.0, "stage1": "Round 3", "stage2": "Round 2", "name": "Jerzy Janowicz", "children": [{"ace1": 12, "ace2": 3, "result": "7-5 6-4 6-3", "error1": 38.0, "error2": 44.0, "stage1": "Round 2", "stage2": "Round 1", "name": "Jerzy Janowicz", "children": [{"name": "Jerzy Janowicz", "stage1": "Round 1", "size": 5920}, {"name": "Simone Bolelli", "stage1": "Round 1", "size": 5010}]}, {"ace1": 4, "ace2": 2, "result": "6-3 6-2 6-3", "error1": 1.0, "error2": 2.0, "stage1": "Round 2", "stage2": "Round 1", "name": "Somdev Devvarman", "children": [{"name": "Somdev Devvarman", "stage1": "Round 1", "size": 3120}, {"name": "Bjorn Phau", "stage1": "Round 1", "size": 4220}]}]}]}, {"ace1": 13, "ace2": 12, "result": "3-6 6-4 2-6 6-4 6-3", "error1": 46.0, "error2": 55.0, "stage1": "Round 4", "stage2": "Round 3", "name": "Janko Tipsarevic", "children": [{"ace1": 15, "ace2": 12, "result": "6-3 6-4 3-6 4-6 7-5", "error1": 44.0, "error2": 61.0, "stage1": "Round 3", "stage2": "Round 2", "name": "Janko Tipsarevic", "children": [{"ace1": 14, "ace2": 5, "result": "7-6(4) 7-5 6-3", "error1": 38.0, "error2": 48.0, "stage1": "Round 2", "stage2": "Round 1", "name": "Janko Tipsarevic", "children": [{"name": "Janko Tipsarevic", "stage1": "Round 1", "size": 6360}, {"name": "Lleyton Hewitt", "stage1": "Round 1", "size": 5380}]}, {"ace1": 12, "ace2": 10, "result": "6-2 6-4 7-6(3)", "error1": 4.0, "error2": 7.0, "stage1": "Round 2", "stage2": "Round 1", "name": "Lukas Lacko", "children": [{"name": "Lukas Lacko", "stage1": "Round 1", "size": 4000}, {"name": "Gilles Muller", "stage1": "Round 1", "size": 3920}]}]}, {"ace1": 9, "ace2": 13, "result": "4-6 7-5 7-6(5) 7-6(5)", "error1": 43.0, "error2": 57.0, "stage1": "Round 3", "stage2": "Round 2", "name": "Julien Benneteau", "children": [{"ace1": 6, "ace2": 5, "result": "6-4 6-2 6-4", "error1": 2.0, "error2": 1.0, "stage1": "Round 2", "stage2": "Round 1", "name": "Julien Benneteau", "children": [{"name": "Julien Benneteau", "stage1": "Round 1", "size": 5260}, {"name": "Grigor Dimitrov", "stage1": "Round 1", "size": 3349}]}, {"ace1": 15, "ace2": 14, "result": "6-3 6-7(5) 2-6 7-5 11-9", "error1": 10.0, "error2": 5.0, "stage1": "Round 2", "stage2": "Round 1", "name": "Edouard Roger-Vasselin", "children": [{"name": "Edouard Roger-Vasselin", "stage1": "Round 1", "size": 5270}, {"name": "Ruben Bemelmans", "stage1": "Round 1", "size": 4124}]}]}]}]}]}]}, {"ace1": 21, "ace2": 5, "result": "6-4 6-7(5) 6-3 6-7(2) 6-2", "error1": 47.0, "error2": 60.0, "stage1": "Finals", "stage2": "Semi Finals", "name": "Andy Murray", "children": [{"ace1": 7, "ace2": 6, "result": "6-4 6-1 6-2", "error1": 20.0, "error2": 30.0, "stage1": "Semi Finals", "stage2": "Quarter Finals", "name": "Andy Murray", "children": [{"ace1": 12, "ace2": 1, "result": "6-3 6-1 6-3", "error1": 26.0, "error2": 41.0, "stage1": "Quarter Finals", "stage2": "Round 4", "name": "Andy Murray", "children": [{"ace1": 13, "ace2": 6, "result": "6-3 6-4 7-5", "error1": 27.0, "error2": 47.0, "stage1": "Round 4", "stage2": "Round 3", "name": "Andy Murray", "children": [{"ace1": 14, "ace2": 3, "result": "6-2 6-2 6-4", "error1": 22.0, "error2": 33.0, "stage1": "Round 3", "stage2": "Round 2", "name": "Andy Murray", "children": [{"ace1": 4, "ace2": 2, "result": "6-3 6-1 6-3", "error1": 20.0, "error2": 35.0, "stage1": "Round 2", "stage2": "Round 1", "name": "Andy Murray", "children": [{"name": "Andy Murray", "stage1": "Round 1", "size": 7100}, {"name": "Robin Haase", "stage1": "Round 1", "size": 3620}]}, {"ace1": 4, "ace2": 2, "result": "6-4 6-1 6-4", "error1": 4.0, "error2": 1.0, "stage1": "Round 2", "stage2": "Round 1", "name": "Joao Sousa", "children": [{"name": "Joao Sousa", "stage1": "Round 1", "size": 2560}, {"name": "John-Patrick Smith", "stage1": "Round 1", "size": 4060}]}]}, {"ace1": 5, "ace2": 4, "result": "6-2 6-3 6-1", "error1": 18.0, "error2": 23.0, "stage1": "Round 3", "stage2": "Round 2", "name": "Richard Berankis", "children": [{"ace1": 6, "ace2": 6, "result": "6-2 7-6(4) 7-5", "error1": 3.0, "error2": 2.0, "stage1": "Round 2", "stage2": "Round 1", "name": "Richard Berankis", "children": [{"name": "Richard Berankis", "stage1": "Round 1", "size": 4460}, {"name": "Sergiy Stakhovsky", "stage1": "Round 1", "size": 6000}]}, {"ace1": 9, "ace2": 15, "result": "2-6 3-6 6-2 7-6(12) 6-1", "error1": 2.0, "error2": 8.0, "stage1": "Round 2", "stage2": "Round 1", "name": "Florian Mayer", "children": [{"name": "Florian Mayer", "stage1": "Round 1", "size": 4320}, {"name": "Rhyne Williams", "stage1": "Round 1", "size": 1460}]}]}]}, {"ace1": 0, "ace2": 9, "result": "6-4 6-4 4-6 1-6 8-6", "error1": 84.0, "error2": 94.0, "stage1": "Round 4", "stage2": "Round 3", "name": "Gilles Simon", "children": [{"ace1": 12, "ace2": 7, "result": "2-6 6-3 7-6(4) 6-2", "error1": 55.0, "error2": 67.0, "stage1": "Round 3", "stage2": "Round 2", "name": "Gilles Simon", "children": [{"ace1": 8, "ace2": 1, "result": "2-6 6-3 6-2 6-2", "error1": 35.0, "error2": 53.0, "stage1": "Round 2", "stage2": "Round 1", "name": "Gilles Simon", "children": [{"name": "Gilles Simon", "stage1": "Round 1", "size": 6940}, {"name": "Filippo Volandri", "stage1": "Round 1", "size": 1620}]}, {"ace1": 5, "ace2": 14, "result": "7-6(5) 6-7(2) 6-4 6-4", "error1": 7.0, "error2": 3.0, "stage1": "Round 2", "stage2": "Round 1", "name": "Jesse Levine", "children": [{"name": "Jesse Levine", "stage1": "Round 1", "size": 5260}, {"name": "Tommy Robredo", "stage1": "Round 1", "size": 3520}]}]}, {"ace1": 29, "ace2": 10, "result": "7-6(5) 4-6 0-6 6-1 8-6", "error1": 72.0, "error2": 49.0, "stage1": "Round 3", "stage2": "Round 2", "name": "Gael Monfils", "children": [{"ace1": 26, "ace2": 7, "result": "6-7(7) 7-6(4) 6-3 6-3", "error1": 57.0, "error2": 55.0, "stage1": "Round 2", "stage2": "Round 1", "name": "Gael Monfils", "children": [{"name": "Gael Monfils", "stage1": "Round 1", "size": 5380}, {"name": "Alexandr Dolgopolov", "stage1": "Round 1", "size": 4660}]}, {"ace1": 10, "ace2": 9, "result": "6-2 6-1 4-6 6-1", "error1": 1.0, "error2": 3.0, "stage1": "Round 2", "stage2": "Round 1", "name": "Yen-Hsun Lu", "children": [{"name": "Yen-Hsun Lu", "stage1": "Round 1", "size": 4100}, {"name": "Ruben Ramirez-Hidalgo", "stage1": "Round 1", "size": 3300}]}]}]}]}, {"ace1": 11, "ace2": 9, "result": "5-7 6-3 6-2 6-2", "error1": 42.0, "error2": 44.0, "stage1": "Quarter Finals", "stage2": "Round 4", "name": "Jeremy Chardy", "children": [{"ace1": 20, "ace2": 13, "result": "6-3 6-3 6-7(3) 3-6 6-3", "error1": 64.0, "error2": 35.0, "stage1": "Round 4", "stage2": "Round 3", "name": "Jeremy Chardy", "children": [{"ace1": 7, "ace2": 5, "result": "6-3 3-6 6-1 6-2", "error1": 40.0, "error2": 19.0, "stage1": "Round 3", "stage2": "Round 2", "name": "Jeremy Chardy", "children": [{"ace1": 21, "ace2": 12, "result": "7-6(5) 6-7(3) 6-2 6-1", "error1": 8.0, "error2": 4.0, "stage1": "Round 2", "stage2": "Round 1", "name": "Jeremy Chardy", "children": [{"name": "Jeremy Chardy", "stage1": "Round 1", "size": 6120}, {"name": "Adrian Menendez-Maceiras", "stage1": "Round 1", "size": 2960}]}, {"ace1": 5, "ace2": 7, "result": "7-6(6) 7-6(5) 1-0 ret.", "error1": 3.0, "error2": 4.0, "stage1": "Round 2", "stage2": "Round 1", "name": "Marcel Granollers", "children": [{"name": "Marcel Granollers", "stage1": "Round 1", "size": 5120}, {"name": "Grega Zemlja", "stage1": "Round 1", "size": 2990}]}]}, {"ace1": 22, "ace2": 10, "result": "6-2 6-4 6-2", "error1": 18.0, "error2": 23.0, "stage1": "Round 3", "stage2": "Round 2", "name": "Juan Martin Del Potro", "children": [{"ace1": 7, "ace2": 4, "result": "6-1 6-2 6-2", "error1": 8.0, "error2": 35.0, "stage1": "Round 2", "stage2": "Round 1", "name": "Juan Martin Del Potro", "children": [{"name": "Juan Martin Del Potro", "stage1": "Round 1", "size": 5190}, {"name": "Adrian Mannarino", "stage1": "Round 1", "size": 1950}]}, {"ace1": 16, "ace2": 11, "result": "4-6 6-3 7-5 7-6(1)", "error1": 7.0, "error2": 6.0, "stage1": "Round 2", "stage2": "Round 1", "name": "Benjamin Becker", "children": [{"name": "Benjamin Becker", "stage1": "Round 1", "size": 4680}, {"name": "Aljaz Bedene", "stage1": "Round 1", "size": 460}]}]}]}, {"ace1": 6, "ace2": 13, "result": "6-7(2) 6-3 2-6 6-4 6-2", "error1": 66.0, "error2": 67.0, "stage1": "Round 4", "stage2": "Round 3", "name": "Andreas Seppi", "children": [{"ace1": 13, "ace2": 16, "result": "7-6(4) 5-7 6-7(3) 7-6(3) 6-2", "error1": 6.0, "error2": 1.0, "stage1": "Round 3", "stage2": "Round 2", "name": "Andreas Seppi", "children": [{"ace1": 12, "ace2": 6, "result": "6-2 6-4 6-2", "error1": 1.0, "error2": 2.0, "stage1": "Round 2", "stage2": "Round 1", "name": "Andreas Seppi", "children": [{"name": "Andreas Seppi", "stage1": "Round 1", "size": 5460}, {"name": "Horacio Zeballos", "stage1": "Round 1", "size": 4850}]}, {"ace1": 3, "ace2": 7, "result": "4-6 6-3 6-4 6-2", "error1": 1.0, "error2": 0.0, "stage1": "Round 2", "stage2": "Round 1", "name": "Denis Istomin", "children": [{"name": "Denis Istomin", "stage1": "Round 1", "size": 5120}, {"name": "Igor Sijsling", "stage1": "Round 1", "size": 4740}]}]}, {"ace1": 9, "ace2": 1, "result": "7-5 6-2 6-4", "error1": 22.0, "error2": 27.0, "stage1": "Round 3", "stage2": "Round 2", "name": "Marin Cilic", "children": [{"ace1": 9, "ace2": 2, "result": "6-4 7-5 6-2", "error1": 33.0, "error2": 40.0, "stage1": "Round 2", "stage2": "Round 1", "name": "Marin Cilic", "children": [{"name": "Marin Cilic", "stage1": "Round 1", "size": 4540}, {"name": "Marinko Matosevic", "stage1": "Round 1", "size": 3760}]}, {"ace1": 11, "ace2": 12, "result": "6-4 6-4 3-6 6-2", "error1": 1.0, "error2": 4.0, "stage1": "Round 2", "stage2": "Round 1", "name": "Rajeev Ram", "children": [{"name": "Rajeev Ram", "stage1": "Round 1", "size": 4540}, {"name": "Guillermo Garcia-Lopez", "stage1": "Round 1", "size": 3760}]}]}]}]}]}, {"ace1": 6, "ace2": 20, "result": "7-6(4) 4-6 7-6(4) 3-6 6-3", "error1": 47.0, "error2": 61.0, "stage1": "Semi Finals", "stage2": "Quarter Finals", "name": "Roger Federer", "children": [{"ace1": 14, "ace2": 19, "result": "6-4 7-6(4) 6-2", "error1": 12.0, "error2": 41.0, "stage1": "Quarter Finals", "stage2": "Round 4", "name": "Roger Federer", "children": [{"ace1": 11, "ace2": 8, "result": "6-4 7-6(5) 6-1", "error1": 20.0, "error2": 41.0, "stage1": "Round 4", "stage2": "Round 3", "name": "Roger Federer", "children": [{"ace1": 9, "ace2": 9, "result": "6-3 6-4 6-4", "error1": 42.0, "error2": 39.0, "stage1": "Round 3", "stage2": "Round 2", "name": "Roger Federer", "children": [{"ace1": 3, "ace2": 8, "result": "6-2 6-4 6-1", "error1": 18.0, "error2": 27.0, "stage1": "Round 2", "stage2": "Round 1", "name": "Roger Federer", "children": [{"name": "Roger Federer", "stage1": "Round 1", "size": 7160}, {"name": "Benoit Paire", "stage1": "Round 1", "size": 2680}]}, {"ace1": 4, "ace2": 1, "result": "3-6 6-1 7-5 6-3", "error1": 3.0, "error2": 2.0, "stage1": "Round 2", "stage2": "Round 1", "name": "Nikolay Davydenko", "children": [{"name": "Nikolay Davydenko", "stage1": "Round 1", "size": 4240}, {"name": "Dudi Sela", "stage1": "Round 1", "size": 4960}]}]}, {"ace1": 26, "ace2": 23, "result": "6-7(4) 7-5 7-6(3) 7-6(8)", "error1": 34.0, "error2": 41.0, "stage1": "Round 3", "stage2": "Round 2", "name": "Bernard Tomic", "children": [{"ace1": 6, "ace2": 4, "result": "6-3 6-2 6-3", "error1": 15.0, "error2": 22.0, "stage1": "Round 2", "stage2": "Round 1", "name": "Bernard Tomic", "children": [{"name": "Bernard Tomic", "stage1": "Round 1", "size": 5110}, {"name": "Leonardo Mayer", "stage1": "Round 1", "size": 2740}]}, {"ace1": 14, "ace2": 13, "result": "6-3 3-6 6-3 6-4", "error1": 2.0, "error2": 1.0, "stage1": "Round 2", "stage2": "Round 1", "name": "Daniel Brands", "children": [{"name": "Daniel Brands", "stage1": "Round 1", "size": 4560}, {"name": "Martin Klizan", "stage1": "Round 1", "size": 43920}]}]}]}, {"ace1": 23, "ace2": 5, "result": "7-6(4) 6-3 6-4", "error1": 38.0, "error2": 27.0, "stage1": "Round 4", "stage2": "Round 3", "name": "Milos Raonic", "children": [{"ace1": 18, "ace2": 13, "result": "7-6(2) 6-2 6-3", "error1": 6.0, "error2": 6.0, "stage1": "Round 3", "stage2": "Round 2", "name": "Milos Raonic", "children": [{"ace1": 30, "ace2": 3, "result": "3-6 6-1 6-2 7-6(0)", "error1": 50.0, "error2": 40.0, "stage1": "Round 2", "stage2": "Round 1", "name": "Milos Raonic", "children": [{"name": "Milos Raonic", "stage1": "Round 1", "size": 4920}, {"name": "Jan Hajek", "stage1": "Round 1", "size": 3170}]}, {"ace1": 9, "ace2": 8, "result": "7-6(5) 7-5 6-2", "error1": 2.0, "error2": 1.0, "stage1": "Round 2", "stage2": "Round 1", "name": "Lukas Rosol", "children": [{"name": "Lukas Rosol", "stage1": "Round 1", "size": 4820}, {"name": "Jamie Baker", "stage1": "Round 1", "size": 800}]}]}, {"ace1": 12, "ace2": 8, "result": "6-2 7-6(4) 6-4", "error1": 14.0, "error2": 40.0, "stage1": "Round 3", "stage2": "Round 2", "name": "Philipp Kohlschreiber", "children": [{"ace1": 10, "ace2": 0, "result": "6-2 6-3 6-4", "error1": 19.0, "error2": 25.0, "stage1": "Round 2", "stage2": "Round 1", "name": "Philipp Kohlschreiber", "children": [{"name": "Philipp Kohlschreiber", "stage1": "Round 1", "size": 4640}, {"name": "Steve Darcis", "stage1": "Round 1", "size": 5640}]}, {"ace1": 12, "ace2": 6, "result": "7-6(2) 7-5 6-2", "error1": 2.0, "error2": 2.0, "stage1": "Round 2", "stage2": "Round 1", "name": "Amir Weintraub", "children": [{"name": "Amir Weintraub", "stage1": "Round 1", "size": 5180}, {"name": "Guido Pella", "stage1": "Round 1", "size": 4480}]}]}]}]}, {"ace1": 9, "ace2": 7, "result": "6-4 3-6 6-3 6-2", "error1": 36.0, "error2": 31.0, "stage1": "Quarter Finals", "stage2": "Round 4", "name": "Jo-Wilfried Tsonga", "children": [{"ace1": 7, "ace2": 1, "result": "6-2 6-1 6-4", "error1": 24.0, "error2": 23.0, "stage1": "Round 4", "stage2": "Round 3", "name": "Jo-Wilfried Tsonga", "children": [{"ace1": 17, "ace2": 5, "result": "6-3 7-6(1) 6-3", "error1": 33.0, "error2": 26.0, "stage1": "Round 3", "stage2": "Round 2", "name": "Jo-Wilfried Tsonga", "children": [{"ace1": 12, "ace2": 5, "result": "6-4 7-5 6-2", "error1": 18.0, "error2": 28.0, "stage1": "Round 2", "stage2": "Round 1", "name": "Jo-Wilfried Tsonga", "children": [{"name": "Jo-Wilfried Tsonga", "stage1": "Round 1", "size": 5480}, {"name": "Michael Llodra", "stage1": "Round 1", "size": 4520}]}, {"ace1": 6, "ace2": 8, "result": "6-7(4) 6-3 6-2 6-3", "error1": 36.0, "error2": 54.0, "stage1": "Round 2", "stage2": "Round 1", "name": "Go Soeda", "children": [{"name": "Go Soeda", "stage1": "Round 1", "size": 3120}, {"name": "Luke Saville", "stage1": "Round 1", "size": 4190}]}]}, {"ace1": 22, "ace2": 25, "result": "3-6 6-3 6-4 6-7(3) 10-8", "error1": 48.0, "error2": 72.0, "stage1": "Round 3", "stage2": "Round 2", "name": "Blaz Kavcic", "children": [{"ace1": 4, "ace2": 4, "result": "6-3 6-1 6-3", "error1": 1.0, "error2": 8.0, "stage1": "Round 2", "stage2": "Round 1", "name": "Blaz Kavcic", "children": [{"name": "Blaz Kavcic", "stage1": "Round 1", "size": 5450}, {"name": "Thomaz Bellucci", "stage1": "Round 1", "size": 4950}]}, {"ace1": 28, "ace2": 14, "result": "6-4 7-6(8) 4-6 5-7 8-6", "error1": 77.0, "error2": 71.0, "stage1": "Round 2", "stage2": "Round 1", "name": "James Duckworth", "children": [{"name": "James Duckworth", "stage1": "Round 1", "size": 5760}, {"name": "Benjamin Mitchell", "stage1": "Round 1", "size": 4300}]}]}]}, {"ace1": 10, "ace2": 9, "result": "4-6 6-3 7-6(2) 6-0", "error1": 28.0, "error2": 47.0, "stage1": "Round 4", "stage2": "Round 3", "name": "Richard Gasquet", "children": [{"ace1": 13, "ace2": 7, "result": "6-3 6-2 6-2", "error1": 13.0, "error2": 36.0, "stage1": "Round 3", "stage2": "Round 2", "name": "Richard Gasquet", "children": [{"ace1": 13, "ace2": 6, "result": "7-5 6-2 6-1", "error1": 23.0, "error2": 31.0, "stage1": "Round 2", "stage2": "Round 1", "name": "Richard Gasquet", "children": [{"name": "Richard Gasquet", "stage1": "Round 1", "size": 5460}, {"name": "Albert Montanes", "stage1": "Round 1", "size": 3340}]}, {"ace1": 6, "ace2": 13, "result": "6-4 7-5 6-4", "error1": 2.0, "error2": 8.0, "stage1": "Round 2", "stage2": "Round 1", "name": "Alejandro Falla", "children": [{"name": "Alejandro Falla", "stage1": "Round 1", "size": 4360}, {"name": "Josselin Ouanna", "stage1": "Round 1", "size": 3380}]}]}, {"ace1": 33, "ace2": 9, "result": "6-3 6-7(4) 6-3 6-7(4) 6-1", "error1": 4.0, "error2": 3.0, "stage1": "Round 3", "stage2": "Round 2", "name": "Ivan Dodig", "children": [{"ace1": 14, "ace2": 4, "result": "7-5 4-6 6-3 6-3", "error1": 58.0, "error2": 53.0, "stage1": "Round 2", "stage2": "Round 1", "name": "Ivan Dodig", "children": [{"name": "Ivan Dodig", "stage1": "Round 1", "size": 5880}, {"name": "Di Wu", "stage1": "Round 1", "size": 2920}]}, {"ace1": 19, "ace2": 17, "result": "7-6(3) 4-6 6-3 4-6 8-6", "error1": 69.0, "error2": 83.0, "stage1": "Round 2", "stage2": "Round 1", "name": "Jarkko Nieminen", "children": [{"name": "Jarkko Nieminen", "stage1": "Round 1", "size": 4490}, {"name": "Tommy Haas", "stage1": "Round 1", "size": 3490}]}]}]}]}]}]}]}