{"ace1": 19, "ace2": 1, "result": "6-3 6-2 3-6 6-3", "error1": 49.0, "error2": 32.0, "stage1": "Champion", "stage2": "Finals", "name": "Stanislas Wawrinka", "children": [{"ace1": 18, "ace2": 21, "result": "6-3 6-7(1) 7-6(3) 7-6(4)", "error1": 49.0, "error2": 49.0, "stage1": "Finals", "stage2": "Semi Finals", "name": "Stanislas Wawrinka", "children": [{"ace1": 17, "ace2": 7, "result": "2-6 6-4 6-2 3-6 9-7", "error1": 60.0, "error2": 60.0, "stage1": "Semi Finals", "stage2": "Quarter Finals", "name": "Stanislas Wawrinka", "children": [{"ace1": 14, "ace2": 1, "result": "6-3 7-6(3) 7-6(5)", "error1": 37.0, "error2": 22.0, "stage1": "Quarter Finals", "stage2": "Round 4", "name": "Stanislas Wawrinka", "children": [{"ace1": 0, "ace2": 0, "result": "Missing", "error1": 0.0, "error2": 0.0, "stage1": "Round 4", "stage2": "Round 3", "name": "Stanislas Wawrinka", "children": [{"ace1": 9, "ace2": 1, "result": "6-3 6-3 6-7(4) 6-4", "error1": 46.0, "error2": 37.0, "stage1": "Round 3", "stage2": "Round 2", "name": "Stanislas Wawrinka", "children": [{"ace1": 4, "ace2": 0, "result": "6-4 4-1 ret.", "error1": 11.0, "error2": 15.0, "stage1": "Round 2", "stage2": "Round 1", "name": "Stanislas Wawrinka", "children": [{"name": "Stanislas Wawrinka", "stage1": "Round 1", "size": 5940}, {"name": "Andrey Golubev", "stage1": "Round 1", "size": 4380}]}, {"ace1": 4, "ace2": 2, "result": "6-7(2) 6-2 6-2 6-3", "error1": 2.0, "error2": 3.0, "stage1": "Round 2", "stage2": "Round 1", "name": "Alejandro Falla", "children": [{"name": "Alejandro Falla", "stage1": "Round 1", "size": 4600}, {"name": "Mikhail Kukushkin", "stage1": "Round 1", "size": 1240}]}]},{"ace1": 0, "ace2": 0, "result": "Missing", "error1": 0.0, "error2": 0.0, "stage1": "Round 3", "stage2": "Round 2", "name": "Missing", "children": [{"ace1": 0, "ace2": 0, "result": "Missing", "error1": 0.0, "error2": 0.0, "stage1": "Round 2", "stage2": "Round 1", "name": "Missing", "children": [{"name": "Missing", "stage1": "Round 1", "size": 4460}, {"name": "Missing", "stage1": "Round 1", "size": 4180}]}, {"ace1": 0, "ace2": 0, "result": "Missing", "error1": 0.0, "error2": 0.0, "stage1": "Round 2", "stage2": "Round 1", "name": "Missing", "children": [{"name": "Missing", "stage1": "Round 1", "size": 5360}, {"name": "Missing", "stage1": "Round 1", "size": 2880}]}]}]}, {"ace1": 16, "ace2": 4, "result": "2-6 7-5 6-4 7-6(6)", "error1": 38.0, "error2": 34.0, "stage1": "Round 4", "stage2": "Round 3", "name": "Tommy Robredo", "children": [{"ace1": 17, "ace2": 14, "result": "6-3 6-7(4) 6-1 7-6(6)", "error1": 25.0, "error2": 65.0, "stage1": "Round 3", "stage2": "Round 2", "name": "Tommy Robredo", "children": [{"ace1": 13, "ace2": 11, "result": "6-1 6-7(7) 3-6 7-6(5) 8-6", "error1": 38.0, "error2": 96.0, "stage1": "Round 2", "stage2": "Round 1", "name": "Tommy Robredo", "children": [{"name": "Tommy Robredo", "stage1": "Round 1", "size": 5560}, {"name": "Lukas Rosol", "stage1": "Round 1", "size": 4340}]}, {"ace1": 16, "ace2": 7, "result": "6-3 3-6 4-6 6-1 6-2", "error1": 46.0, "error2": 58.0, "stage1": "Round 2", "stage2": "Round 1", "name": "Julien Benneteau", "children": [{"name": "Julien Benneteau", "stage1": "Round 1", "size": 1680}, {"name": "Pablo Carreno-Busta", "stage1": "Round 1", "size": 3000}]}]}, {"ace1": 9, "ace2": 6, "result": "7-6(3) 6-4 6-4", "error1": 37.0, "error2": 43.0, "stage1": "Round 3", "stage2": "Round 2", "name": "Richard Gasquet", "children": [{"ace1": 12, "ace2": 3, "result": "7-5 6-4 6-1", "error1": 20.0, "error2": 39.0, "stage1": "Round 2", "stage2": "Round 1", "name": "Richard Gasquet", "children": [{"name": "Richard Gasquet", "stage1": "Round 1", "size": 5680}, {"name": "David Guez", "stage1": "Round 1", "size": 4980}]}, {"ace1": 6, "ace2": 8, "result": "3-6 6-3 3-6 6-3 6-4", "error1": 4.0, "error2": 12.0, "stage1": "Round 2", "stage2": "Round 1", "name": "Nikolay Davydenko", "children": [{"name": "Nikolay Davydenko", "stage1": "Round 1", "size": 4840}, {"name": "Lukasz Kubot", "stage1": "Round 1", "size": 4780}]}]}]}]}, {"ace1": 7, "ace2": 3, "result": "6-3 6-0 6-2", "error1": 21.0, "error2": 44.0, "stage1": "Quarter Finals", "stage2": "Round 4", "name": "Novak Djokovic", "children": [{"ace1": 6, "ace2": 5, "result": "6-3 6-3 7-5", "error1": 23.0, "error2": 26.0, "stage1": "Round 4", "stage2": "Round 3", "name": "Novak Djokovic", "children": [{"ace1": 12, "ace2": 3, "result": "6-0 6-4 6-4", "error1": 11.0, "error2": 13.0, "stage1": "Round 3", "stage2": "Round 2", "name": "Novak Djokovic", "children": [{"ace1": 10, "ace2": 5, "result": "6-3 7-6(2) 6-1", "error1": 30.0, "error2": 29.0, "stage1": "Round 2", "stage2": "Round 1", "name": "Novak Djokovic", "children": [{"name": "Novak Djokovic", "stage1": "Round 1", "size": 5900}, {"name": "Lukas Lacko", "stage1": "Round 1", "size": 4140}]}, {"ace1": 13, "ace2": 1, "result": "6-1 6-3 6-1", "error1": 1.0, "error2": 4.0, "stage1": "Round 2", "stage2": "Round 1", "name": "Leonardo Mayer", "children": [{"name": "Leonardo Mayer", "stage1": "Round 1", "size": 6000}, {"name": "Albert Montanes", "stage1": "Round 1", "size": 4260}]}]}, {"ace1": 14, "ace2": 5, "result": "7-6(3) 4-6 6-1 6-4", "error1": 34.0, "error2": 44.0, "stage1": "Round 3", "stage2": "Round 2", "name": "Denis Istomin", "children": [{"ace1": 9, "ace2": 8, "result": "6-4 7-5 6-4", "error1": 41.0, "error2": 50.0, "stage1": "Round 2", "stage2": "Round 1", "name": "Denis Istomin", "children": [{"name": "Denis Istomin", "stage1": "Round 1", "size": 4400}, {"name": "Marcos Baghdatis", "stage1": "Round 1", "size": 5400}]}, {"ace1": 8, "ace2": 1, "result": "6-2 6-2 6-3", "error1": 6.0, "error2": 8.0, "stage1": "Round 2", "stage2": "Round 1", "name": "Dmitry Tursunov", "children": [{"name": "Dmitry Tursunov", "stage1": "Round 1", "size": 3620}, {"name": "Michael Russell", "stage1": "Round 1", "size": 4560}]}]}]}, {"ace1": 9, "ace2": 10, "result": "7-5 6-4 6-4", "error1": 26.0, "error2": 41.0, "stage1": "Round 4", "stage2": "Round 3", "name": "Fabio Fognini", "children": [{"ace1": 9, "ace2": 3, "result": "7-5 6-4 3-6 6-2", "error1": 60.0, "error2": 37.0, "stage1": "Round 3", "stage2": "Round 2", "name": "Fabio Fognini", "children": [{"ace1": 3, "ace2": 0, "result": "6-3 6-2 ret.", "error1": 31.0, "error2": 46.0, "stage1": "Round 2", "stage2": "Round 1", "name": "Fabio Fognini", "children": [{"name": "Fabio Fognini", "stage1": "Round 1", "size": 6000}, {"name": "Alex Jr. Bogomolov", "stage1": "Round 1", "size": 4160}]}, {"ace1": 2, "ace2": 5, "result": "3-6 7-6(3) 6-7(3) 6-3 6-3", "error1": 72.0, "error2": 50.0, "stage1": "Round 2", "stage2": "Round 1", "name": "Jarkko Nieminen", "children": [{"name": "Jarkko Nieminen", "stage1": "Round 1", "size": 3260}, {"name": "Dudi Sela", "stage1": "Round 1", "size": 5100}]}]}, {"ace1": 19, "ace2": 7, "result": "6-2 6-3 6-4", "error1": 21.0, "error2": 41.0, "stage1": "Round 3", "stage2": "Round 2", "name": "Sam Querrey", "children": [{"ace1": 24, "ace2": 9, "result": "6-3 6-2 3-6 7-6(3)", "error1": 45.0, "error2": 41.0, "stage1": "Round 2", "stage2": "Round 1", "name": "Sam Querrey", "children": [{"name": "Sam Querrey", "stage1": "Round 1", "size": 5800}, {"name": "Santiago Giraldo", "stage1": "Round 1", "size": 3020}]}, {"ace1": 17, "ace2": 0, "result": "1-6 6-4 7-6(4) 6-2", "error1": 79.0, "error2": 35.0, "stage1": "Round 2", "stage2": "Round 1", "name": "Ernests Gulbis", "children": [{"name": "Ernests Gulbis", "stage1": "Round 1", "size": 4200}, {"name": "Juan Monaco", "stage1": "Round 1", "size": 3920}]}]}]}]}]}, {"ace1": 10, "ace2": 2, "result": "6-1 6-4 2-6 6-4", "error1": 62.0, "error2": 46.0, "stage1": "Semi Finals", "stage2": "Quarter Finals", "name": "Tomas Berdych", "children": [{"ace1": 4, "ace2": 16, "result": "6-2 6-2 6-3", "error1": 17.0, "error2": 30.0, "stage1": "Quarter Finals", "stage2": "Round 4", "name": "Tomas Berdych", "children": [{"ace1": 13, "ace2": 5, "result": "6-4 6-2 6-2", "error1": 26.0, "error2": 34.0, "stage1": "Round 4", "stage2": "Round 3", "name": "Tomas Berdych", "children": [{"ace1": 5, "ace2": 8, "result": "6-4 6-1 6-3", "error1": 13.0, "error2": 32.0, "stage1": "Round 3", "stage2": "Round 2", "name": "Tomas Berdych", "children": [{"ace1": 9, "ace2": 8, "result": "6-3 6-4 6-3", "error1": 17.0, "error2": 37.0, "stage1": "Round 2", "stage2": "Round 1", "name": "Tomas Berdych", "children": [{"name": "Tomas Berdych", "stage1": "Round 1", "size": 6920}, {"name": "Aleksandr Nedovesov", "stage1": "Round 1", "size": 2570}]}, {"ace1": 19, "ace2": 3, "result": "7-5 7-5 7-6(2)", "error1": 66.0, "error2": 36.0, "stage1": "Round 2", "stage2": "Round 1", "name": "Kenny de Schepper", "children": [{"name": "Kenny de Schepper", "stage1": "Round 1", "size": 4160}, {"name": "Di Wu", "stage1": "Round 1", "size": 2490}]}]}, {"ace1": 7, "ace2": 13, "result": "4-6 4-6 6-3 4-1 ret.", "error1": 27.0, "error2": 43.0, "stage1": "Round 3", "stage2": "Round 2", "name": "Damir Dzumhur", "children": [{"ace1": 4, "ace2": 2, "result": "6-4 6-2 6-1", "error1": 3.0, "error2": 6.0, "stage1": "Round 2", "stage2": "Round 1", "name": "Damir Dzumhur", "children": [{"name": "Damir Dzumhur", "stage1": "Round 1", "size": 4250}, {"name": "Jan Hajek", "stage1": "Round 1", "size": 2460}]}, {"ace1": 8, "ace2": 25, "result": "7-6(8) 6-3 7-6(4)", "error1": 7.0, "error2": 27.0, "stage1": "Round 2", "stage2": "Round 1", "name": "Ivan Dodig", "children": [{"name": "Ivan Dodig", "stage1": "Round 1", "size": 4180}, {"name": "Ivo Karlovic", "stage1": "Round 1", "size": 3230}]}]}]}, {"ace1": 27, "ace2": 8, "result": "3-6 4-6 6-3 7-6(5) 7-5", "error1": 69.0, "error2": 34.0, "stage1": "Round 4", "stage2": "Round 3", "name": "Kevin Anderson", "children": [{"ace1": 15, "ace2": 10, "result": "6-4 6-3 6-4", "error1": 22.0, "error2": 21.0, "stage1": "Round 3", "stage2": "Round 2", "name": "Kevin Anderson", "children": [{"ace1": 21, "ace2": 16, "result": "2-6 6-7(4) 6-4 6-4 6-4", "error1": 9.0, "error2": 10.0, "stage1": "Round 2", "stage2": "Round 1", "name": "Kevin Anderson", "children": [{"name": "Kevin Anderson", "stage1": "Round 1", "size": 7490}, {"name": "Jiri Vesely", "stage1": "Round 1", "size": 4580}]}, {"ace1": 20, "ace2": 8, "result": "5-7 6-4 6-3 7-6(3)", "error1": 3.0, "error2": 0.0, "stage1": "Round 2", "stage2": "Round 1", "name": "Dominic Thiem", "children": [{"name": "Dominic Thiem", "stage1": "Round 1", "size": 4760}, {"name": "Joao Sousa", "stage1": "Round 1", "size": 3150}]}]}, {"ace1": 11, "ace2": 9, "result": "7-6(1) 6-4 4-6 6-1", "error1": 2.0, "error2": 10.0, "stage1": "Round 3", "stage2": "Round 2", "name": "Edouard Roger-Vasselin", "children": [{"ace1": 6, "ace2": 9, "result": "6-4 7-6(5) 6-7(9) 6-2", "error1": 6.0, "error2": 4.0, "stage1": "Round 2", "stage2": "Round 1", "name": "Edouard Roger-Vasselin", "children": [{"name": "Edouard Roger-Vasselin", "stage1": "Round 1", "size": 6250}, {"name": "Carlos Berlocq", "stage1": "Round 1", "size": 4370}]}, {"ace1": 7, "ace2": 4, "result": "7-5 5-2 ret.", "error1": 9.0, "error2": 35.0, "stage1": "Round 2", "stage2": "Round 1", "name": "Guillermo Garcia-Lopez", "children": [{"name": "Guillermo Garcia-Lopez", "stage1": "Round 1", "size": 3020}, {"name": "Tommy Haas", "stage1": "Round 1", "size": 2010}]}]}]}]}, {"ace1": 3, "ace2": 4, "result": "6-7(5) 7-5 6-2 6-1", "error1": 43.0, "error2": 49.0, "stage1": "Quarter Finals", "stage2": "Round 4", "name": "David Ferrer", "children": [{"ace1": 2, "ace2": 8, "result": "6-2 7-6(5) 6-2", "error1": 24.0, "error2": 51.0, "stage1": "Round 4", "stage2": "Round 3", "name": "David Ferrer", "children": [{"ace1": 0, "ace2": 5, "result": "7-6(2) 5-7 6-0 6-3", "error1": 48.0, "error2": 73.0, "stage1": "Round 3", "stage2": "Round 2", "name": "David Ferrer", "children": [{"ace1": 2, "ace2": 2, "result": "6-3 6-4 6-4", "error1": 30.0, "error2": 41.0, "stage1": "Round 2", "stage2": "Round 1", "name": "David Ferrer", "children": [{"name": "David Ferrer", "stage1": "Round 1", "size": 8200}, {"name": "Alejandro Gonzalez", "stage1": "Round 1", "size": 3120}]}, {"ace1": 3, "ace2": 21, "result": "3-6 6-3 6-0 5-7 6-4", "error1": 3.0, "error2": 12.0, "stage1": "Round 2", "stage2": "Round 1", "name": "Adrian Mannarino", "children": [{"name": "Adrian Mannarino", "stage1": "Round 1", "size": 3100}, {"name": "Steve Johnson", "stage1": "Round 1", "size": 2920}]}]}, {"ace1": 22, "ace2": 15, "result": "7-5 7-6(5) 6-7(3) 7-6(5)", "error1": 73.0, "error2": 36.0, "stage1": "Round 3", "stage2": "Round 2", "name": "Jeremy Chardy", "children": [{"ace1": 0, "ace2": 0, "result": "Missing", "error1": 0.0, "error2": 0.0, "stage1": "Round 2", "stage2": "Round 1", "name": "Jeremy Chardy", "children": [{"name": "Jeremy Chardy", "stage1": "Round 1", "size": 5920}, {"name": "Missing", "stage1": "Round 1", "size": 5010}]}, {"ace1": 7, "ace2": 10, "result": "7-5 7-5 6-2", "error1": 31.0, "error2": 38.0, "stage1": "Round 2", "stage2": "Round 1", "name": "Alexandr Dolgopolov", "children": [{"name": "Alexandr Dolgopolov", "stage1": "Round 1", "size": 3120}, {"name": "Richard Berankis", "stage1": "Round 1", "size": 4220}]}]}]}, 
{"ace1": 17, "ace2": 3, "result": "7-5 6-2 6-2", "error1": 7.0, "error2": 44.0, "stage1": "Round 4", "stage2": "Round 3", "name": "Florian Mayer", "children": [{"ace1": 19, "ace2": 14, "result": "6-4 3-6 6-3 3-6 6-3", "error1": 41.0, "error2": 46.0, "stage1": "Round 3", "stage2": "Round 2", "name": "Florian Mayer", "children": [{"ace1": 6, "ace2": 1, "result": "6-4 6-2 6-4", "error1": 23.0, "error2": 45.0, "stage1": "Round 2", "stage2": "Round 1", "name": "Florian Mayer", "children": [{"name": "Florian Mayer", "stage1": "Round 1", "size": 6360}, {"name": "Denis Kudla", "stage1": "Round 1", "size": 5380}]}, {"ace1": 5, "ace2": 2, "result": "6-1 6-4 6-2", "error1": 30.0, "error2": 61.0, "stage1": "Round 2", "stage2": "Round 1", "name": "Mikhail Youzhny", "children": [{"name": "Mikhail Youzhny", "stage1": "Round 1", "size": 4000}, {"name": "Jan-Lennard Struff", "stage1": "Round 1", "size": 3920}]}]}, {"ace1": 15, "ace2": 11, "result": "4-6 7-6(3) 7-6(5) 6-3", "error1": 47.0, "error2": 28.0, "stage1": "Round 3", "stage2": "Round 2", "name": "Jerzy Janowicz", "children": [{"ace1": 18, "ace2": 13, "result": "1-6 4-6 6-4 6-2 6-1", "error1": 64.0, "error2": 36.0, "stage1": "Round 2", "stage2": "Round 1", "name": "Jerzy Janowicz", "children": [{"name": "Jerzy Janowicz", "stage1": "Round 1", "size": 5260}, {"name": "Jordan Thompson", "stage1": "Round 1", "size": 3349}]}, {"ace1": 2, "ace2": 2, "result": "6-4 6-2 6-4", "error1": 1.0, "error2": 3.0, "stage1": "Round 2", "stage2": "Round 1", "name": "Pablo Andujar", "children": [{"name": "Pablo Andujar", "stage1": "Round 1", "size": 5270}, {"name": "Albert Ramos", "stage1": "Round 1", "size": 4124}]}]}]}
]}]}]}, 
{"ace1": 3, "ace2": 8, "result": "7-6(4) 6-3 6-3", "error1": 25.0, "error2": 50.0, "stage1": "Finals", "stage2": "Semi Finals", "name": "Rafael Nadal", "children": [{"ace1": 3, "ace2": 16, "result": "3-6 7-6(3) 7-6(7) 6-2", "error1": 47.0, "error2": 61.0, "stage1": "Semi Finals", "stage2": "Quarter Finals", "name": "Rafael Nadal", "children": [{"ace1": 12, "ace2": 2, "result": "7-6(3) 7-5 7-6(3)", "error1": 28.0, "error2": 51.0, "stage1": "Quarter Finals", "stage2": "Round 4", "name": "Rafael Nadal", "children": [{"ace1": 2, "ace2": 10, "result": "6-1 6-2 6-3", "error1": 18.0, "error2": 57.0, "stage1": "Round 4", "stage2": "Round 3", "name": "Rafael Nadal", "children": [{"ace1": 7, "ace2": 4, "result": "6-2 6-4 6-2", "error1": 19.0, "error2": 24.0, "stage1": "Round 3", "stage2": "Round 2", "name": "Rafael Nadal", "children": [{"ace1": 5, "ace2": 3, "result": "6-4 ret.", "error1": 5.0, "error2": 7.0, "stage1": "Round 2", "stage2": "Round 1", "name": "Rafael Nadal", "children": [{"name": "Rafael Nadal", "stage1": "Round 1", "size": 7100}, {"name": "Bernard Tomic", "stage1": "Round 1", "size": 3620}]}, {"ace1": 8, "ace2": 20, "result": "7-6(4) 0-6 7-6(3) 6-2", "error1": 45.0, "error2": 47.0, "stage1": "Round 2", "stage2": "Round 1", "name": "Thanasi Kokkinakis", "children": [{"name": "Thanasi Kokkinakis", "stage1": "Round 1", "size": 2560}, {"name": "Igor Sijsling", "stage1": "Round 1", "size": 4060}]}]}, {"ace1": 13, "ace2": 5, "result": "7-6(2) 7-5 6-2", "error1": 30.0, "error2": 37.0, "stage1": "Round 3", "stage2": "Round 2", "name": "Gael Monfils", "children": [{"ace1": 9, "ace2": 2, "result": "6-4 6-4 6-4", "error1": 27.0, "error2": 23.0, "stage1": "Round 2", "stage2": "Round 1", "name": "Gael Monfils", "children": [{"name": "Gael Monfils", "stage1": "Round 1", "size": 4460}, {"name": "Ryan Harrison", "stage1": "Round 1", "size": 6000}]}, {"ace1": 16, "ace2": 6, "result": "7-6(5) 5-7 6-2 6-4", "error1": 12.0, "error2": 8.0, "stage1": "Round 2", "stage2": "Round 1", "name": "Jack Sock", "children": [{"name": "Jack Sock", "stage1": "Round 1", "size": 4320}, {"name": "Tobias Kamke", "stage1": "Round 1", "size": 1460}]}]}]}, {"ace1": 3, "ace2": 1, "result": "7-5 6-1 6-0", "error1": 27.0, "error2": 30.0, "stage1": "Round 4", "stage2": "Round 3", "name": "Kei Nishikori", "children": [{"ace1": 5, "ace2": 7, "result": "6-1 6-1 7-6(3)", "error1": 27.0, "error2": 49.0, "stage1": "Round 3", "stage2": "Round 2", "name": "Kei Nishikori", "children": [{"ace1": 6, "ace2": 14, "result": "6-3 5-7 6-2 4-6 6-2", "error1": 50.0, "error2": 63.0, "stage1": "Round 2", "stage2": "Round 1", "name": "Kei Nishikori", "children": [{"name": "Kei Nishikori", "stage1": "Round 1", "size": 6940}, {"name": "Marinko Matosevic", "stage1": "Round 1", "size": 1620}]}, {"ace1": 7, "ace2": 2, "result": "6-4 7-6(9) 4-6 6-3", "error1": 57.0, "error2": 88.0, "stage1": "Round 2", "stage2": "Round 1", "name": "Dusan Lajovic", "children": [{"name": "Dusan Lajovic", "stage1": "Round 1", "size": 5260}, {"name": "Lucas Pouille", "stage1": "Round 1", "size": 3520}]}]}, {"ace1": 6, "ace2": 12, "result": "6-4 2-6 6-3 4-6 7-5", "error1": 78.0, "error2": 65.0, "stage1": "Round 3", "stage2": "Round 2", "name": "Donald Young", "children": [{"ace1": 0, "ace2": 11, "result": "6-7(4) 7-6(2) 6-2 1-0 ret.", "error1": 33.0, "error2": 56.0, "stage1": "Round 2", "stage2": "Round 1", "name": "Donald Young", "children": [{"name": "Donald Young", "stage1": "Round 1", "size": 5380}, {"name": "Robin Haase", "stage1": "Round 1", "size": 4660}]}, {"ace1": 17, "ace2": 23, "result": "7-6(4) 6-3 5-7 5-7 7-5", "error1": 59.0, "error2": 61.0, "stage1": "Round 2", "stage2": "Round 1", "name": "Andreas Seppi", "children": [{"name": "Andreas Seppi", "stage1": "Round 1", "size": 4100}, {"name": "Lleyton Hewitt", "stage1": "Round 1", "size": 3300}]}]}]}]}, {"ace1": 11, "ace2": 5, "result": "6-3 3-6 6-2 6-4", "error1": 34.0, "error2": 45.0, "stage1": "Quarter Finals", "stage2": "Round 4", "name": "Grigor Dimitrov", "children": [{"ace1": 15, "ace2": 21, "result": "6-3 3-6 6-4 7-6(10)", "error1": 13.0, "error2": 39.0, "stage1": "Round 4", "stage2": "Round 3", "name": "Grigor Dimitrov", "children": [{"ace1": 15, "ace2": 2, "result": "6-3 6-3 7-6(11)", "error1": 35.0, "error2": 46.0, "stage1": "Round 3", "stage2": "Round 2", "name": "Grigor Dimitrov", "children": [{"ace1": 14, "ace2": 10, "result": "6-7(7) 6-4 6-4 6-3", "error1": 4.0, "error2": 9.0, "stage1": "Round 2", "stage2": "Round 1", "name": "Grigor Dimitrov", "children": [{"name": "Grigor Dimitrov", "stage1": "Round 1", "size": 6120}, {"name": "Bradley Klahn", "stage1": "Round 1", "size": 2960}]}, {"ace1": 9, "ace2": 1, "result": "6-3 6-2 6-1", "error1": 5.0, "error2": 3.0, "stage1": "Round 2", "stage2": "Round 1", "name": "Yen-Hsun Lu", "children": [{"name": "Yen-Hsun Lu", "stage1": "Round 1", "size": 5120}, {"name": "Jimmy Wang", "stage1": "Round 1", "size": 2990}]}]}, {"ace1": 27, "ace2": 6, "result": "7-6(9) 6-4 6-4", "error1": 36.0, "error2": 23.0, "stage1": "Round 3", "stage2": "Round 2", "name": "Milos Raonic", "children": [{"ace1": 21, "ace2": 5, "result": "7-6(2) 6-1 4-6 6-2", "error1": 29.0, "error2": 33.0, "stage1": "Round 2", "stage2": "Round 1", "name": "Milos Raonic", "children": [{"name": "Milos Raonic", "stage1": "Round 1", "size": 5190}, {"name": "Daniel Gimeno-Traver", "stage1": "Round 1", "size": 1950}]}, {"ace1": 9, "ace2": 8, "result": "7-6(5) 7-6(5) 6-3", "error1": 34.0, "error2": 59.0, "stage1": "Round 2", "stage2": "Round 1", "name": "Victor Hanescu", "children": [{"name": "Victor Hanescu", "stage1": "Round 1", "size": 4680}, {"name": "Peter Gojowczyk", "stage1": "Round 1", "size": 460}]}]}]}, {"ace1": 4, "ace2": 13, "result": "6-2 6-1 6-4", "error1": 23.0, "error2": 59.0, "stage1": "Round 4", "stage2": "Round 3", "name": "Roberto Bautista-Agut", "children": [{"ace1": 12, "ace2": 28, "result": "4-6 6-3 5-7 6-4 7-5", "error1": 59.0, "error2": 41.0, "stage1": "Round 3", "stage2": "Round 2", "name": "Roberto Bautista-Agut", "children": [{"ace1": 1, "ace2": 8, "result": "6-2 6-1 6-1", "error1": 1.0, "error2": 5.0, "stage1": "Round 2", "stage2": "Round 1", "name": "Roberto Bautista-Agut", "children": [{"name": "Roberto Bautista-Agut", "stage1": "Round 1", "size": 5460}, {"name": "Tim Smyczek", "stage1": "Round 1", "size": 4850}]}, {"ace1": 16, "ace2": 29, "result": "6-7(1) 6-3 6-4 6-4", "error1": 29.0, "error2": 39.0, "stage1": "Round 2", "stage2": "Round 1", "name": "Juan Martin Del Potro", "children": [{"name": "Juan Martin Del Potro", "stage1": "Round 1", "size": 5120}, {"name": "Rhyne Williams", "stage1": "Round 1", "size": 4740}]}]}, {"ace1": 32, "ace2": 24, "result": "6-7(5) 6-7(5) 6-4 6-2 6-2", "error1": 45.0, "error2": 74.0, "stage1": "Round 3", "stage2": "Round 2", "name": "Benoit Paire", "children": [{"ace1": 24, "ace2": 12, "result": "7-6(12) 6-3 6-4", "error1": 25.0, "error2": 14.0, "stage1": "Round 2", "stage2": "Round 1", "name": "Benoit Paire", "children": [{"name": "Benoit Paire", "stage1": "Round 1", "size": 4540}, {"name": "Frank Dancevic", "stage1": "Round 1", "size": 3760}]}, {"ace1": 34, "ace2": 12, "result": "6-3 6-7(5) 6-2 7-6(2)", "error1": 52.0, "error2": 36.0, "stage1": "Round 2", "stage2": "Round 1", "name": "Nick Kyrgios", "children": [{"name": "Nick Kyrgios", "stage1": "Round 1", "size": 4540}, {"name": "Benjamin Becker", "stage1": "Round 1", "size": 3760}]}]}]}]}]}, {"ace1": 10, "ace2": 9, "result": "6-3 6-4 6-7(6) 6-3", "error1": 42.0, "error2": 46.0, "stage1": "Semi Finals", "stage2": "Quarter Finals", "name": "Roger Federer", "children": [{"ace1": 7, "ace2": 8, "result": "6-3 7-5 6-4", "error1": 21.0, "error2": 28.0, "stage1": "Quarter Finals", "stage2": "Round 4", "name": "Roger Federer", "children": [{"ace1": 6, "ace2": 3, "result": "6-2 6-2 6-3", "error1": 18.0, "error2": 33.0, "stage1": "Round 4", "stage2": "Round 3", "name": "Roger Federer", "children": [{"ace1": 11, "ace2": 6, "result": "6-2 6-1 7-6(4)", "error1": 35.0, "error2": 21.0, "stage1": "Round 3", "stage2": "Round 2", "name": "Roger Federer", "children": [{"ace1": 11, "ace2": 13, "result": "6-4 6-4 6-2", "error1": 17.0, "error2": 38.0, "stage1": "Round 2", "stage2": "Round 1", "name": "Roger Federer", "children": [{"name": "Roger Federer", "stage1": "Round 1", "size": 7160}, {"name": "James Duckworth", "stage1": "Round 1", "size": 2680}]}, {"ace1": 10, "ace2": 5, "result": "6-7(3) 4-6 6-1 2-0 ret.", "error1": 27.0, "error2": 54.0, "stage1": "Round 2", "stage2": "Round 1", "name": "Blaz Kavcic", "children": [{"name": "Blaz Kavcic", "stage1": "Round 1", "size": 4240}, {"name": "Radek Stepanek", "stage1": "Round 1", "size": 4960}]}]}, {"ace1": 2, "ace2": 12, "result": "7-6(1) 3-6 2-6 6-4 6-4", "error1": 51.0, "error2": 17.0, "stage1": "Round 3", "stage2": "Round 2", "name": "Teimuraz Gabashvili", "children": [{"ace1": 5, "ace2": 14, "result": "6-7(3) 6-4 6-2 6-0", "error1": 4.0, "error2": 8.0, "stage1": "Round 2", "stage2": "Round 1", "name": "Teimuraz Gabashvili", "children": [{"name": "Teimuraz Gabashvili", "stage1": "Round 1", "size": 5110}, {"name": "Sergiy Stakhovsky", "stage1": "Round 1", "size": 2740}]}, {"ace1": 20, "ace2": 7, "result": "5-7 6-3 6-2 6-3", "error1": 40.0, "error2": 48.0, "stage1": "Round 2", "stage2": "Round 1", "name": "Fernando Verdasco", "children": [{"name": "Fernando Verdasco", "stage1": "Round 1", "size": 4560}, {"name": "Ze Zhang", "stage1": "Round 1", "size": 43920}]}]}]}, {"ace1": 17, "ace2": 7, "result": "7-6(5) 6-4 6-2", "error1": 29.0, "error2": 25.0, "stage1": "Round 4", "stage2": "Round 3", "name": "Jo-Wilfried Tsonga", "children": [{"ace1": 14, "ace2": 9, "result": "7-6(6) 6-4 6-4", "error1": 28.0, "error2": 29.0, "stage1": "Round 3", "stage2": "Round 2", "name": "Jo-Wilfried Tsonga", "children": [{"ace1": 15, "ace2": 2, "result": "7-5 6-3 6-3", "error1": 25.0, "error2": 39.0, "stage1": "Round 2", "stage2": "Round 1", "name": "Jo-Wilfried Tsonga", "children": [{"name": "Jo-Wilfried Tsonga", "stage1": "Round 1", "size": 4920}, {"name": "Filippo Volandri", "stage1": "Round 1", "size": 3170}]}, {"ace1": 8, "ace2": 4, "result": "4-6 6-3 7-6(5) ret.", "error1": 37.0, "error2": 36.0, "stage1": "Round 2", "stage2": "Round 1", "name": "Thomaz Bellucci", "children": [{"name": "Thomaz Bellucci", "stage1": "Round 1", "size": 4820}, {"name": "Julian Reister", "stage1": "Round 1", "size": 800}]}]}, {"ace1": 7, "ace2": 15, "result": "4-6 7-6(3) 6-7(5) 6-1 6-2", "error1": 8.0, "error2": 7.0, "stage1": "Round 3", "stage2": "Round 2", "name": "Gilles Simon", "children": [{"ace1": 0, "ace2": 0, "result": "Missing", "error1": 0.0, "error2": 0.0, "stage1": "Round 2", "stage2": "Round 1", "name": "Gilles Simon", "children": [{"name": "Gilles Simon", "stage1": "Round 1", "size": 4640}, {"name": "Missing", "stage1": "Round 1", "size": 5640}]}, {"ace1": 22, "ace2": 13, "result": "4-6 4-6 6-3 6-3 6-2", "error1": 53.0, "error2": 34.0, "stage1": "Round 2", "stage2": "Round 1", "name": "Marin Cilic", "children": [{"name": "Marin Cilic", "stage1": "Round 1", "size": 5180}, {"name": "Marcel Granollers", "stage1": "Round 1", "size": 4480}]}]}]}]}, {"ace1": 8, "ace2": 3, "result": "6-1 6-2 6-7(6) 6-2", "error1": 47.0, "error2": 56.0, "stage1": "Quarter Finals", "stage2": "Round 4", "name": "Andy Murray", "children": [{"ace1": 6, "ace2": 8, "result": "7-6(2) 6-4 6-2", "error1": 30.0, "error2": 44.0, "stage1": "Round 4", "stage2": "Round 3", "name": "Andy Murray", "children": [{"ace1": 5, "ace2": 2, "result": "6-2 6-2 7-5", "error1": 31.0, "error2": 55.0, "stage1": "Round 3", "stage2": "Round 2", "name": "Andy Murray", "children": [{"ace1": 12, "ace2": 6, "result": "6-1 6-1 6-3", "error1": 13.0, "error2": 33.0, "stage1": "Round 2", "stage2": "Round 1", "name": "Andy Murray", "children": [{"name": "Andy Murray", "stage1": "Round 1", "size": 5480}, {"name": "Go Soeda", "stage1": "Round 1", "size": 4520}]}, {"ace1": 18, "ace2": 11, "result": "7-5 4-6 6-7(4) 6-1 6-3", "error1": 68.0, "error2": 73.0, "stage1": "Round 2", "stage2": "Round 1", "name": "Vincent Millot", "children": [{"name": "Vincent Millot", "stage1": "Round 1", "size": 3120}, {"name": "Wayne Odesnik", "stage1": "Round 1", "size": 4190}]}]}, {"ace1": 8, "ace2": 6, "result": "6-3 7-6(6) 6-4", "error1": 24.0, "error2": 25.0, "stage1": "Round 3", "stage2": "Round 2", "name": "Feliciano Lopez", "children": [{"ace1": 12, "ace2": 6, "result": "6-4 6-4 7-6(2)", "error1": 2.0, "error2": 1.0, "stage1": "Round 2", "stage2": "Round 1", "name": "Feliciano Lopez", "children": [{"name": "Feliciano Lopez", "stage1": "Round 1", "size": 5450}, {"name": "Somdev Devvarman", "stage1": "Round 1", "size": 4950}]}, {"ace1": 9, "ace2": 10, "result": "6-4 7-5 6-1", "error1": 6.0, "error2": 5.0, "stage1": "Round 2", "stage2": "Round 1", "name": "Michael Berrer", "children": [{"name": "Michael Berrer", "stage1": "Round 1", "size": 5760}, {"name": "Michael Llodra", "stage1": "Round 1", "size": 4300}]}]}]}, {"ace1": 7, "ace2": 6, "result": "6-0 7-6(2) 6-4", "error1": 23.0, "error2": 38.0, "stage1": "Round 4", "stage2": "Round 3", "name": "Stephane Robert", "children": [{"ace1": 13, "ace2": 12, "result": "7-6(3) 6-1 6-7(3) 6-1", "error1": 28.0, "error2": 63.0, "stage1": "Round 3", "stage2": "Round 2", "name": "Stephane Robert", "children": [{"ace1": 4, "ace2": 16, "result": "7-6(3) 6-3 6-0", "error1": 22.0, "error2": 52.0, "stage1": "Round 2", "stage2": "Round 1", "name": "Stephane Robert", "children": [{"name": "Stephane Robert", "stage1": "Round 1", "size": 5460}, {"name": "Aljaz Bedene", "stage1": "Round 1", "size": 3340}]}, {"ace1": 15, "ace2": 11, "result": "6-3 7-6(4) 7-5", "error1": 0.0, "error2": 4.0, "stage1": "Round 2", "stage2": "Round 1", "name": "Michal Przysiezny", "children": [{"name": "Michal Przysiezny", "stage1": "Round 1", "size": 4360}, {"name": "Horacio Zeballos", "stage1": "Round 1", "size": 3380}]}]}, {"ace1": 16, "ace2": 12, "result": "6-4 6-3 5-7 7-6(2)", "error1": 5.0, "error2": 8.0, "stage1": "Round 3", "stage2": "Round 2", "name": "Martin Klizan", "children": [{"ace1": 9, "ace2": 10, "result": "6-2 7-6(6) ret.", "error1": 10.0, "error2": 23.0, "stage1": "Round 2", "stage2": "Round 1", "name": "Martin Klizan", "children": [{"name": "Martin Klizan", "stage1": "Round 1", "size": 5880}, {"name": "John Isner", "stage1": "Round 1", "size": 2920}]}, {"ace1": 6, "ace2": 4, "result": "6-4 6-2 7-5", "error1": 8.0, "error2": 1.0, "stage1": "Round 2", "stage2": "Round 1", "name": "Blaz Rola", "children": [{"name": "Blaz Rola", "stage1": "Round 1", "size": 4490}, {"name": "Federico Delbonis", "stage1": "Round 1", "size": 3490}]}]}]}]}]}]}]}