{"ALG": {"matches_played": 1, "wins": 0},
 "ARG": {"matches_played": 168, "wins": 80},
 "ARM": {"matches_played": 4, "wins": 2},
 "AUS": {"matches_played": 138, "wins": 55},
 "AUT": {"matches_played": 40, "wins": 19},
 "BEL": {"matches_played": 53, "wins": 16},
 "BIH": {"matches_played": 12, "wins": 7},
 "BLR": {"matches_played": 7, "wins": 3},
 "BRA": {"matches_played": 27, "wins": 8},
 "BUL": {"matches_played": 10, "wins": 6},
 "CAN": {"matches_played": 28, "wins": 15},
 "CHI": {"matches_played": 34, "wins": 19},
 "CHN": {"matches_played": 3, "wins": 0},
 "COL": {"matches_played": 22, "wins": 10},
 "CRC": {"matches_played": 1, "wins": 0},
 "CRO": {"matches_played": 96, "wins": 54},
 "CYP": {"matches_played": 32, "wins": 22},
 "CZE": {"matches_played": 107, "wins": 54},
 "DEN": {"matches_played": 5, "wins": 0},
 "ECU": {"matches_played": 6, "wins": 2},
 "ESP": {"matches_played": 338, "wins": 186},
 "EST": {"matches_played": 1, "wins": 0},
 "FIN": {"matches_played": 24, "wins": 13},
 "FRA": {"matches_played": 322, "wins": 165},
 "GBR": {"matches_played": 56, "wins": 38},
 "GEO": {"matches_played": 2, "wins": 0},
 "GER": {"matches_played": 175, "wins": 71},
 "GRE": {"matches_played": 1, "wins": 0},
 "IND": {"matches_played": 4, "wins": 1},
 "IRL": {"matches_played": 2, "wins": 1},
 "ISR": {"matches_played": 16, "wins": 5},
 "ITA": {"matches_played": 74, "wins": 19},
 "JPN": {"matches_played": 27, "wins": 16},
 "KAZ": {"matches_played": 23, "wins": 9},
 "KOR": {"matches_played": 6, "wins": 1},
 "LAT": {"matches_played": 8, "wins": 2},
 "LTU": {"matches_played": 7, "wins": 4},
 "LUX": {"matches_played": 11, "wins": 3},
 "MAR": {"matches_played": 6, "wins": 4},
 "MON": {"matches_played": 5, "wins": 2},
 "NED": {"matches_played": 29, "wins": 8},
 "PER": {"matches_played": 8, "wins": 2},
 "PHI": {"matches_played": 1, "wins": 0},
 "POL": {"matches_played": 17, "wins": 8},
 "POR": {"matches_played": 11, "wins": 4},
 "ROU": {"matches_played": 27, "wins": 9},
 "RSA": {"matches_played": 22, "wins": 11},
 "RUS": {"matches_played": 131, "wins": 73},
 "SLO": {"matches_played": 17, "wins": 6},
 "SRB": {"matches_played": 88, "wins": 63},
 "SUI": {"matches_played": 104, "wins": 86},
 "SVK": {"matches_played": 41, "wins": 22},
 "SWE": {"matches_played": 43, "wins": 20},
 "THA": {"matches_played": 13, "wins": 6},
 "TPE": {"matches_played": 21, "wins": 8},
 "TUR": {"matches_played": 3, "wins": 1},
 "UKR": {"matches_played": 27, "wins": 13},
 "URU": {"matches_played": 2, "wins": 0},
 "USA": {"matches_played": 249, "wins": 127},
 "UZB": {"matches_played": 16, "wins": 7}}